run_id,source_csv,output_png,field,cohesion_0,frictional_angle,ks,log10_ks,noise_percent,noise_seed,particle_count,pixels_clipped_low,pixels_clipped_high,status
1,dabashenliu_run_001\particle_positions_150000.csv,noise_0pct\c3000_phi18.00_logk-2.300000.png,equivalent_plastic_strain,3000,18,0.0050118724,-2.29999999447783,0,12026,860,0,23670,generated
1,dabashenliu_run_001\particle_positions_150000.csv,noise_1pct\c3000_phi18.00_logk-2.300000.png,equivalent_plastic_strain,3000,18,0.0050118724,-2.29999999447783,1,12126,860,0,23670,generated
1,dabashenliu_run_001\particle_positions_150000.csv,noise_3pct\c3000_phi18.00_logk-2.300000.png,equivalent_plastic_strain,3000,18,0.0050118724,-2.29999999447783,3,12326,860,0,23670,generated
1,dabashenliu_run_001\particle_positions_150000.csv,noise_5pct\c3000_phi18.00_logk-2.300000.png,equivalent_plastic_strain,3000,18,0.0050118724,-2.29999999447783,5,12526,860,0,23670,generated
2,dabashenliu_run_002\particle_positions_150000.csv,noise_0pct\c3000_phi18.00_logk-2.077778.png,equivalent_plastic_strain,3000,18,0.0083603095,-2.07777764461193,0,22026,860,0,23586,generated
2,dabashenliu_run_002\particle_positions_150000.csv,noise_1pct\c3000_phi18.00_logk-2.077778.png,equivalent_plastic_strain,3000,18,0.0083603095,-2.07777764461193,1,22126,860,0,23586,generated
2,dabashenliu_run_002\particle_positions_150000.csv,noise_3pct\c3000_phi18.00_logk-2.077778.png,equivalent_plastic_strain,3000,18,0.0083603095,-2.07777764461193,3,22326,860,0,23586,generated
2,dabashenliu_run_002\particle_positions_150000.csv,noise_5pct\c3000_phi18.00_logk-2.077778.png,equivalent_plastic_strain,3000,18,0.0083603095,-2.07777764461193,5,22526,860,0,23586,generated
3,dabashenliu_run_003\particle_positions_150000.csv,noise_0pct\c3000_phi18.00_logk-1.855556.png,equivalent_plastic_strain,3000,18,0.013945831,-1.85555560201739,0,32026,860,0,23252,generated
3,dabashenliu_run_003\particle_positions_150000.csv,noise_1pct\c3000_phi18.00_logk-1.855556.png,equivalent_plastic_strain,3000,18,0.013945831,-1.85555560201739,1,32126,860,0,23252,generated
3,dabashenliu_run_003\particle_positions_150000.csv,noise_3pct\c3000_phi18.00_logk-1.855556.png,equivalent_plastic_strain,3000,18,0.013945831,-1.85555560201739,3,32326,860,0,23252,generated
3,dabashenliu_run_003\particle_positions_150000.csv,noise_5pct\c3000_phi18.00_logk-1.855556.png,equivalent_plastic_strain,3000,18,0.013945831,-1.85555560201739,5,32526,860,0,23252,generated
4,dabashenliu_run_004\particle_positions_150000.csv,noise_0pct\c3000_phi18.00_logk-1.633333.png,equivalent_plastic_strain,3000,18,0.023263052,-1.63333330853244,0,42026,860,0,23370,generated
4,dabashenliu_run_004\particle_positions_150000.csv,noise_1pct\c3000_phi18.00_logk-1.633333.png,equivalent_plastic_strain,3000,18,0.023263052,-1.63333330853244,1,42126,860,0,23370,generated
4,dabashenliu_run_004\particle_positions_150000.csv,noise_3pct\c3000_phi18.00_logk-1.633333.png,equivalent_plastic_strain,3000,18,0.023263052,-1.63333330853244,3,42326,860,0,23370,generated
4,dabashenliu_run_004\particle_positions_150000.csv,noise_5pct\c3000_phi18.00_logk-1.633333.png,equivalent_plastic_strain,3000,18,0.023263052,-1.63333330853244,5,42526,860,0,23370,generated
5,dabashenliu_run_005\particle_positions_150000.csv,noise_0pct\c3000_phi18.00_logk-1.411111.png,equivalent_plastic_strain,3000,18,0.038805105,-1.41111113709934,0,52026,860,0,24492,generated
5,dabashenliu_run_005\particle_positions_150000.csv,noise_1pct\c3000_phi18.00_logk-1.411111.png,equivalent_plastic_strain,3000,18,0.038805105,-1.41111113709934,1,52126,860,0,24492,generated
5,dabashenliu_run_005\particle_positions_150000.csv,noise_3pct\c3000_phi18.00_logk-1.411111.png,equivalent_plastic_strain,3000,18,0.038805105,-1.41111113709934,3,52326,860,0,24492,generated
5,dabashenliu_run_005\particle_positions_150000.csv,noise_5pct\c3000_phi18.00_logk-1.411111.png,equivalent_plastic_strain,3000,18,0.038805105,-1.41111113709934,5,52526,860,0,24492,generated
6,dabashenliu_run_006\particle_positions_150000.csv,noise_0pct\c3000_phi18.00_logk-1.188889.png,equivalent_plastic_strain,3000,18,0.06473083,-1.18888882427963,0,62026,860,0,26065,generated
6,dabashenliu_run_006\particle_positions_150000.csv,noise_1pct\c3000_phi18.00_logk-1.188889.png,equivalent_plastic_strain,3000,18,0.06473083,-1.18888882427963,1,62126,860,0,26065,generated
6,dabashenliu_run_006\particle_positions_150000.csv,noise_3pct\c3000_phi18.00_logk-1.188889.png,equivalent_plastic_strain,3000,18,0.06473083,-1.18888882427963,3,62326,860,0,26065,generated
6,dabashenliu_run_006\particle_positions_150000.csv,noise_5pct\c3000_phi18.00_logk-1.188889.png,equivalent_plastic_strain,3000,18,0.06473083,-1.18888882427963,5,62526,860,0,26065,generated
7,dabashenliu_run_007\particle_positions_150000.csv,noise_0pct\c3000_phi18.00_logk-0.966667.png,equivalent_plastic_strain,3000,18,0.10797753,-0.966666611293739,0,72026,860,0,36244,generated
7,dabashenliu_run_007\particle_positions_150000.csv,noise_1pct\c3000_phi18.00_logk-0.966667.png,equivalent_plastic_strain,3000,18,0.10797753,-0.966666611293739,1,72126,860,0,36244,generated
7,dabashenliu_run_007\particle_positions_150000.csv,noise_3pct\c3000_phi18.00_logk-0.966667.png,equivalent_plastic_strain,3000,18,0.10797753,-0.966666611293739,3,72326,860,0,36244,generated
7,dabashenliu_run_007\particle_positions_150000.csv,noise_5pct\c3000_phi18.00_logk-0.966667.png,equivalent_plastic_strain,3000,18,0.10797753,-0.966666611293739,5,72526,860,0,36244,generated
8,dabashenliu_run_008\particle_positions_150000.csv,noise_0pct\c3000_phi18.00_logk-0.744444.png,equivalent_plastic_strain,3000,18,0.18011737,-0.744444403052799,0,82026,860,0,53842,generated
8,dabashenliu_run_008\particle_positions_150000.csv,noise_1pct\c3000_phi18.00_logk-0.744444.png,equivalent_plastic_strain,3000,18,0.18011737,-0.744444403052799,1,82126,860,0,53842,generated
8,dabashenliu_run_008\particle_positions_150000.csv,noise_3pct\c3000_phi18.00_logk-0.744444.png,equivalent_plastic_strain,3000,18,0.18011737,-0.744444403052799,3,82326,860,0,53842,generated
8,dabashenliu_run_008\particle_positions_150000.csv,noise_5pct\c3000_phi18.00_logk-0.744444.png,equivalent_plastic_strain,3000,18,0.18011737,-0.744444403052799,5,82526,860,0,53842,generated
9,dabashenliu_run_009\particle_positions_150000.csv,noise_0pct\c3000_phi18.00_logk-0.522222.png,equivalent_plastic_strain,3000,18,0.30045387,-0.522222197678965,0,92026,860,0,73081,generated
9,dabashenliu_run_009\particle_positions_150000.csv,noise_1pct\c3000_phi18.00_logk-0.522222.png,equivalent_plastic_strain,3000,18,0.30045387,-0.522222197678965,1,92126,860,0,73081,generated
9,dabashenliu_run_009\particle_positions_150000.csv,noise_3pct\c3000_phi18.00_logk-0.522222.png,equivalent_plastic_strain,3000,18,0.30045387,-0.522222197678965,3,92326,860,0,73081,generated
9,dabashenliu_run_009\particle_positions_150000.csv,noise_5pct\c3000_phi18.00_logk-0.522222.png,equivalent_plastic_strain,3000,18,0.30045387,-0.522222197678965,5,92526,860,0,73081,generated
10,dabashenliu_run_010\particle_positions_150000.csv,noise_0pct\c3000_phi18.00_logk-0.300000.png,equivalent_plastic_strain,3000,18,0.50118726,-0.299999977147204,0,102026,860,0,84679,generated
10,dabashenliu_run_010\particle_positions_150000.csv,noise_1pct\c3000_phi18.00_logk-0.300000.png,equivalent_plastic_strain,3000,18,0.50118726,-0.299999977147204,1,102126,860,0,84679,generated
10,dabashenliu_run_010\particle_positions_150000.csv,noise_3pct\c3000_phi18.00_logk-0.300000.png,equivalent_plastic_strain,3000,18,0.50118726,-0.299999977147204,3,102326,860,0,84679,generated
10,dabashenliu_run_010\particle_positions_150000.csv,noise_5pct\c3000_phi18.00_logk-0.300000.png,equivalent_plastic_strain,3000,18,0.50118726,-0.299999977147204,5,102526,860,0,84679,generated
11,dabashenliu_run_011\particle_positions_150000.csv,noise_0pct\c3000_phi19.00_logk-2.300000.png,equivalent_plastic_strain,3000,19,0.0050118724,-2.29999999447783,0,112026,860,0,5670,generated
11,dabashenliu_run_011\particle_positions_150000.csv,noise_1pct\c3000_phi19.00_logk-2.300000.png,equivalent_plastic_strain,3000,19,0.0050118724,-2.29999999447783,1,112126,860,0,5670,generated
11,dabashenliu_run_011\particle_positions_150000.csv,noise_3pct\c3000_phi19.00_logk-2.300000.png,equivalent_plastic_strain,3000,19,0.0050118724,-2.29999999447783,3,112326,860,0,5670,generated
11,dabashenliu_run_011\particle_positions_150000.csv,noise_5pct\c3000_phi19.00_logk-2.300000.png,equivalent_plastic_strain,3000,19,0.0050118724,-2.29999999447783,5,112526,860,0,5670,generated
12,dabashenliu_run_012\particle_positions_150000.csv,noise_0pct\c3000_phi19.00_logk-2.077778.png,equivalent_plastic_strain,3000,19,0.0083603095,-2.07777764461193,0,122026,860,0,5661,generated
12,dabashenliu_run_012\particle_positions_150000.csv,noise_1pct\c3000_phi19.00_logk-2.077778.png,equivalent_plastic_strain,3000,19,0.0083603095,-2.07777764461193,1,122126,860,0,5661,generated
12,dabashenliu_run_012\particle_positions_150000.csv,noise_3pct\c3000_phi19.00_logk-2.077778.png,equivalent_plastic_strain,3000,19,0.0083603095,-2.07777764461193,3,122326,860,0,5661,generated
12,dabashenliu_run_012\particle_positions_150000.csv,noise_5pct\c3000_phi19.00_logk-2.077778.png,equivalent_plastic_strain,3000,19,0.0083603095,-2.07777764461193,5,122526,860,0,5661,generated
13,dabashenliu_run_013\particle_positions_150000.csv,noise_0pct\c3000_phi19.00_logk-1.855556.png,equivalent_plastic_strain,3000,19,0.013945831,-1.85555560201739,0,132026,860,0,5711,generated
13,dabashenliu_run_013\particle_positions_150000.csv,noise_1pct\c3000_phi19.00_logk-1.855556.png,equivalent_plastic_strain,3000,19,0.013945831,-1.85555560201739,1,132126,860,0,5711,generated
13,dabashenliu_run_013\particle_positions_150000.csv,noise_3pct\c3000_phi19.00_logk-1.855556.png,equivalent_plastic_strain,3000,19,0.013945831,-1.85555560201739,3,132326,860,0,5711,generated
13,dabashenliu_run_013\particle_positions_150000.csv,noise_5pct\c3000_phi19.00_logk-1.855556.png,equivalent_plastic_strain,3000,19,0.013945831,-1.85555560201739,5,132526,860,0,5711,generated
14,dabashenliu_run_014\particle_positions_150000.csv,noise_0pct\c3000_phi19.00_logk-1.633333.png,equivalent_plastic_strain,3000,19,0.023263052,-1.63333330853244,0,142026,860,0,5654,generated
14,dabashenliu_run_014\particle_positions_150000.csv,noise_1pct\c3000_phi19.00_logk-1.633333.png,equivalent_plastic_strain,3000,19,0.023263052,-1.63333330853244,1,142126,860,0,5654,generated
14,dabashenliu_run_014\particle_positions_150000.csv,noise_3pct\c3000_phi19.00_logk-1.633333.png,equivalent_plastic_strain,3000,19,0.023263052,-1.63333330853244,3,142326,860,0,5654,generated
14,dabashenliu_run_014\particle_positions_150000.csv,noise_5pct\c3000_phi19.00_logk-1.633333.png,equivalent_plastic_strain,3000,19,0.023263052,-1.63333330853244,5,142526,860,0,5654,generated
15,dabashenliu_run_015\particle_positions_150000.csv,noise_0pct\c3000_phi19.00_logk-1.411111.png,equivalent_plastic_strain,3000,19,0.038805105,-1.41111113709934,0,152026,860,0,5709,generated
15,dabashenliu_run_015\particle_positions_150000.csv,noise_1pct\c3000_phi19.00_logk-1.411111.png,equivalent_plastic_strain,3000,19,0.038805105,-1.41111113709934,1,152126,860,0,5709,generated
15,dabashenliu_run_015\particle_positions_150000.csv,noise_3pct\c3000_phi19.00_logk-1.411111.png,equivalent_plastic_strain,3000,19,0.038805105,-1.41111113709934,3,152326,860,0,5709,generated
15,dabashenliu_run_015\particle_positions_150000.csv,noise_5pct\c3000_phi19.00_logk-1.411111.png,equivalent_plastic_strain,3000,19,0.038805105,-1.41111113709934,5,152526,860,0,5709,generated
16,dabashenliu_run_016\particle_positions_150000.csv,noise_0pct\c3000_phi19.00_logk-1.188889.png,equivalent_plastic_strain,3000,19,0.06473083,-1.18888882427963,0,162026,860,0,6432,generated
16,dabashenliu_run_016\particle_positions_150000.csv,noise_1pct\c3000_phi19.00_logk-1.188889.png,equivalent_plastic_strain,3000,19,0.06473083,-1.18888882427963,1,162126,860,0,6432,generated
16,dabashenliu_run_016\particle_positions_150000.csv,noise_3pct\c3000_phi19.00_logk-1.188889.png,equivalent_plastic_strain,3000,19,0.06473083,-1.18888882427963,3,162326,860,0,6432,generated
16,dabashenliu_run_016\particle_positions_150000.csv,noise_5pct\c3000_phi19.00_logk-1.188889.png,equivalent_plastic_strain,3000,19,0.06473083,-1.18888882427963,5,162526,860,0,6432,generated
17,dabashenliu_run_017\particle_positions_150000.csv,noise_0pct\c3000_phi19.00_logk-0.966667.png,equivalent_plastic_strain,3000,19,0.10797753,-0.966666611293739,0,172026,860,0,12585,generated
17,dabashenliu_run_017\particle_positions_150000.csv,noise_1pct\c3000_phi19.00_logk-0.966667.png,equivalent_plastic_strain,3000,19,0.10797753,-0.966666611293739,1,172126,860,0,12585,generated
17,dabashenliu_run_017\particle_positions_150000.csv,noise_3pct\c3000_phi19.00_logk-0.966667.png,equivalent_plastic_strain,3000,19,0.10797753,-0.966666611293739,3,172326,860,0,12585,generated
17,dabashenliu_run_017\particle_positions_150000.csv,noise_5pct\c3000_phi19.00_logk-0.966667.png,equivalent_plastic_strain,3000,19,0.10797753,-0.966666611293739,5,172526,860,0,12585,generated
18,dabashenliu_run_018\particle_positions_150000.csv,noise_0pct\c3000_phi19.00_logk-0.744444.png,equivalent_plastic_strain,3000,19,0.18011737,-0.744444403052799,0,182026,860,0,38259,generated
18,dabashenliu_run_018\particle_positions_150000.csv,noise_1pct\c3000_phi19.00_logk-0.744444.png,equivalent_plastic_strain,3000,19,0.18011737,-0.744444403052799,1,182126,860,0,38259,generated
18,dabashenliu_run_018\particle_positions_150000.csv,noise_3pct\c3000_phi19.00_logk-0.744444.png,equivalent_plastic_strain,3000,19,0.18011737,-0.744444403052799,3,182326,860,0,38259,generated
18,dabashenliu_run_018\particle_positions_150000.csv,noise_5pct\c3000_phi19.00_logk-0.744444.png,equivalent_plastic_strain,3000,19,0.18011737,-0.744444403052799,5,182526,860,0,38259,generated
19,dabashenliu_run_019\particle_positions_150000.csv,noise_0pct\c3000_phi19.00_logk-0.522222.png,equivalent_plastic_strain,3000,19,0.30045387,-0.522222197678965,0,192026,860,0,54520,generated
19,dabashenliu_run_019\particle_positions_150000.csv,noise_1pct\c3000_phi19.00_logk-0.522222.png,equivalent_plastic_strain,3000,19,0.30045387,-0.522222197678965,1,192126,860,0,54520,generated
19,dabashenliu_run_019\particle_positions_150000.csv,noise_3pct\c3000_phi19.00_logk-0.522222.png,equivalent_plastic_strain,3000,19,0.30045387,-0.522222197678965,3,192326,860,0,54520,generated
19,dabashenliu_run_019\particle_positions_150000.csv,noise_5pct\c3000_phi19.00_logk-0.522222.png,equivalent_plastic_strain,3000,19,0.30045387,-0.522222197678965,5,192526,860,0,54520,generated
20,dabashenliu_run_020\particle_positions_150000.csv,noise_0pct\c3000_phi19.00_logk-0.300000.png,equivalent_plastic_strain,3000,19,0.50118726,-0.299999977147204,0,202026,860,0,52333,generated
20,dabashenliu_run_020\particle_positions_150000.csv,noise_1pct\c3000_phi19.00_logk-0.300000.png,equivalent_plastic_strain,3000,19,0.50118726,-0.299999977147204,1,202126,860,0,52333,generated
20,dabashenliu_run_020\particle_positions_150000.csv,noise_3pct\c3000_phi19.00_logk-0.300000.png,equivalent_plastic_strain,3000,19,0.50118726,-0.299999977147204,3,202326,860,0,52333,generated
20,dabashenliu_run_020\particle_positions_150000.csv,noise_5pct\c3000_phi19.00_logk-0.300000.png,equivalent_plastic_strain,3000,19,0.50118726,-0.299999977147204,5,202526,860,0,52333,generated
21,dabashenliu_run_021\particle_positions_150000.csv,noise_0pct\c3000_phi20.00_logk-2.300000.png,equivalent_plastic_strain,3000,20,0.0050118724,-2.29999999447783,0,212026,860,0,3905,generated
21,dabashenliu_run_021\particle_positions_150000.csv,noise_1pct\c3000_phi20.00_logk-2.300000.png,equivalent_plastic_strain,3000,20,0.0050118724,-2.29999999447783,1,212126,860,0,3905,generated
21,dabashenliu_run_021\particle_positions_150000.csv,noise_3pct\c3000_phi20.00_logk-2.300000.png,equivalent_plastic_strain,3000,20,0.0050118724,-2.29999999447783,3,212326,860,0,3905,generated
21,dabashenliu_run_021\particle_positions_150000.csv,noise_5pct\c3000_phi20.00_logk-2.300000.png,equivalent_plastic_strain,3000,20,0.0050118724,-2.29999999447783,5,212526,860,0,3905,generated
22,dabashenliu_run_022\particle_positions_150000.csv,noise_0pct\c3000_phi20.00_logk-2.077778.png,equivalent_plastic_strain,3000,20,0.0083603095,-2.07777764461193,0,222026,860,0,3854,generated
22,dabashenliu_run_022\particle_positions_150000.csv,noise_1pct\c3000_phi20.00_logk-2.077778.png,equivalent_plastic_strain,3000,20,0.0083603095,-2.07777764461193,1,222126,860,0,3854,generated
22,dabashenliu_run_022\particle_positions_150000.csv,noise_3pct\c3000_phi20.00_logk-2.077778.png,equivalent_plastic_strain,3000,20,0.0083603095,-2.07777764461193,3,222326,860,0,3854,generated
22,dabashenliu_run_022\particle_positions_150000.csv,noise_5pct\c3000_phi20.00_logk-2.077778.png,equivalent_plastic_strain,3000,20,0.0083603095,-2.07777764461193,5,222526,860,0,3854,generated
23,dabashenliu_run_023\particle_positions_150000.csv,noise_0pct\c3000_phi20.00_logk-1.855556.png,equivalent_plastic_strain,3000,20,0.013945831,-1.85555560201739,0,232026,860,0,4004,generated
23,dabashenliu_run_023\particle_positions_150000.csv,noise_1pct\c3000_phi20.00_logk-1.855556.png,equivalent_plastic_strain,3000,20,0.013945831,-1.85555560201739,1,232126,860,0,4004,generated
23,dabashenliu_run_023\particle_positions_150000.csv,noise_3pct\c3000_phi20.00_logk-1.855556.png,equivalent_plastic_strain,3000,20,0.013945831,-1.85555560201739,3,232326,860,0,4004,generated
23,dabashenliu_run_023\particle_positions_150000.csv,noise_5pct\c3000_phi20.00_logk-1.855556.png,equivalent_plastic_strain,3000,20,0.013945831,-1.85555560201739,5,232526,860,0,4004,generated
24,dabashenliu_run_024\particle_positions_150000.csv,noise_0pct\c3000_phi20.00_logk-1.633333.png,equivalent_plastic_strain,3000,20,0.023263052,-1.63333330853244,0,242026,860,0,3946,generated
24,dabashenliu_run_024\particle_positions_150000.csv,noise_1pct\c3000_phi20.00_logk-1.633333.png,equivalent_plastic_strain,3000,20,0.023263052,-1.63333330853244,1,242126,860,0,3946,generated
24,dabashenliu_run_024\particle_positions_150000.csv,noise_3pct\c3000_phi20.00_logk-1.633333.png,equivalent_plastic_strain,3000,20,0.023263052,-1.63333330853244,3,242326,860,0,3946,generated
24,dabashenliu_run_024\particle_positions_150000.csv,noise_5pct\c3000_phi20.00_logk-1.633333.png,equivalent_plastic_strain,3000,20,0.023263052,-1.63333330853244,5,242526,860,0,3946,generated
25,dabashenliu_run_025\particle_positions_150000.csv,noise_0pct\c3000_phi20.00_logk-1.411111.png,equivalent_plastic_strain,3000,20,0.038805105,-1.41111113709934,0,252026,860,0,3882,generated
25,dabashenliu_run_025\particle_positions_150000.csv,noise_1pct\c3000_phi20.00_logk-1.411111.png,equivalent_plastic_strain,3000,20,0.038805105,-1.41111113709934,1,252126,860,0,3882,generated
25,dabashenliu_run_025\particle_positions_150000.csv,noise_3pct\c3000_phi20.00_logk-1.411111.png,equivalent_plastic_strain,3000,20,0.038805105,-1.41111113709934,3,252326,860,0,3882,generated
25,dabashenliu_run_025\particle_positions_150000.csv,noise_5pct\c3000_phi20.00_logk-1.411111.png,equivalent_plastic_strain,3000,20,0.038805105,-1.41111113709934,5,252526,860,0,3882,generated
26,dabashenliu_run_026\particle_positions_150000.csv,noise_0pct\c3000_phi20.00_logk-1.188889.png,equivalent_plastic_strain,3000,20,0.06473083,-1.18888882427963,0,262026,860,0,5314,generated
26,dabashenliu_run_026\particle_positions_150000.csv,noise_1pct\c3000_phi20.00_logk-1.188889.png,equivalent_plastic_strain,3000,20,0.06473083,-1.18888882427963,1,262126,860,0,5314,generated
26,dabashenliu_run_026\particle_positions_150000.csv,noise_3pct\c3000_phi20.00_logk-1.188889.png,equivalent_plastic_strain,3000,20,0.06473083,-1.18888882427963,3,262326,860,0,5314,generated
26,dabashenliu_run_026\particle_positions_150000.csv,noise_5pct\c3000_phi20.00_logk-1.188889.png,equivalent_plastic_strain,3000,20,0.06473083,-1.18888882427963,5,262526,860,0,5314,generated
27,dabashenliu_run_027\particle_positions_150000.csv,noise_0pct\c3000_phi20.00_logk-0.966667.png,equivalent_plastic_strain,3000,20,0.10797753,-0.966666611293739,0,272026,860,0,11729,generated
27,dabashenliu_run_027\particle_positions_150000.csv,noise_1pct\c3000_phi20.00_logk-0.966667.png,equivalent_plastic_strain,3000,20,0.10797753,-0.966666611293739,1,272126,860,0,11729,generated
27,dabashenliu_run_027\particle_positions_150000.csv,noise_3pct\c3000_phi20.00_logk-0.966667.png,equivalent_plastic_strain,3000,20,0.10797753,-0.966666611293739,3,272326,860,0,11729,generated
27,dabashenliu_run_027\particle_positions_150000.csv,noise_5pct\c3000_phi20.00_logk-0.966667.png,equivalent_plastic_strain,3000,20,0.10797753,-0.966666611293739,5,272526,860,0,11729,generated
28,dabashenliu_run_028\particle_positions_150000.csv,noise_0pct\c3000_phi20.00_logk-0.744444.png,equivalent_plastic_strain,3000,20,0.18011737,-0.744444403052799,0,282026,860,0,34751,generated
28,dabashenliu_run_028\particle_positions_150000.csv,noise_1pct\c3000_phi20.00_logk-0.744444.png,equivalent_plastic_strain,3000,20,0.18011737,-0.744444403052799,1,282126,860,0,34751,generated
28,dabashenliu_run_028\particle_positions_150000.csv,noise_3pct\c3000_phi20.00_logk-0.744444.png,equivalent_plastic_strain,3000,20,0.18011737,-0.744444403052799,3,282326,860,0,34751,generated
28,dabashenliu_run_028\particle_positions_150000.csv,noise_5pct\c3000_phi20.00_logk-0.744444.png,equivalent_plastic_strain,3000,20,0.18011737,-0.744444403052799,5,282526,860,0,34751,generated
29,dabashenliu_run_029\particle_positions_150000.csv,noise_0pct\c3000_phi20.00_logk-0.522222.png,equivalent_plastic_strain,3000,20,0.30045387,-0.522222197678965,0,292026,860,0,49056,generated
29,dabashenliu_run_029\particle_positions_150000.csv,noise_1pct\c3000_phi20.00_logk-0.522222.png,equivalent_plastic_strain,3000,20,0.30045387,-0.522222197678965,1,292126,860,0,49056,generated
29,dabashenliu_run_029\particle_positions_150000.csv,noise_3pct\c3000_phi20.00_logk-0.522222.png,equivalent_plastic_strain,3000,20,0.30045387,-0.522222197678965,3,292326,860,0,49056,generated
29,dabashenliu_run_029\particle_positions_150000.csv,noise_5pct\c3000_phi20.00_logk-0.522222.png,equivalent_plastic_strain,3000,20,0.30045387,-0.522222197678965,5,292526,860,0,49056,generated
30,dabashenliu_run_030\particle_positions_150000.csv,noise_0pct\c3000_phi20.00_logk-0.300000.png,equivalent_plastic_strain,3000,20,0.50118726,-0.299999977147204,0,302026,860,0,56457,generated
30,dabashenliu_run_030\particle_positions_150000.csv,noise_1pct\c3000_phi20.00_logk-0.300000.png,equivalent_plastic_strain,3000,20,0.50118726,-0.299999977147204,1,302126,860,0,56457,generated
30,dabashenliu_run_030\particle_positions_150000.csv,noise_3pct\c3000_phi20.00_logk-0.300000.png,equivalent_plastic_strain,3000,20,0.50118726,-0.299999977147204,3,302326,860,0,56457,generated
30,dabashenliu_run_030\particle_positions_150000.csv,noise_5pct\c3000_phi20.00_logk-0.300000.png,equivalent_plastic_strain,3000,20,0.50118726,-0.299999977147204,5,302526,860,0,56457,generated
31,dabashenliu_run_031\particle_positions_150000.csv,noise_0pct\c3000_phi21.00_logk-2.300000.png,equivalent_plastic_strain,3000,21,0.0050118724,-2.29999999447783,0,312026,860,0,8374,generated
31,dabashenliu_run_031\particle_positions_150000.csv,noise_1pct\c3000_phi21.00_logk-2.300000.png,equivalent_plastic_strain,3000,21,0.0050118724,-2.29999999447783,1,312126,860,0,8374,generated
31,dabashenliu_run_031\particle_positions_150000.csv,noise_3pct\c3000_phi21.00_logk-2.300000.png,equivalent_plastic_strain,3000,21,0.0050118724,-2.29999999447783,3,312326,860,0,8374,generated
31,dabashenliu_run_031\particle_positions_150000.csv,noise_5pct\c3000_phi21.00_logk-2.300000.png,equivalent_plastic_strain,3000,21,0.0050118724,-2.29999999447783,5,312526,860,0,8374,generated
32,dabashenliu_run_032\particle_positions_150000.csv,noise_0pct\c3000_phi21.00_logk-2.077778.png,equivalent_plastic_strain,3000,21,0.0083603095,-2.07777764461193,0,322026,860,0,8174,generated
32,dabashenliu_run_032\particle_positions_150000.csv,noise_1pct\c3000_phi21.00_logk-2.077778.png,equivalent_plastic_strain,3000,21,0.0083603095,-2.07777764461193,1,322126,860,0,8174,generated
32,dabashenliu_run_032\particle_positions_150000.csv,noise_3pct\c3000_phi21.00_logk-2.077778.png,equivalent_plastic_strain,3000,21,0.0083603095,-2.07777764461193,3,322326,860,0,8174,generated
32,dabashenliu_run_032\particle_positions_150000.csv,noise_5pct\c3000_phi21.00_logk-2.077778.png,equivalent_plastic_strain,3000,21,0.0083603095,-2.07777764461193,5,322526,860,0,8174,generated
33,dabashenliu_run_033\particle_positions_150000.csv,noise_0pct\c3000_phi21.00_logk-1.855556.png,equivalent_plastic_strain,3000,21,0.013945831,-1.85555560201739,0,332026,860,0,8261,generated
33,dabashenliu_run_033\particle_positions_150000.csv,noise_1pct\c3000_phi21.00_logk-1.855556.png,equivalent_plastic_strain,3000,21,0.013945831,-1.85555560201739,1,332126,860,0,8261,generated
33,dabashenliu_run_033\particle_positions_150000.csv,noise_3pct\c3000_phi21.00_logk-1.855556.png,equivalent_plastic_strain,3000,21,0.013945831,-1.85555560201739,3,332326,860,0,8261,generated
33,dabashenliu_run_033\particle_positions_150000.csv,noise_5pct\c3000_phi21.00_logk-1.855556.png,equivalent_plastic_strain,3000,21,0.013945831,-1.85555560201739,5,332526,860,0,8261,generated
34,dabashenliu_run_034\particle_positions_150000.csv,noise_0pct\c3000_phi21.00_logk-1.633333.png,equivalent_plastic_strain,3000,21,0.023263052,-1.63333330853244,0,342026,860,0,8198,generated
34,dabashenliu_run_034\particle_positions_150000.csv,noise_1pct\c3000_phi21.00_logk-1.633333.png,equivalent_plastic_strain,3000,21,0.023263052,-1.63333330853244,1,342126,860,0,8198,generated
34,dabashenliu_run_034\particle_positions_150000.csv,noise_3pct\c3000_phi21.00_logk-1.633333.png,equivalent_plastic_strain,3000,21,0.023263052,-1.63333330853244,3,342326,860,0,8198,generated
34,dabashenliu_run_034\particle_positions_150000.csv,noise_5pct\c3000_phi21.00_logk-1.633333.png,equivalent_plastic_strain,3000,21,0.023263052,-1.63333330853244,5,342526,860,0,8198,generated
35,dabashenliu_run_035\particle_positions_150000.csv,noise_0pct\c3000_phi21.00_logk-1.411111.png,equivalent_plastic_strain,3000,21,0.038805105,-1.41111113709934,0,352026,860,0,8419,generated
35,dabashenliu_run_035\particle_positions_150000.csv,noise_1pct\c3000_phi21.00_logk-1.411111.png,equivalent_plastic_strain,3000,21,0.038805105,-1.41111113709934,1,352126,860,0,8419,generated
35,dabashenliu_run_035\particle_positions_150000.csv,noise_3pct\c3000_phi21.00_logk-1.411111.png,equivalent_plastic_strain,3000,21,0.038805105,-1.41111113709934,3,352326,860,0,8419,generated
35,dabashenliu_run_035\particle_positions_150000.csv,noise_5pct\c3000_phi21.00_logk-1.411111.png,equivalent_plastic_strain,3000,21,0.038805105,-1.41111113709934,5,352526,860,0,8419,generated
36,dabashenliu_run_036\particle_positions_150000.csv,noise_0pct\c3000_phi21.00_logk-1.188889.png,equivalent_plastic_strain,3000,21,0.06473083,-1.18888882427963,0,362026,860,0,10522,generated
36,dabashenliu_run_036\particle_positions_150000.csv,noise_1pct\c3000_phi21.00_logk-1.188889.png,equivalent_plastic_strain,3000,21,0.06473083,-1.18888882427963,1,362126,860,0,10522,generated
36,dabashenliu_run_036\particle_positions_150000.csv,noise_3pct\c3000_phi21.00_logk-1.188889.png,equivalent_plastic_strain,3000,21,0.06473083,-1.18888882427963,3,362326,860,0,10522,generated
36,dabashenliu_run_036\particle_positions_150000.csv,noise_5pct\c3000_phi21.00_logk-1.188889.png,equivalent_plastic_strain,3000,21,0.06473083,-1.18888882427963,5,362526,860,0,10522,generated
37,dabashenliu_run_037\particle_positions_150000.csv,noise_0pct\c3000_phi21.00_logk-0.966667.png,equivalent_plastic_strain,3000,21,0.10797753,-0.966666611293739,0,372026,860,0,16594,generated
37,dabashenliu_run_037\particle_positions_150000.csv,noise_1pct\c3000_phi21.00_logk-0.966667.png,equivalent_plastic_strain,3000,21,0.10797753,-0.966666611293739,1,372126,860,0,16594,generated
37,dabashenliu_run_037\particle_positions_150000.csv,noise_3pct\c3000_phi21.00_logk-0.966667.png,equivalent_plastic_strain,3000,21,0.10797753,-0.966666611293739,3,372326,860,0,16594,generated
37,dabashenliu_run_037\particle_positions_150000.csv,noise_5pct\c3000_phi21.00_logk-0.966667.png,equivalent_plastic_strain,3000,21,0.10797753,-0.966666611293739,5,372526,860,0,16594,generated
38,dabashenliu_run_038\particle_positions_150000.csv,noise_0pct\c3000_phi21.00_logk-0.744444.png,equivalent_plastic_strain,3000,21,0.18011737,-0.744444403052799,0,382026,860,0,36921,generated
38,dabashenliu_run_038\particle_positions_150000.csv,noise_1pct\c3000_phi21.00_logk-0.744444.png,equivalent_plastic_strain,3000,21,0.18011737,-0.744444403052799,1,382126,860,0,36921,generated
38,dabashenliu_run_038\particle_positions_150000.csv,noise_3pct\c3000_phi21.00_logk-0.744444.png,equivalent_plastic_strain,3000,21,0.18011737,-0.744444403052799,3,382326,860,0,36921,generated
38,dabashenliu_run_038\particle_positions_150000.csv,noise_5pct\c3000_phi21.00_logk-0.744444.png,equivalent_plastic_strain,3000,21,0.18011737,-0.744444403052799,5,382526,860,0,36921,generated
39,dabashenliu_run_039\particle_positions_150000.csv,noise_0pct\c3000_phi21.00_logk-0.522222.png,equivalent_plastic_strain,3000,21,0.30045387,-0.522222197678965,0,392026,860,0,54464,generated
39,dabashenliu_run_039\particle_positions_150000.csv,noise_1pct\c3000_phi21.00_logk-0.522222.png,equivalent_plastic_strain,3000,21,0.30045387,-0.522222197678965,1,392126,860,0,54464,generated
39,dabashenliu_run_039\particle_positions_150000.csv,noise_3pct\c3000_phi21.00_logk-0.522222.png,equivalent_plastic_strain,3000,21,0.30045387,-0.522222197678965,3,392326,860,0,54464,generated
39,dabashenliu_run_039\particle_positions_150000.csv,noise_5pct\c3000_phi21.00_logk-0.522222.png,equivalent_plastic_strain,3000,21,0.30045387,-0.522222197678965,5,392526,860,0,54464,generated
40,dabashenliu_run_040\particle_positions_150000.csv,noise_0pct\c3000_phi21.00_logk-0.300000.png,equivalent_plastic_strain,3000,21,0.50118726,-0.299999977147204,0,402026,860,0,61052,generated
40,dabashenliu_run_040\particle_positions_150000.csv,noise_1pct\c3000_phi21.00_logk-0.300000.png,equivalent_plastic_strain,3000,21,0.50118726,-0.299999977147204,1,402126,860,0,61052,generated
40,dabashenliu_run_040\particle_positions_150000.csv,noise_3pct\c3000_phi21.00_logk-0.300000.png,equivalent_plastic_strain,3000,21,0.50118726,-0.299999977147204,3,402326,860,0,61052,generated
40,dabashenliu_run_040\particle_positions_150000.csv,noise_5pct\c3000_phi21.00_logk-0.300000.png,equivalent_plastic_strain,3000,21,0.50118726,-0.299999977147204,5,402526,860,0,61052,generated
41,dabashenliu_run_041\particle_positions_150000.csv,noise_0pct\c3000_phi22.00_logk-2.300000.png,equivalent_plastic_strain,3000,22,0.0050118724,-2.29999999447783,0,412026,860,0,3039,generated
41,dabashenliu_run_041\particle_positions_150000.csv,noise_1pct\c3000_phi22.00_logk-2.300000.png,equivalent_plastic_strain,3000,22,0.0050118724,-2.29999999447783,1,412126,860,0,3039,generated
41,dabashenliu_run_041\particle_positions_150000.csv,noise_3pct\c3000_phi22.00_logk-2.300000.png,equivalent_plastic_strain,3000,22,0.0050118724,-2.29999999447783,3,412326,860,0,3039,generated
41,dabashenliu_run_041\particle_positions_150000.csv,noise_5pct\c3000_phi22.00_logk-2.300000.png,equivalent_plastic_strain,3000,22,0.0050118724,-2.29999999447783,5,412526,860,0,3039,generated
42,dabashenliu_run_042\particle_positions_150000.csv,noise_0pct\c3000_phi22.00_logk-2.077778.png,equivalent_plastic_strain,3000,22,0.0083603095,-2.07777764461193,0,422026,860,0,3081,generated
42,dabashenliu_run_042\particle_positions_150000.csv,noise_1pct\c3000_phi22.00_logk-2.077778.png,equivalent_plastic_strain,3000,22,0.0083603095,-2.07777764461193,1,422126,860,0,3081,generated
42,dabashenliu_run_042\particle_positions_150000.csv,noise_3pct\c3000_phi22.00_logk-2.077778.png,equivalent_plastic_strain,3000,22,0.0083603095,-2.07777764461193,3,422326,860,0,3081,generated
42,dabashenliu_run_042\particle_positions_150000.csv,noise_5pct\c3000_phi22.00_logk-2.077778.png,equivalent_plastic_strain,3000,22,0.0083603095,-2.07777764461193,5,422526,860,0,3081,generated
43,dabashenliu_run_043\particle_positions_150000.csv,noise_0pct\c3000_phi22.00_logk-1.855556.png,equivalent_plastic_strain,3000,22,0.013945831,-1.85555560201739,0,432026,860,0,3117,generated
43,dabashenliu_run_043\particle_positions_150000.csv,noise_1pct\c3000_phi22.00_logk-1.855556.png,equivalent_plastic_strain,3000,22,0.013945831,-1.85555560201739,1,432126,860,0,3117,generated
43,dabashenliu_run_043\particle_positions_150000.csv,noise_3pct\c3000_phi22.00_logk-1.855556.png,equivalent_plastic_strain,3000,22,0.013945831,-1.85555560201739,3,432326,860,0,3117,generated
43,dabashenliu_run_043\particle_positions_150000.csv,noise_5pct\c3000_phi22.00_logk-1.855556.png,equivalent_plastic_strain,3000,22,0.013945831,-1.85555560201739,5,432526,860,0,3117,generated
44,dabashenliu_run_044\particle_positions_150000.csv,noise_0pct\c3000_phi22.00_logk-1.633333.png,equivalent_plastic_strain,3000,22,0.023263052,-1.63333330853244,0,442026,860,0,2758,generated
44,dabashenliu_run_044\particle_positions_150000.csv,noise_1pct\c3000_phi22.00_logk-1.633333.png,equivalent_plastic_strain,3000,22,0.023263052,-1.63333330853244,1,442126,860,0,2758,generated
44,dabashenliu_run_044\particle_positions_150000.csv,noise_3pct\c3000_phi22.00_logk-1.633333.png,equivalent_plastic_strain,3000,22,0.023263052,-1.63333330853244,3,442326,860,0,2758,generated
44,dabashenliu_run_044\particle_positions_150000.csv,noise_5pct\c3000_phi22.00_logk-1.633333.png,equivalent_plastic_strain,3000,22,0.023263052,-1.63333330853244,5,442526,860,0,2758,generated
45,dabashenliu_run_045\particle_positions_150000.csv,noise_0pct\c3000_phi22.00_logk-1.411111.png,equivalent_plastic_strain,3000,22,0.038805105,-1.41111113709934,0,452026,860,0,3214,generated
45,dabashenliu_run_045\particle_positions_150000.csv,noise_1pct\c3000_phi22.00_logk-1.411111.png,equivalent_plastic_strain,3000,22,0.038805105,-1.41111113709934,1,452126,860,0,3214,generated
45,dabashenliu_run_045\particle_positions_150000.csv,noise_3pct\c3000_phi22.00_logk-1.411111.png,equivalent_plastic_strain,3000,22,0.038805105,-1.41111113709934,3,452326,860,0,3214,generated
45,dabashenliu_run_045\particle_positions_150000.csv,noise_5pct\c3000_phi22.00_logk-1.411111.png,equivalent_plastic_strain,3000,22,0.038805105,-1.41111113709934,5,452526,860,0,3214,generated
46,dabashenliu_run_046\particle_positions_150000.csv,noise_0pct\c3000_phi22.00_logk-1.188889.png,equivalent_plastic_strain,3000,22,0.06473083,-1.18888882427963,0,462026,860,0,6420,generated
46,dabashenliu_run_046\particle_positions_150000.csv,noise_1pct\c3000_phi22.00_logk-1.188889.png,equivalent_plastic_strain,3000,22,0.06473083,-1.18888882427963,1,462126,860,0,6420,generated
46,dabashenliu_run_046\particle_positions_150000.csv,noise_3pct\c3000_phi22.00_logk-1.188889.png,equivalent_plastic_strain,3000,22,0.06473083,-1.18888882427963,3,462326,860,0,6420,generated
46,dabashenliu_run_046\particle_positions_150000.csv,noise_5pct\c3000_phi22.00_logk-1.188889.png,equivalent_plastic_strain,3000,22,0.06473083,-1.18888882427963,5,462526,860,0,6420,generated
47,dabashenliu_run_047\particle_positions_150000.csv,noise_0pct\c3000_phi22.00_logk-0.966667.png,equivalent_plastic_strain,3000,22,0.10797753,-0.966666611293739,0,472026,860,0,7194,generated
47,dabashenliu_run_047\particle_positions_150000.csv,noise_1pct\c3000_phi22.00_logk-0.966667.png,equivalent_plastic_strain,3000,22,0.10797753,-0.966666611293739,1,472126,860,0,7194,generated
47,dabashenliu_run_047\particle_positions_150000.csv,noise_3pct\c3000_phi22.00_logk-0.966667.png,equivalent_plastic_strain,3000,22,0.10797753,-0.966666611293739,3,472326,860,0,7194,generated
47,dabashenliu_run_047\particle_positions_150000.csv,noise_5pct\c3000_phi22.00_logk-0.966667.png,equivalent_plastic_strain,3000,22,0.10797753,-0.966666611293739,5,472526,860,0,7194,generated
48,dabashenliu_run_048\particle_positions_150000.csv,noise_0pct\c3000_phi22.00_logk-0.744444.png,equivalent_plastic_strain,3000,22,0.18011737,-0.744444403052799,0,482026,860,0,31435,generated
48,dabashenliu_run_048\particle_positions_150000.csv,noise_1pct\c3000_phi22.00_logk-0.744444.png,equivalent_plastic_strain,3000,22,0.18011737,-0.744444403052799,1,482126,860,0,31435,generated
48,dabashenliu_run_048\particle_positions_150000.csv,noise_3pct\c3000_phi22.00_logk-0.744444.png,equivalent_plastic_strain,3000,22,0.18011737,-0.744444403052799,3,482326,860,0,31435,generated
48,dabashenliu_run_048\particle_positions_150000.csv,noise_5pct\c3000_phi22.00_logk-0.744444.png,equivalent_plastic_strain,3000,22,0.18011737,-0.744444403052799,5,482526,860,0,31435,generated
49,dabashenliu_run_049\particle_positions_150000.csv,noise_0pct\c3000_phi22.00_logk-0.522222.png,equivalent_plastic_strain,3000,22,0.30045387,-0.522222197678965,0,492026,860,0,46879,generated
49,dabashenliu_run_049\particle_positions_150000.csv,noise_1pct\c3000_phi22.00_logk-0.522222.png,equivalent_plastic_strain,3000,22,0.30045387,-0.522222197678965,1,492126,860,0,46879,generated
49,dabashenliu_run_049\particle_positions_150000.csv,noise_3pct\c3000_phi22.00_logk-0.522222.png,equivalent_plastic_strain,3000,22,0.30045387,-0.522222197678965,3,492326,860,0,46879,generated
49,dabashenliu_run_049\particle_positions_150000.csv,noise_5pct\c3000_phi22.00_logk-0.522222.png,equivalent_plastic_strain,3000,22,0.30045387,-0.522222197678965,5,492526,860,0,46879,generated
50,dabashenliu_run_050\particle_positions_150000.csv,noise_0pct\c3000_phi22.00_logk-0.300000.png,equivalent_plastic_strain,3000,22,0.50118726,-0.299999977147204,0,502026,860,0,54726,generated
50,dabashenliu_run_050\particle_positions_150000.csv,noise_1pct\c3000_phi22.00_logk-0.300000.png,equivalent_plastic_strain,3000,22,0.50118726,-0.299999977147204,1,502126,860,0,54726,generated
50,dabashenliu_run_050\particle_positions_150000.csv,noise_3pct\c3000_phi22.00_logk-0.300000.png,equivalent_plastic_strain,3000,22,0.50118726,-0.299999977147204,3,502326,860,0,54726,generated
50,dabashenliu_run_050\particle_positions_150000.csv,noise_5pct\c3000_phi22.00_logk-0.300000.png,equivalent_plastic_strain,3000,22,0.50118726,-0.299999977147204,5,502526,860,0,54726,generated
51,dabashenliu_run_051\particle_positions_150000.csv,noise_0pct\c3000_phi23.00_logk-2.300000.png,equivalent_plastic_strain,3000,23,0.0050118724,-2.29999999447783,0,512026,860,0,414,generated
51,dabashenliu_run_051\particle_positions_150000.csv,noise_1pct\c3000_phi23.00_logk-2.300000.png,equivalent_plastic_strain,3000,23,0.0050118724,-2.29999999447783,1,512126,860,0,414,generated
51,dabashenliu_run_051\particle_positions_150000.csv,noise_3pct\c3000_phi23.00_logk-2.300000.png,equivalent_plastic_strain,3000,23,0.0050118724,-2.29999999447783,3,512326,860,0,414,generated
51,dabashenliu_run_051\particle_positions_150000.csv,noise_5pct\c3000_phi23.00_logk-2.300000.png,equivalent_plastic_strain,3000,23,0.0050118724,-2.29999999447783,5,512526,860,0,414,generated
52,dabashenliu_run_052\particle_positions_150000.csv,noise_0pct\c3000_phi23.00_logk-2.077778.png,equivalent_plastic_strain,3000,23,0.0083603095,-2.07777764461193,0,522026,860,0,437,generated
52,dabashenliu_run_052\particle_positions_150000.csv,noise_1pct\c3000_phi23.00_logk-2.077778.png,equivalent_plastic_strain,3000,23,0.0083603095,-2.07777764461193,1,522126,860,0,437,generated
52,dabashenliu_run_052\particle_positions_150000.csv,noise_3pct\c3000_phi23.00_logk-2.077778.png,equivalent_plastic_strain,3000,23,0.0083603095,-2.07777764461193,3,522326,860,0,437,generated
52,dabashenliu_run_052\particle_positions_150000.csv,noise_5pct\c3000_phi23.00_logk-2.077778.png,equivalent_plastic_strain,3000,23,0.0083603095,-2.07777764461193,5,522526,860,0,437,generated
53,dabashenliu_run_053\particle_positions_150000.csv,noise_0pct\c3000_phi23.00_logk-1.855556.png,equivalent_plastic_strain,3000,23,0.013945831,-1.85555560201739,0,532026,860,0,450,generated
53,dabashenliu_run_053\particle_positions_150000.csv,noise_1pct\c3000_phi23.00_logk-1.855556.png,equivalent_plastic_strain,3000,23,0.013945831,-1.85555560201739,1,532126,860,0,450,generated
53,dabashenliu_run_053\particle_positions_150000.csv,noise_3pct\c3000_phi23.00_logk-1.855556.png,equivalent_plastic_strain,3000,23,0.013945831,-1.85555560201739,3,532326,860,0,450,generated
53,dabashenliu_run_053\particle_positions_150000.csv,noise_5pct\c3000_phi23.00_logk-1.855556.png,equivalent_plastic_strain,3000,23,0.013945831,-1.85555560201739,5,532526,860,0,450,generated
54,dabashenliu_run_054\particle_positions_150000.csv,noise_0pct\c3000_phi23.00_logk-1.633333.png,equivalent_plastic_strain,3000,23,0.023263052,-1.63333330853244,0,542026,860,0,448,generated
54,dabashenliu_run_054\particle_positions_150000.csv,noise_1pct\c3000_phi23.00_logk-1.633333.png,equivalent_plastic_strain,3000,23,0.023263052,-1.63333330853244,1,542126,860,0,448,generated
54,dabashenliu_run_054\particle_positions_150000.csv,noise_3pct\c3000_phi23.00_logk-1.633333.png,equivalent_plastic_strain,3000,23,0.023263052,-1.63333330853244,3,542326,860,0,448,generated
54,dabashenliu_run_054\particle_positions_150000.csv,noise_5pct\c3000_phi23.00_logk-1.633333.png,equivalent_plastic_strain,3000,23,0.023263052,-1.63333330853244,5,542526,860,0,448,generated
55,dabashenliu_run_055\particle_positions_150000.csv,noise_0pct\c3000_phi23.00_logk-1.411111.png,equivalent_plastic_strain,3000,23,0.038805105,-1.41111113709934,0,552026,860,0,477,generated
55,dabashenliu_run_055\particle_positions_150000.csv,noise_1pct\c3000_phi23.00_logk-1.411111.png,equivalent_plastic_strain,3000,23,0.038805105,-1.41111113709934,1,552126,860,0,477,generated
55,dabashenliu_run_055\particle_positions_150000.csv,noise_3pct\c3000_phi23.00_logk-1.411111.png,equivalent_plastic_strain,3000,23,0.038805105,-1.41111113709934,3,552326,860,0,477,generated
55,dabashenliu_run_055\particle_positions_150000.csv,noise_5pct\c3000_phi23.00_logk-1.411111.png,equivalent_plastic_strain,3000,23,0.038805105,-1.41111113709934,5,552526,860,0,477,generated
56,dabashenliu_run_056\particle_positions_150000.csv,noise_0pct\c3000_phi23.00_logk-1.188889.png,equivalent_plastic_strain,3000,23,0.06473083,-1.18888882427963,0,562026,860,0,630,generated
56,dabashenliu_run_056\particle_positions_150000.csv,noise_1pct\c3000_phi23.00_logk-1.188889.png,equivalent_plastic_strain,3000,23,0.06473083,-1.18888882427963,1,562126,860,0,630,generated
56,dabashenliu_run_056\particle_positions_150000.csv,noise_3pct\c3000_phi23.00_logk-1.188889.png,equivalent_plastic_strain,3000,23,0.06473083,-1.18888882427963,3,562326,860,0,630,generated
56,dabashenliu_run_056\particle_positions_150000.csv,noise_5pct\c3000_phi23.00_logk-1.188889.png,equivalent_plastic_strain,3000,23,0.06473083,-1.18888882427963,5,562526,860,0,630,generated
57,dabashenliu_run_057\particle_positions_150000.csv,noise_0pct\c3000_phi23.00_logk-0.966667.png,equivalent_plastic_strain,3000,23,0.10797753,-0.966666611293739,0,572026,860,0,1988,generated
57,dabashenliu_run_057\particle_positions_150000.csv,noise_1pct\c3000_phi23.00_logk-0.966667.png,equivalent_plastic_strain,3000,23,0.10797753,-0.966666611293739,1,572126,860,0,1988,generated
57,dabashenliu_run_057\particle_positions_150000.csv,noise_3pct\c3000_phi23.00_logk-0.966667.png,equivalent_plastic_strain,3000,23,0.10797753,-0.966666611293739,3,572326,860,0,1988,generated
57,dabashenliu_run_057\particle_positions_150000.csv,noise_5pct\c3000_phi23.00_logk-0.966667.png,equivalent_plastic_strain,3000,23,0.10797753,-0.966666611293739,5,572526,860,0,1988,generated
58,dabashenliu_run_058\particle_positions_150000.csv,noise_0pct\c3000_phi23.00_logk-0.744444.png,equivalent_plastic_strain,3000,23,0.18011737,-0.744444403052799,0,582026,860,0,22579,generated
58,dabashenliu_run_058\particle_positions_150000.csv,noise_1pct\c3000_phi23.00_logk-0.744444.png,equivalent_plastic_strain,3000,23,0.18011737,-0.744444403052799,1,582126,860,0,22579,generated
58,dabashenliu_run_058\particle_positions_150000.csv,noise_3pct\c3000_phi23.00_logk-0.744444.png,equivalent_plastic_strain,3000,23,0.18011737,-0.744444403052799,3,582326,860,0,22579,generated
58,dabashenliu_run_058\particle_positions_150000.csv,noise_5pct\c3000_phi23.00_logk-0.744444.png,equivalent_plastic_strain,3000,23,0.18011737,-0.744444403052799,5,582526,860,0,22579,generated
59,dabashenliu_run_059\particle_positions_150000.csv,noise_0pct\c3000_phi23.00_logk-0.522222.png,equivalent_plastic_strain,3000,23,0.30045387,-0.522222197678965,0,592026,860,0,42473,generated
59,dabashenliu_run_059\particle_positions_150000.csv,noise_1pct\c3000_phi23.00_logk-0.522222.png,equivalent_plastic_strain,3000,23,0.30045387,-0.522222197678965,1,592126,860,0,42473,generated
59,dabashenliu_run_059\particle_positions_150000.csv,noise_3pct\c3000_phi23.00_logk-0.522222.png,equivalent_plastic_strain,3000,23,0.30045387,-0.522222197678965,3,592326,860,0,42473,generated
59,dabashenliu_run_059\particle_positions_150000.csv,noise_5pct\c3000_phi23.00_logk-0.522222.png,equivalent_plastic_strain,3000,23,0.30045387,-0.522222197678965,5,592526,860,0,42473,generated
60,dabashenliu_run_060\particle_positions_150000.csv,noise_0pct\c3000_phi23.00_logk-0.300000.png,equivalent_plastic_strain,3000,23,0.50118726,-0.299999977147204,0,602026,860,0,50707,generated
60,dabashenliu_run_060\particle_positions_150000.csv,noise_1pct\c3000_phi23.00_logk-0.300000.png,equivalent_plastic_strain,3000,23,0.50118726,-0.299999977147204,1,602126,860,0,50707,generated
60,dabashenliu_run_060\particle_positions_150000.csv,noise_3pct\c3000_phi23.00_logk-0.300000.png,equivalent_plastic_strain,3000,23,0.50118726,-0.299999977147204,3,602326,860,0,50707,generated
60,dabashenliu_run_060\particle_positions_150000.csv,noise_5pct\c3000_phi23.00_logk-0.300000.png,equivalent_plastic_strain,3000,23,0.50118726,-0.299999977147204,5,602526,860,0,50707,generated
61,dabashenliu_run_061\particle_positions_150000.csv,noise_0pct\c3000_phi24.00_logk-2.300000.png,equivalent_plastic_strain,3000,24,0.0050118724,-2.29999999447783,0,612026,860,0,980,generated
61,dabashenliu_run_061\particle_positions_150000.csv,noise_1pct\c3000_phi24.00_logk-2.300000.png,equivalent_plastic_strain,3000,24,0.0050118724,-2.29999999447783,1,612126,860,0,980,generated
61,dabashenliu_run_061\particle_positions_150000.csv,noise_3pct\c3000_phi24.00_logk-2.300000.png,equivalent_plastic_strain,3000,24,0.0050118724,-2.29999999447783,3,612326,860,0,980,generated
61,dabashenliu_run_061\particle_positions_150000.csv,noise_5pct\c3000_phi24.00_logk-2.300000.png,equivalent_plastic_strain,3000,24,0.0050118724,-2.29999999447783,5,612526,860,0,980,generated
62,dabashenliu_run_062\particle_positions_150000.csv,noise_0pct\c3000_phi24.00_logk-2.077778.png,equivalent_plastic_strain,3000,24,0.0083603095,-2.07777764461193,0,622026,860,0,945,generated
62,dabashenliu_run_062\particle_positions_150000.csv,noise_1pct\c3000_phi24.00_logk-2.077778.png,equivalent_plastic_strain,3000,24,0.0083603095,-2.07777764461193,1,622126,860,0,945,generated
62,dabashenliu_run_062\particle_positions_150000.csv,noise_3pct\c3000_phi24.00_logk-2.077778.png,equivalent_plastic_strain,3000,24,0.0083603095,-2.07777764461193,3,622326,860,0,945,generated
62,dabashenliu_run_062\particle_positions_150000.csv,noise_5pct\c3000_phi24.00_logk-2.077778.png,equivalent_plastic_strain,3000,24,0.0083603095,-2.07777764461193,5,622526,860,0,945,generated
63,dabashenliu_run_063\particle_positions_150000.csv,noise_0pct\c3000_phi24.00_logk-1.855556.png,equivalent_plastic_strain,3000,24,0.013945831,-1.85555560201739,0,632026,860,0,900,generated
63,dabashenliu_run_063\particle_positions_150000.csv,noise_1pct\c3000_phi24.00_logk-1.855556.png,equivalent_plastic_strain,3000,24,0.013945831,-1.85555560201739,1,632126,860,0,900,generated
63,dabashenliu_run_063\particle_positions_150000.csv,noise_3pct\c3000_phi24.00_logk-1.855556.png,equivalent_plastic_strain,3000,24,0.013945831,-1.85555560201739,3,632326,860,0,900,generated
63,dabashenliu_run_063\particle_positions_150000.csv,noise_5pct\c3000_phi24.00_logk-1.855556.png,equivalent_plastic_strain,3000,24,0.013945831,-1.85555560201739,5,632526,860,0,900,generated
64,dabashenliu_run_064\particle_positions_150000.csv,noise_0pct\c3000_phi24.00_logk-1.633333.png,equivalent_plastic_strain,3000,24,0.023263052,-1.63333330853244,0,642026,860,0,1009,generated
64,dabashenliu_run_064\particle_positions_150000.csv,noise_1pct\c3000_phi24.00_logk-1.633333.png,equivalent_plastic_strain,3000,24,0.023263052,-1.63333330853244,1,642126,860,0,1009,generated
64,dabashenliu_run_064\particle_positions_150000.csv,noise_3pct\c3000_phi24.00_logk-1.633333.png,equivalent_plastic_strain,3000,24,0.023263052,-1.63333330853244,3,642326,860,0,1009,generated
64,dabashenliu_run_064\particle_positions_150000.csv,noise_5pct\c3000_phi24.00_logk-1.633333.png,equivalent_plastic_strain,3000,24,0.023263052,-1.63333330853244,5,642526,860,0,1009,generated
65,dabashenliu_run_065\particle_positions_150000.csv,noise_0pct\c3000_phi24.00_logk-1.411111.png,equivalent_plastic_strain,3000,24,0.038805105,-1.41111113709934,0,652026,860,0,848,generated
65,dabashenliu_run_065\particle_positions_150000.csv,noise_1pct\c3000_phi24.00_logk-1.411111.png,equivalent_plastic_strain,3000,24,0.038805105,-1.41111113709934,1,652126,860,0,848,generated
65,dabashenliu_run_065\particle_positions_150000.csv,noise_3pct\c3000_phi24.00_logk-1.411111.png,equivalent_plastic_strain,3000,24,0.038805105,-1.41111113709934,3,652326,860,0,848,generated
65,dabashenliu_run_065\particle_positions_150000.csv,noise_5pct\c3000_phi24.00_logk-1.411111.png,equivalent_plastic_strain,3000,24,0.038805105,-1.41111113709934,5,652526,860,0,848,generated
66,dabashenliu_run_066\particle_positions_150000.csv,noise_0pct\c3000_phi24.00_logk-1.188889.png,equivalent_plastic_strain,3000,24,0.06473083,-1.18888882427963,0,662026,860,0,1466,generated
66,dabashenliu_run_066\particle_positions_150000.csv,noise_1pct\c3000_phi24.00_logk-1.188889.png,equivalent_plastic_strain,3000,24,0.06473083,-1.18888882427963,1,662126,860,0,1466,generated
66,dabashenliu_run_066\particle_positions_150000.csv,noise_3pct\c3000_phi24.00_logk-1.188889.png,equivalent_plastic_strain,3000,24,0.06473083,-1.18888882427963,3,662326,860,0,1466,generated
66,dabashenliu_run_066\particle_positions_150000.csv,noise_5pct\c3000_phi24.00_logk-1.188889.png,equivalent_plastic_strain,3000,24,0.06473083,-1.18888882427963,5,662526,860,0,1466,generated
67,dabashenliu_run_067\particle_positions_150000.csv,noise_0pct\c3000_phi24.00_logk-0.966667.png,equivalent_plastic_strain,3000,24,0.10797753,-0.966666611293739,0,672026,860,0,3464,generated
67,dabashenliu_run_067\particle_positions_150000.csv,noise_1pct\c3000_phi24.00_logk-0.966667.png,equivalent_plastic_strain,3000,24,0.10797753,-0.966666611293739,1,672126,860,0,3464,generated
67,dabashenliu_run_067\particle_positions_150000.csv,noise_3pct\c3000_phi24.00_logk-0.966667.png,equivalent_plastic_strain,3000,24,0.10797753,-0.966666611293739,3,672326,860,0,3464,generated
67,dabashenliu_run_067\particle_positions_150000.csv,noise_5pct\c3000_phi24.00_logk-0.966667.png,equivalent_plastic_strain,3000,24,0.10797753,-0.966666611293739,5,672526,860,0,3464,generated
68,dabashenliu_run_068\particle_positions_150000.csv,noise_0pct\c3000_phi24.00_logk-0.744444.png,equivalent_plastic_strain,3000,24,0.18011737,-0.744444403052799,0,682026,860,0,27067,generated
68,dabashenliu_run_068\particle_positions_150000.csv,noise_1pct\c3000_phi24.00_logk-0.744444.png,equivalent_plastic_strain,3000,24,0.18011737,-0.744444403052799,1,682126,860,0,27067,generated
68,dabashenliu_run_068\particle_positions_150000.csv,noise_3pct\c3000_phi24.00_logk-0.744444.png,equivalent_plastic_strain,3000,24,0.18011737,-0.744444403052799,3,682326,860,0,27067,generated
68,dabashenliu_run_068\particle_positions_150000.csv,noise_5pct\c3000_phi24.00_logk-0.744444.png,equivalent_plastic_strain,3000,24,0.18011737,-0.744444403052799,5,682526,860,0,27067,generated
69,dabashenliu_run_069\particle_positions_150000.csv,noise_0pct\c3000_phi24.00_logk-0.522222.png,equivalent_plastic_strain,3000,24,0.30045387,-0.522222197678965,0,692026,860,0,41219,generated
69,dabashenliu_run_069\particle_positions_150000.csv,noise_1pct\c3000_phi24.00_logk-0.522222.png,equivalent_plastic_strain,3000,24,0.30045387,-0.522222197678965,1,692126,860,0,41219,generated
69,dabashenliu_run_069\particle_positions_150000.csv,noise_3pct\c3000_phi24.00_logk-0.522222.png,equivalent_plastic_strain,3000,24,0.30045387,-0.522222197678965,3,692326,860,0,41219,generated
69,dabashenliu_run_069\particle_positions_150000.csv,noise_5pct\c3000_phi24.00_logk-0.522222.png,equivalent_plastic_strain,3000,24,0.30045387,-0.522222197678965,5,692526,860,0,41219,generated
70,dabashenliu_run_070\particle_positions_150000.csv,noise_0pct\c3000_phi24.00_logk-0.300000.png,equivalent_plastic_strain,3000,24,0.50118726,-0.299999977147204,0,702026,860,0,49199,generated
70,dabashenliu_run_070\particle_positions_150000.csv,noise_1pct\c3000_phi24.00_logk-0.300000.png,equivalent_plastic_strain,3000,24,0.50118726,-0.299999977147204,1,702126,860,0,49199,generated
70,dabashenliu_run_070\particle_positions_150000.csv,noise_3pct\c3000_phi24.00_logk-0.300000.png,equivalent_plastic_strain,3000,24,0.50118726,-0.299999977147204,3,702326,860,0,49199,generated
70,dabashenliu_run_070\particle_positions_150000.csv,noise_5pct\c3000_phi24.00_logk-0.300000.png,equivalent_plastic_strain,3000,24,0.50118726,-0.299999977147204,5,702526,860,0,49199,generated
71,dabashenliu_run_071\particle_positions_150000.csv,noise_0pct\c3000_phi25.00_logk-2.300000.png,equivalent_plastic_strain,3000,25,0.0050118724,-2.29999999447783,0,712026,860,0,315,generated
71,dabashenliu_run_071\particle_positions_150000.csv,noise_1pct\c3000_phi25.00_logk-2.300000.png,equivalent_plastic_strain,3000,25,0.0050118724,-2.29999999447783,1,712126,860,0,315,generated
71,dabashenliu_run_071\particle_positions_150000.csv,noise_3pct\c3000_phi25.00_logk-2.300000.png,equivalent_plastic_strain,3000,25,0.0050118724,-2.29999999447783,3,712326,860,0,315,generated
71,dabashenliu_run_071\particle_positions_150000.csv,noise_5pct\c3000_phi25.00_logk-2.300000.png,equivalent_plastic_strain,3000,25,0.0050118724,-2.29999999447783,5,712526,860,0,315,generated
72,dabashenliu_run_072\particle_positions_150000.csv,noise_0pct\c3000_phi25.00_logk-2.077778.png,equivalent_plastic_strain,3000,25,0.0083603095,-2.07777764461193,0,722026,860,0,309,generated
72,dabashenliu_run_072\particle_positions_150000.csv,noise_1pct\c3000_phi25.00_logk-2.077778.png,equivalent_plastic_strain,3000,25,0.0083603095,-2.07777764461193,1,722126,860,0,309,generated
72,dabashenliu_run_072\particle_positions_150000.csv,noise_3pct\c3000_phi25.00_logk-2.077778.png,equivalent_plastic_strain,3000,25,0.0083603095,-2.07777764461193,3,722326,860,0,309,generated
72,dabashenliu_run_072\particle_positions_150000.csv,noise_5pct\c3000_phi25.00_logk-2.077778.png,equivalent_plastic_strain,3000,25,0.0083603095,-2.07777764461193,5,722526,860,0,309,generated
73,dabashenliu_run_073\particle_positions_150000.csv,noise_0pct\c3000_phi25.00_logk-1.855556.png,equivalent_plastic_strain,3000,25,0.013945831,-1.85555560201739,0,732026,860,0,320,generated
73,dabashenliu_run_073\particle_positions_150000.csv,noise_1pct\c3000_phi25.00_logk-1.855556.png,equivalent_plastic_strain,3000,25,0.013945831,-1.85555560201739,1,732126,860,0,320,generated
73,dabashenliu_run_073\particle_positions_150000.csv,noise_3pct\c3000_phi25.00_logk-1.855556.png,equivalent_plastic_strain,3000,25,0.013945831,-1.85555560201739,3,732326,860,0,320,generated
73,dabashenliu_run_073\particle_positions_150000.csv,noise_5pct\c3000_phi25.00_logk-1.855556.png,equivalent_plastic_strain,3000,25,0.013945831,-1.85555560201739,5,732526,860,0,320,generated
74,dabashenliu_run_074\particle_positions_150000.csv,noise_0pct\c3000_phi25.00_logk-1.633333.png,equivalent_plastic_strain,3000,25,0.023263052,-1.63333330853244,0,742026,860,0,316,generated
74,dabashenliu_run_074\particle_positions_150000.csv,noise_1pct\c3000_phi25.00_logk-1.633333.png,equivalent_plastic_strain,3000,25,0.023263052,-1.63333330853244,1,742126,860,0,316,generated
74,dabashenliu_run_074\particle_positions_150000.csv,noise_3pct\c3000_phi25.00_logk-1.633333.png,equivalent_plastic_strain,3000,25,0.023263052,-1.63333330853244,3,742326,860,0,316,generated
74,dabashenliu_run_074\particle_positions_150000.csv,noise_5pct\c3000_phi25.00_logk-1.633333.png,equivalent_plastic_strain,3000,25,0.023263052,-1.63333330853244,5,742526,860,0,316,generated
75,dabashenliu_run_075\particle_positions_150000.csv,noise_0pct\c3000_phi25.00_logk-1.411111.png,equivalent_plastic_strain,3000,25,0.038805105,-1.41111113709934,0,752026,860,0,320,generated
75,dabashenliu_run_075\particle_positions_150000.csv,noise_1pct\c3000_phi25.00_logk-1.411111.png,equivalent_plastic_strain,3000,25,0.038805105,-1.41111113709934,1,752126,860,0,320,generated
75,dabashenliu_run_075\particle_positions_150000.csv,noise_3pct\c3000_phi25.00_logk-1.411111.png,equivalent_plastic_strain,3000,25,0.038805105,-1.41111113709934,3,752326,860,0,320,generated
75,dabashenliu_run_075\particle_positions_150000.csv,noise_5pct\c3000_phi25.00_logk-1.411111.png,equivalent_plastic_strain,3000,25,0.038805105,-1.41111113709934,5,752526,860,0,320,generated
76,dabashenliu_run_076\particle_positions_150000.csv,noise_0pct\c3000_phi25.00_logk-1.188889.png,equivalent_plastic_strain,3000,25,0.06473083,-1.18888882427963,0,762026,860,0,414,generated
76,dabashenliu_run_076\particle_positions_150000.csv,noise_1pct\c3000_phi25.00_logk-1.188889.png,equivalent_plastic_strain,3000,25,0.06473083,-1.18888882427963,1,762126,860,0,414,generated
76,dabashenliu_run_076\particle_positions_150000.csv,noise_3pct\c3000_phi25.00_logk-1.188889.png,equivalent_plastic_strain,3000,25,0.06473083,-1.18888882427963,3,762326,860,0,414,generated
76,dabashenliu_run_076\particle_positions_150000.csv,noise_5pct\c3000_phi25.00_logk-1.188889.png,equivalent_plastic_strain,3000,25,0.06473083,-1.18888882427963,5,762526,860,0,414,generated
77,dabashenliu_run_077\particle_positions_150000.csv,noise_0pct\c3000_phi25.00_logk-0.966667.png,equivalent_plastic_strain,3000,25,0.10797753,-0.966666611293739,0,772026,860,0,3064,generated
77,dabashenliu_run_077\particle_positions_150000.csv,noise_1pct\c3000_phi25.00_logk-0.966667.png,equivalent_plastic_strain,3000,25,0.10797753,-0.966666611293739,1,772126,860,0,3064,generated
77,dabashenliu_run_077\particle_positions_150000.csv,noise_3pct\c3000_phi25.00_logk-0.966667.png,equivalent_plastic_strain,3000,25,0.10797753,-0.966666611293739,3,772326,860,0,3064,generated
77,dabashenliu_run_077\particle_positions_150000.csv,noise_5pct\c3000_phi25.00_logk-0.966667.png,equivalent_plastic_strain,3000,25,0.10797753,-0.966666611293739,5,772526,860,0,3064,generated
78,dabashenliu_run_078\particle_positions_150000.csv,noise_0pct\c3000_phi25.00_logk-0.744444.png,equivalent_plastic_strain,3000,25,0.18011737,-0.744444403052799,0,782026,860,0,29507,generated
78,dabashenliu_run_078\particle_positions_150000.csv,noise_1pct\c3000_phi25.00_logk-0.744444.png,equivalent_plastic_strain,3000,25,0.18011737,-0.744444403052799,1,782126,860,0,29507,generated
78,dabashenliu_run_078\particle_positions_150000.csv,noise_3pct\c3000_phi25.00_logk-0.744444.png,equivalent_plastic_strain,3000,25,0.18011737,-0.744444403052799,3,782326,860,0,29507,generated
78,dabashenliu_run_078\particle_positions_150000.csv,noise_5pct\c3000_phi25.00_logk-0.744444.png,equivalent_plastic_strain,3000,25,0.18011737,-0.744444403052799,5,782526,860,0,29507,generated
79,dabashenliu_run_079\particle_positions_150000.csv,noise_0pct\c3000_phi25.00_logk-0.522222.png,equivalent_plastic_strain,3000,25,0.30045387,-0.522222197678965,0,792026,860,0,42000,generated
79,dabashenliu_run_079\particle_positions_150000.csv,noise_1pct\c3000_phi25.00_logk-0.522222.png,equivalent_plastic_strain,3000,25,0.30045387,-0.522222197678965,1,792126,860,0,42000,generated
79,dabashenliu_run_079\particle_positions_150000.csv,noise_3pct\c3000_phi25.00_logk-0.522222.png,equivalent_plastic_strain,3000,25,0.30045387,-0.522222197678965,3,792326,860,0,42000,generated
79,dabashenliu_run_079\particle_positions_150000.csv,noise_5pct\c3000_phi25.00_logk-0.522222.png,equivalent_plastic_strain,3000,25,0.30045387,-0.522222197678965,5,792526,860,0,42000,generated
80,dabashenliu_run_080\particle_positions_150000.csv,noise_0pct\c3000_phi25.00_logk-0.300000.png,equivalent_plastic_strain,3000,25,0.50118726,-0.299999977147204,0,802026,860,0,49345,generated
80,dabashenliu_run_080\particle_positions_150000.csv,noise_1pct\c3000_phi25.00_logk-0.300000.png,equivalent_plastic_strain,3000,25,0.50118726,-0.299999977147204,1,802126,860,0,49345,generated
80,dabashenliu_run_080\particle_positions_150000.csv,noise_3pct\c3000_phi25.00_logk-0.300000.png,equivalent_plastic_strain,3000,25,0.50118726,-0.299999977147204,3,802326,860,0,49345,generated
80,dabashenliu_run_080\particle_positions_150000.csv,noise_5pct\c3000_phi25.00_logk-0.300000.png,equivalent_plastic_strain,3000,25,0.50118726,-0.299999977147204,5,802526,860,0,49345,generated
81,dabashenliu_run_081\particle_positions_150000.csv,noise_0pct\c3000_phi26.00_logk-2.300000.png,equivalent_plastic_strain,3000,26,0.0050118724,-2.29999999447783,0,812026,860,0,0,generated
81,dabashenliu_run_081\particle_positions_150000.csv,noise_1pct\c3000_phi26.00_logk-2.300000.png,equivalent_plastic_strain,3000,26,0.0050118724,-2.29999999447783,1,812126,860,0,0,generated
81,dabashenliu_run_081\particle_positions_150000.csv,noise_3pct\c3000_phi26.00_logk-2.300000.png,equivalent_plastic_strain,3000,26,0.0050118724,-2.29999999447783,3,812326,860,0,0,generated
81,dabashenliu_run_081\particle_positions_150000.csv,noise_5pct\c3000_phi26.00_logk-2.300000.png,equivalent_plastic_strain,3000,26,0.0050118724,-2.29999999447783,5,812526,860,0,0,generated
82,dabashenliu_run_082\particle_positions_150000.csv,noise_0pct\c3000_phi26.00_logk-2.077778.png,equivalent_plastic_strain,3000,26,0.0083603095,-2.07777764461193,0,822026,860,0,0,generated
82,dabashenliu_run_082\particle_positions_150000.csv,noise_1pct\c3000_phi26.00_logk-2.077778.png,equivalent_plastic_strain,3000,26,0.0083603095,-2.07777764461193,1,822126,860,0,0,generated
82,dabashenliu_run_082\particle_positions_150000.csv,noise_3pct\c3000_phi26.00_logk-2.077778.png,equivalent_plastic_strain,3000,26,0.0083603095,-2.07777764461193,3,822326,860,0,0,generated
82,dabashenliu_run_082\particle_positions_150000.csv,noise_5pct\c3000_phi26.00_logk-2.077778.png,equivalent_plastic_strain,3000,26,0.0083603095,-2.07777764461193,5,822526,860,0,0,generated
83,dabashenliu_run_083\particle_positions_150000.csv,noise_0pct\c3000_phi26.00_logk-1.855556.png,equivalent_plastic_strain,3000,26,0.013945831,-1.85555560201739,0,832026,860,0,0,generated
83,dabashenliu_run_083\particle_positions_150000.csv,noise_1pct\c3000_phi26.00_logk-1.855556.png,equivalent_plastic_strain,3000,26,0.013945831,-1.85555560201739,1,832126,860,0,0,generated
83,dabashenliu_run_083\particle_positions_150000.csv,noise_3pct\c3000_phi26.00_logk-1.855556.png,equivalent_plastic_strain,3000,26,0.013945831,-1.85555560201739,3,832326,860,0,0,generated
83,dabashenliu_run_083\particle_positions_150000.csv,noise_5pct\c3000_phi26.00_logk-1.855556.png,equivalent_plastic_strain,3000,26,0.013945831,-1.85555560201739,5,832526,860,0,0,generated
84,dabashenliu_run_084\particle_positions_150000.csv,noise_0pct\c3000_phi26.00_logk-1.633333.png,equivalent_plastic_strain,3000,26,0.023263052,-1.63333330853244,0,842026,860,0,0,generated
84,dabashenliu_run_084\particle_positions_150000.csv,noise_1pct\c3000_phi26.00_logk-1.633333.png,equivalent_plastic_strain,3000,26,0.023263052,-1.63333330853244,1,842126,860,0,0,generated
84,dabashenliu_run_084\particle_positions_150000.csv,noise_3pct\c3000_phi26.00_logk-1.633333.png,equivalent_plastic_strain,3000,26,0.023263052,-1.63333330853244,3,842326,860,0,0,generated
84,dabashenliu_run_084\particle_positions_150000.csv,noise_5pct\c3000_phi26.00_logk-1.633333.png,equivalent_plastic_strain,3000,26,0.023263052,-1.63333330853244,5,842526,860,0,0,generated
85,dabashenliu_run_085\particle_positions_150000.csv,noise_0pct\c3000_phi26.00_logk-1.411111.png,equivalent_plastic_strain,3000,26,0.038805105,-1.41111113709934,0,852026,860,0,0,generated
85,dabashenliu_run_085\particle_positions_150000.csv,noise_1pct\c3000_phi26.00_logk-1.411111.png,equivalent_plastic_strain,3000,26,0.038805105,-1.41111113709934,1,852126,860,0,0,generated
85,dabashenliu_run_085\particle_positions_150000.csv,noise_3pct\c3000_phi26.00_logk-1.411111.png,equivalent_plastic_strain,3000,26,0.038805105,-1.41111113709934,3,852326,860,0,0,generated
85,dabashenliu_run_085\particle_positions_150000.csv,noise_5pct\c3000_phi26.00_logk-1.411111.png,equivalent_plastic_strain,3000,26,0.038805105,-1.41111113709934,5,852526,860,0,0,generated
86,dabashenliu_run_086\particle_positions_150000.csv,noise_0pct\c3000_phi26.00_logk-1.188889.png,equivalent_plastic_strain,3000,26,0.06473083,-1.18888882427963,0,862026,860,0,0,generated
86,dabashenliu_run_086\particle_positions_150000.csv,noise_1pct\c3000_phi26.00_logk-1.188889.png,equivalent_plastic_strain,3000,26,0.06473083,-1.18888882427963,1,862126,860,0,0,generated
86,dabashenliu_run_086\particle_positions_150000.csv,noise_3pct\c3000_phi26.00_logk-1.188889.png,equivalent_plastic_strain,3000,26,0.06473083,-1.18888882427963,3,862326,860,0,0,generated
86,dabashenliu_run_086\particle_positions_150000.csv,noise_5pct\c3000_phi26.00_logk-1.188889.png,equivalent_plastic_strain,3000,26,0.06473083,-1.18888882427963,5,862526,860,0,0,generated
87,dabashenliu_run_087\particle_positions_150000.csv,noise_0pct\c3000_phi26.00_logk-0.966667.png,equivalent_plastic_strain,3000,26,0.10797753,-0.966666611293739,0,872026,860,0,51,generated
87,dabashenliu_run_087\particle_positions_150000.csv,noise_1pct\c3000_phi26.00_logk-0.966667.png,equivalent_plastic_strain,3000,26,0.10797753,-0.966666611293739,1,872126,860,0,51,generated
87,dabashenliu_run_087\particle_positions_150000.csv,noise_3pct\c3000_phi26.00_logk-0.966667.png,equivalent_plastic_strain,3000,26,0.10797753,-0.966666611293739,3,872326,860,0,51,generated
87,dabashenliu_run_087\particle_positions_150000.csv,noise_5pct\c3000_phi26.00_logk-0.966667.png,equivalent_plastic_strain,3000,26,0.10797753,-0.966666611293739,5,872526,860,0,51,generated
88,dabashenliu_run_088\particle_positions_150000.csv,noise_0pct\c3000_phi26.00_logk-0.744444.png,equivalent_plastic_strain,3000,26,0.18011737,-0.744444403052799,0,882026,860,0,15896,generated
88,dabashenliu_run_088\particle_positions_150000.csv,noise_1pct\c3000_phi26.00_logk-0.744444.png,equivalent_plastic_strain,3000,26,0.18011737,-0.744444403052799,1,882126,860,0,15896,generated
88,dabashenliu_run_088\particle_positions_150000.csv,noise_3pct\c3000_phi26.00_logk-0.744444.png,equivalent_plastic_strain,3000,26,0.18011737,-0.744444403052799,3,882326,860,0,15896,generated
88,dabashenliu_run_088\particle_positions_150000.csv,noise_5pct\c3000_phi26.00_logk-0.744444.png,equivalent_plastic_strain,3000,26,0.18011737,-0.744444403052799,5,882526,860,0,15896,generated
89,dabashenliu_run_089\particle_positions_150000.csv,noise_0pct\c3000_phi26.00_logk-0.522222.png,equivalent_plastic_strain,3000,26,0.30045387,-0.522222197678965,0,892026,860,0,31884,generated
89,dabashenliu_run_089\particle_positions_150000.csv,noise_1pct\c3000_phi26.00_logk-0.522222.png,equivalent_plastic_strain,3000,26,0.30045387,-0.522222197678965,1,892126,860,0,31884,generated
89,dabashenliu_run_089\particle_positions_150000.csv,noise_3pct\c3000_phi26.00_logk-0.522222.png,equivalent_plastic_strain,3000,26,0.30045387,-0.522222197678965,3,892326,860,0,31884,generated
89,dabashenliu_run_089\particle_positions_150000.csv,noise_5pct\c3000_phi26.00_logk-0.522222.png,equivalent_plastic_strain,3000,26,0.30045387,-0.522222197678965,5,892526,860,0,31884,generated
90,dabashenliu_run_090\particle_positions_150000.csv,noise_0pct\c3000_phi26.00_logk-0.300000.png,equivalent_plastic_strain,3000,26,0.50118726,-0.299999977147204,0,902026,860,0,44360,generated
90,dabashenliu_run_090\particle_positions_150000.csv,noise_1pct\c3000_phi26.00_logk-0.300000.png,equivalent_plastic_strain,3000,26,0.50118726,-0.299999977147204,1,902126,860,0,44360,generated
90,dabashenliu_run_090\particle_positions_150000.csv,noise_3pct\c3000_phi26.00_logk-0.300000.png,equivalent_plastic_strain,3000,26,0.50118726,-0.299999977147204,3,902326,860,0,44360,generated
90,dabashenliu_run_090\particle_positions_150000.csv,noise_5pct\c3000_phi26.00_logk-0.300000.png,equivalent_plastic_strain,3000,26,0.50118726,-0.299999977147204,5,902526,860,0,44360,generated
91,dabashenliu_run_091\particle_positions_150000.csv,noise_0pct\c3000_phi27.00_logk-2.300000.png,equivalent_plastic_strain,3000,27,0.0050118724,-2.29999999447783,0,912026,860,0,0,generated
91,dabashenliu_run_091\particle_positions_150000.csv,noise_1pct\c3000_phi27.00_logk-2.300000.png,equivalent_plastic_strain,3000,27,0.0050118724,-2.29999999447783,1,912126,860,0,0,generated
91,dabashenliu_run_091\particle_positions_150000.csv,noise_3pct\c3000_phi27.00_logk-2.300000.png,equivalent_plastic_strain,3000,27,0.0050118724,-2.29999999447783,3,912326,860,0,0,generated
91,dabashenliu_run_091\particle_positions_150000.csv,noise_5pct\c3000_phi27.00_logk-2.300000.png,equivalent_plastic_strain,3000,27,0.0050118724,-2.29999999447783,5,912526,860,0,0,generated
92,dabashenliu_run_092\particle_positions_150000.csv,noise_0pct\c3000_phi27.00_logk-2.077778.png,equivalent_plastic_strain,3000,27,0.0083603095,-2.07777764461193,0,922026,860,0,0,generated
92,dabashenliu_run_092\particle_positions_150000.csv,noise_1pct\c3000_phi27.00_logk-2.077778.png,equivalent_plastic_strain,3000,27,0.0083603095,-2.07777764461193,1,922126,860,0,0,generated
92,dabashenliu_run_092\particle_positions_150000.csv,noise_3pct\c3000_phi27.00_logk-2.077778.png,equivalent_plastic_strain,3000,27,0.0083603095,-2.07777764461193,3,922326,860,0,0,generated
92,dabashenliu_run_092\particle_positions_150000.csv,noise_5pct\c3000_phi27.00_logk-2.077778.png,equivalent_plastic_strain,3000,27,0.0083603095,-2.07777764461193,5,922526,860,0,0,generated
93,dabashenliu_run_093\particle_positions_150000.csv,noise_0pct\c3000_phi27.00_logk-1.855556.png,equivalent_plastic_strain,3000,27,0.013945831,-1.85555560201739,0,932026,860,0,0,generated
93,dabashenliu_run_093\particle_positions_150000.csv,noise_1pct\c3000_phi27.00_logk-1.855556.png,equivalent_plastic_strain,3000,27,0.013945831,-1.85555560201739,1,932126,860,0,0,generated
93,dabashenliu_run_093\particle_positions_150000.csv,noise_3pct\c3000_phi27.00_logk-1.855556.png,equivalent_plastic_strain,3000,27,0.013945831,-1.85555560201739,3,932326,860,0,0,generated
93,dabashenliu_run_093\particle_positions_150000.csv,noise_5pct\c3000_phi27.00_logk-1.855556.png,equivalent_plastic_strain,3000,27,0.013945831,-1.85555560201739,5,932526,860,0,0,generated
94,dabashenliu_run_094\particle_positions_150000.csv,noise_0pct\c3000_phi27.00_logk-1.633333.png,equivalent_plastic_strain,3000,27,0.023263052,-1.63333330853244,0,942026,860,0,0,generated
94,dabashenliu_run_094\particle_positions_150000.csv,noise_1pct\c3000_phi27.00_logk-1.633333.png,equivalent_plastic_strain,3000,27,0.023263052,-1.63333330853244,1,942126,860,0,0,generated
94,dabashenliu_run_094\particle_positions_150000.csv,noise_3pct\c3000_phi27.00_logk-1.633333.png,equivalent_plastic_strain,3000,27,0.023263052,-1.63333330853244,3,942326,860,0,0,generated
94,dabashenliu_run_094\particle_positions_150000.csv,noise_5pct\c3000_phi27.00_logk-1.633333.png,equivalent_plastic_strain,3000,27,0.023263052,-1.63333330853244,5,942526,860,0,0,generated
95,dabashenliu_run_095\particle_positions_150000.csv,noise_0pct\c3000_phi27.00_logk-1.411111.png,equivalent_plastic_strain,3000,27,0.038805105,-1.41111113709934,0,952026,860,0,0,generated
95,dabashenliu_run_095\particle_positions_150000.csv,noise_1pct\c3000_phi27.00_logk-1.411111.png,equivalent_plastic_strain,3000,27,0.038805105,-1.41111113709934,1,952126,860,0,0,generated
95,dabashenliu_run_095\particle_positions_150000.csv,noise_3pct\c3000_phi27.00_logk-1.411111.png,equivalent_plastic_strain,3000,27,0.038805105,-1.41111113709934,3,952326,860,0,0,generated
95,dabashenliu_run_095\particle_positions_150000.csv,noise_5pct\c3000_phi27.00_logk-1.411111.png,equivalent_plastic_strain,3000,27,0.038805105,-1.41111113709934,5,952526,860,0,0,generated
96,dabashenliu_run_096\particle_positions_150000.csv,noise_0pct\c3000_phi27.00_logk-1.188889.png,equivalent_plastic_strain,3000,27,0.06473083,-1.18888882427963,0,962026,860,0,0,generated
96,dabashenliu_run_096\particle_positions_150000.csv,noise_1pct\c3000_phi27.00_logk-1.188889.png,equivalent_plastic_strain,3000,27,0.06473083,-1.18888882427963,1,962126,860,0,0,generated
96,dabashenliu_run_096\particle_positions_150000.csv,noise_3pct\c3000_phi27.00_logk-1.188889.png,equivalent_plastic_strain,3000,27,0.06473083,-1.18888882427963,3,962326,860,0,0,generated
96,dabashenliu_run_096\particle_positions_150000.csv,noise_5pct\c3000_phi27.00_logk-1.188889.png,equivalent_plastic_strain,3000,27,0.06473083,-1.18888882427963,5,962526,860,0,0,generated
97,dabashenliu_run_097\particle_positions_150000.csv,noise_0pct\c3000_phi27.00_logk-0.966667.png,equivalent_plastic_strain,3000,27,0.10797753,-0.966666611293739,0,972026,860,0,0,generated
97,dabashenliu_run_097\particle_positions_150000.csv,noise_1pct\c3000_phi27.00_logk-0.966667.png,equivalent_plastic_strain,3000,27,0.10797753,-0.966666611293739,1,972126,860,0,0,generated
97,dabashenliu_run_097\particle_positions_150000.csv,noise_3pct\c3000_phi27.00_logk-0.966667.png,equivalent_plastic_strain,3000,27,0.10797753,-0.966666611293739,3,972326,860,0,0,generated
97,dabashenliu_run_097\particle_positions_150000.csv,noise_5pct\c3000_phi27.00_logk-0.966667.png,equivalent_plastic_strain,3000,27,0.10797753,-0.966666611293739,5,972526,860,0,0,generated
98,dabashenliu_run_098\particle_positions_150000.csv,noise_0pct\c3000_phi27.00_logk-0.744444.png,equivalent_plastic_strain,3000,27,0.18011737,-0.744444403052799,0,982026,860,0,12876,generated
98,dabashenliu_run_098\particle_positions_150000.csv,noise_1pct\c3000_phi27.00_logk-0.744444.png,equivalent_plastic_strain,3000,27,0.18011737,-0.744444403052799,1,982126,860,0,12876,generated
98,dabashenliu_run_098\particle_positions_150000.csv,noise_3pct\c3000_phi27.00_logk-0.744444.png,equivalent_plastic_strain,3000,27,0.18011737,-0.744444403052799,3,982326,860,0,12876,generated
98,dabashenliu_run_098\particle_positions_150000.csv,noise_5pct\c3000_phi27.00_logk-0.744444.png,equivalent_plastic_strain,3000,27,0.18011737,-0.744444403052799,5,982526,860,0,12876,generated
99,dabashenliu_run_099\particle_positions_150000.csv,noise_0pct\c3000_phi27.00_logk-0.522222.png,equivalent_plastic_strain,3000,27,0.30045387,-0.522222197678965,0,992026,860,0,32533,generated
99,dabashenliu_run_099\particle_positions_150000.csv,noise_1pct\c3000_phi27.00_logk-0.522222.png,equivalent_plastic_strain,3000,27,0.30045387,-0.522222197678965,1,992126,860,0,32533,generated
99,dabashenliu_run_099\particle_positions_150000.csv,noise_3pct\c3000_phi27.00_logk-0.522222.png,equivalent_plastic_strain,3000,27,0.30045387,-0.522222197678965,3,992326,860,0,32533,generated
99,dabashenliu_run_099\particle_positions_150000.csv,noise_5pct\c3000_phi27.00_logk-0.522222.png,equivalent_plastic_strain,3000,27,0.30045387,-0.522222197678965,5,992526,860,0,32533,generated
100,dabashenliu_run_100\particle_positions_150000.csv,noise_0pct\c3000_phi27.00_logk-0.300000.png,equivalent_plastic_strain,3000,27,0.50118726,-0.299999977147204,0,1002026,860,0,43440,generated
100,dabashenliu_run_100\particle_positions_150000.csv,noise_1pct\c3000_phi27.00_logk-0.300000.png,equivalent_plastic_strain,3000,27,0.50118726,-0.299999977147204,1,1002126,860,0,43440,generated
100,dabashenliu_run_100\particle_positions_150000.csv,noise_3pct\c3000_phi27.00_logk-0.300000.png,equivalent_plastic_strain,3000,27,0.50118726,-0.299999977147204,3,1002326,860,0,43440,generated
100,dabashenliu_run_100\particle_positions_150000.csv,noise_5pct\c3000_phi27.00_logk-0.300000.png,equivalent_plastic_strain,3000,27,0.50118726,-0.299999977147204,5,1002526,860,0,43440,generated
101,dabashenliu_run_101\particle_positions_150000.csv,noise_0pct\c3400_phi18.00_logk-2.300000.png,equivalent_plastic_strain,3400,18,0.0050118724,-2.29999999447783,0,1012026,860,0,9939,generated
101,dabashenliu_run_101\particle_positions_150000.csv,noise_1pct\c3400_phi18.00_logk-2.300000.png,equivalent_plastic_strain,3400,18,0.0050118724,-2.29999999447783,1,1012126,860,0,9939,generated
101,dabashenliu_run_101\particle_positions_150000.csv,noise_3pct\c3400_phi18.00_logk-2.300000.png,equivalent_plastic_strain,3400,18,0.0050118724,-2.29999999447783,3,1012326,860,0,9939,generated
101,dabashenliu_run_101\particle_positions_150000.csv,noise_5pct\c3400_phi18.00_logk-2.300000.png,equivalent_plastic_strain,3400,18,0.0050118724,-2.29999999447783,5,1012526,860,0,9939,generated
102,dabashenliu_run_102\particle_positions_150000.csv,noise_0pct\c3400_phi18.00_logk-2.077778.png,equivalent_plastic_strain,3400,18,0.0083603095,-2.07777764461193,0,1022026,860,0,10034,generated
102,dabashenliu_run_102\particle_positions_150000.csv,noise_1pct\c3400_phi18.00_logk-2.077778.png,equivalent_plastic_strain,3400,18,0.0083603095,-2.07777764461193,1,1022126,860,0,10034,generated
102,dabashenliu_run_102\particle_positions_150000.csv,noise_3pct\c3400_phi18.00_logk-2.077778.png,equivalent_plastic_strain,3400,18,0.0083603095,-2.07777764461193,3,1022326,860,0,10034,generated
102,dabashenliu_run_102\particle_positions_150000.csv,noise_5pct\c3400_phi18.00_logk-2.077778.png,equivalent_plastic_strain,3400,18,0.0083603095,-2.07777764461193,5,1022526,860,0,10034,generated
103,dabashenliu_run_103\particle_positions_150000.csv,noise_0pct\c3400_phi18.00_logk-1.855556.png,equivalent_plastic_strain,3400,18,0.013945831,-1.85555560201739,0,1032026,860,0,10210,generated
103,dabashenliu_run_103\particle_positions_150000.csv,noise_1pct\c3400_phi18.00_logk-1.855556.png,equivalent_plastic_strain,3400,18,0.013945831,-1.85555560201739,1,1032126,860,0,10210,generated
103,dabashenliu_run_103\particle_positions_150000.csv,noise_3pct\c3400_phi18.00_logk-1.855556.png,equivalent_plastic_strain,3400,18,0.013945831,-1.85555560201739,3,1032326,860,0,10210,generated
103,dabashenliu_run_103\particle_positions_150000.csv,noise_5pct\c3400_phi18.00_logk-1.855556.png,equivalent_plastic_strain,3400,18,0.013945831,-1.85555560201739,5,1032526,860,0,10210,generated
104,dabashenliu_run_104\particle_positions_150000.csv,noise_0pct\c3400_phi18.00_logk-1.633333.png,equivalent_plastic_strain,3400,18,0.023263052,-1.63333330853244,0,1042026,860,0,10215,generated
104,dabashenliu_run_104\particle_positions_150000.csv,noise_1pct\c3400_phi18.00_logk-1.633333.png,equivalent_plastic_strain,3400,18,0.023263052,-1.63333330853244,1,1042126,860,0,10215,generated
104,dabashenliu_run_104\particle_positions_150000.csv,noise_3pct\c3400_phi18.00_logk-1.633333.png,equivalent_plastic_strain,3400,18,0.023263052,-1.63333330853244,3,1042326,860,0,10215,generated
104,dabashenliu_run_104\particle_positions_150000.csv,noise_5pct\c3400_phi18.00_logk-1.633333.png,equivalent_plastic_strain,3400,18,0.023263052,-1.63333330853244,5,1042526,860,0,10215,generated
105,dabashenliu_run_105\particle_positions_150000.csv,noise_0pct\c3400_phi18.00_logk-1.411111.png,equivalent_plastic_strain,3400,18,0.038805105,-1.41111113709934,0,1052026,860,0,10493,generated
105,dabashenliu_run_105\particle_positions_150000.csv,noise_1pct\c3400_phi18.00_logk-1.411111.png,equivalent_plastic_strain,3400,18,0.038805105,-1.41111113709934,1,1052126,860,0,10493,generated
105,dabashenliu_run_105\particle_positions_150000.csv,noise_3pct\c3400_phi18.00_logk-1.411111.png,equivalent_plastic_strain,3400,18,0.038805105,-1.41111113709934,3,1052326,860,0,10493,generated
105,dabashenliu_run_105\particle_positions_150000.csv,noise_5pct\c3400_phi18.00_logk-1.411111.png,equivalent_plastic_strain,3400,18,0.038805105,-1.41111113709934,5,1052526,860,0,10493,generated
106,dabashenliu_run_106\particle_positions_150000.csv,noise_0pct\c3400_phi18.00_logk-1.188889.png,equivalent_plastic_strain,3400,18,0.06473083,-1.18888882427963,0,1062026,860,0,16316,generated
106,dabashenliu_run_106\particle_positions_150000.csv,noise_1pct\c3400_phi18.00_logk-1.188889.png,equivalent_plastic_strain,3400,18,0.06473083,-1.18888882427963,1,1062126,860,0,16316,generated
106,dabashenliu_run_106\particle_positions_150000.csv,noise_3pct\c3400_phi18.00_logk-1.188889.png,equivalent_plastic_strain,3400,18,0.06473083,-1.18888882427963,3,1062326,860,0,16316,generated
106,dabashenliu_run_106\particle_positions_150000.csv,noise_5pct\c3400_phi18.00_logk-1.188889.png,equivalent_plastic_strain,3400,18,0.06473083,-1.18888882427963,5,1062526,860,0,16316,generated
107,dabashenliu_run_107\particle_positions_150000.csv,noise_0pct\c3400_phi18.00_logk-0.966667.png,equivalent_plastic_strain,3400,18,0.10797753,-0.966666611293739,0,1072026,860,0,22031,generated
107,dabashenliu_run_107\particle_positions_150000.csv,noise_1pct\c3400_phi18.00_logk-0.966667.png,equivalent_plastic_strain,3400,18,0.10797753,-0.966666611293739,1,1072126,860,0,22031,generated
107,dabashenliu_run_107\particle_positions_150000.csv,noise_3pct\c3400_phi18.00_logk-0.966667.png,equivalent_plastic_strain,3400,18,0.10797753,-0.966666611293739,3,1072326,860,0,22031,generated
107,dabashenliu_run_107\particle_positions_150000.csv,noise_5pct\c3400_phi18.00_logk-0.966667.png,equivalent_plastic_strain,3400,18,0.10797753,-0.966666611293739,5,1072526,860,0,22031,generated
108,dabashenliu_run_108\particle_positions_150000.csv,noise_0pct\c3400_phi18.00_logk-0.744444.png,equivalent_plastic_strain,3400,18,0.18011737,-0.744444403052799,0,1082026,860,0,38434,generated
108,dabashenliu_run_108\particle_positions_150000.csv,noise_1pct\c3400_phi18.00_logk-0.744444.png,equivalent_plastic_strain,3400,18,0.18011737,-0.744444403052799,1,1082126,860,0,38434,generated
108,dabashenliu_run_108\particle_positions_150000.csv,noise_3pct\c3400_phi18.00_logk-0.744444.png,equivalent_plastic_strain,3400,18,0.18011737,-0.744444403052799,3,1082326,860,0,38434,generated
108,dabashenliu_run_108\particle_positions_150000.csv,noise_5pct\c3400_phi18.00_logk-0.744444.png,equivalent_plastic_strain,3400,18,0.18011737,-0.744444403052799,5,1082526,860,0,38434,generated
109,dabashenliu_run_109\particle_positions_150000.csv,noise_0pct\c3400_phi18.00_logk-0.522222.png,equivalent_plastic_strain,3400,18,0.30045387,-0.522222197678965,0,1092026,860,0,53361,generated
109,dabashenliu_run_109\particle_positions_150000.csv,noise_1pct\c3400_phi18.00_logk-0.522222.png,equivalent_plastic_strain,3400,18,0.30045387,-0.522222197678965,1,1092126,860,0,53361,generated
109,dabashenliu_run_109\particle_positions_150000.csv,noise_3pct\c3400_phi18.00_logk-0.522222.png,equivalent_plastic_strain,3400,18,0.30045387,-0.522222197678965,3,1092326,860,0,53361,generated
109,dabashenliu_run_109\particle_positions_150000.csv,noise_5pct\c3400_phi18.00_logk-0.522222.png,equivalent_plastic_strain,3400,18,0.30045387,-0.522222197678965,5,1092526,860,0,53361,generated
110,dabashenliu_run_110\particle_positions_150000.csv,noise_0pct\c3400_phi18.00_logk-0.300000.png,equivalent_plastic_strain,3400,18,0.50118726,-0.299999977147204,0,1102026,860,0,58718,generated
110,dabashenliu_run_110\particle_positions_150000.csv,noise_1pct\c3400_phi18.00_logk-0.300000.png,equivalent_plastic_strain,3400,18,0.50118726,-0.299999977147204,1,1102126,860,0,58718,generated
110,dabashenliu_run_110\particle_positions_150000.csv,noise_3pct\c3400_phi18.00_logk-0.300000.png,equivalent_plastic_strain,3400,18,0.50118726,-0.299999977147204,3,1102326,860,0,58718,generated
110,dabashenliu_run_110\particle_positions_150000.csv,noise_5pct\c3400_phi18.00_logk-0.300000.png,equivalent_plastic_strain,3400,18,0.50118726,-0.299999977147204,5,1102526,860,0,58718,generated
111,dabashenliu_run_111\particle_positions_150000.csv,noise_0pct\c3400_phi19.00_logk-2.300000.png,equivalent_plastic_strain,3400,19,0.0050118724,-2.29999999447783,0,1112026,860,0,16892,generated
111,dabashenliu_run_111\particle_positions_150000.csv,noise_1pct\c3400_phi19.00_logk-2.300000.png,equivalent_plastic_strain,3400,19,0.0050118724,-2.29999999447783,1,1112126,860,0,16892,generated
111,dabashenliu_run_111\particle_positions_150000.csv,noise_3pct\c3400_phi19.00_logk-2.300000.png,equivalent_plastic_strain,3400,19,0.0050118724,-2.29999999447783,3,1112326,860,0,16892,generated
111,dabashenliu_run_111\particle_positions_150000.csv,noise_5pct\c3400_phi19.00_logk-2.300000.png,equivalent_plastic_strain,3400,19,0.0050118724,-2.29999999447783,5,1112526,860,0,16892,generated
112,dabashenliu_run_112\particle_positions_150000.csv,noise_0pct\c3400_phi19.00_logk-2.077778.png,equivalent_plastic_strain,3400,19,0.0083603095,-2.07777764461193,0,1122026,860,0,16251,generated
112,dabashenliu_run_112\particle_positions_150000.csv,noise_1pct\c3400_phi19.00_logk-2.077778.png,equivalent_plastic_strain,3400,19,0.0083603095,-2.07777764461193,1,1122126,860,0,16251,generated
112,dabashenliu_run_112\particle_positions_150000.csv,noise_3pct\c3400_phi19.00_logk-2.077778.png,equivalent_plastic_strain,3400,19,0.0083603095,-2.07777764461193,3,1122326,860,0,16251,generated
112,dabashenliu_run_112\particle_positions_150000.csv,noise_5pct\c3400_phi19.00_logk-2.077778.png,equivalent_plastic_strain,3400,19,0.0083603095,-2.07777764461193,5,1122526,860,0,16251,generated
113,dabashenliu_run_113\particle_positions_150000.csv,noise_0pct\c3400_phi19.00_logk-1.855556.png,equivalent_plastic_strain,3400,19,0.013945831,-1.85555560201739,0,1132026,860,0,16916,generated
113,dabashenliu_run_113\particle_positions_150000.csv,noise_1pct\c3400_phi19.00_logk-1.855556.png,equivalent_plastic_strain,3400,19,0.013945831,-1.85555560201739,1,1132126,860,0,16916,generated
113,dabashenliu_run_113\particle_positions_150000.csv,noise_3pct\c3400_phi19.00_logk-1.855556.png,equivalent_plastic_strain,3400,19,0.013945831,-1.85555560201739,3,1132326,860,0,16916,generated
113,dabashenliu_run_113\particle_positions_150000.csv,noise_5pct\c3400_phi19.00_logk-1.855556.png,equivalent_plastic_strain,3400,19,0.013945831,-1.85555560201739,5,1132526,860,0,16916,generated
114,dabashenliu_run_114\particle_positions_150000.csv,noise_0pct\c3400_phi19.00_logk-1.633333.png,equivalent_plastic_strain,3400,19,0.023263052,-1.63333330853244,0,1142026,860,0,16436,generated
114,dabashenliu_run_114\particle_positions_150000.csv,noise_1pct\c3400_phi19.00_logk-1.633333.png,equivalent_plastic_strain,3400,19,0.023263052,-1.63333330853244,1,1142126,860,0,16436,generated
114,dabashenliu_run_114\particle_positions_150000.csv,noise_3pct\c3400_phi19.00_logk-1.633333.png,equivalent_plastic_strain,3400,19,0.023263052,-1.63333330853244,3,1142326,860,0,16436,generated
114,dabashenliu_run_114\particle_positions_150000.csv,noise_5pct\c3400_phi19.00_logk-1.633333.png,equivalent_plastic_strain,3400,19,0.023263052,-1.63333330853244,5,1142526,860,0,16436,generated
115,dabashenliu_run_115\particle_positions_150000.csv,noise_0pct\c3400_phi19.00_logk-1.411111.png,equivalent_plastic_strain,3400,19,0.038805105,-1.41111113709934,0,1152026,860,0,16471,generated
115,dabashenliu_run_115\particle_positions_150000.csv,noise_1pct\c3400_phi19.00_logk-1.411111.png,equivalent_plastic_strain,3400,19,0.038805105,-1.41111113709934,1,1152126,860,0,16471,generated
115,dabashenliu_run_115\particle_positions_150000.csv,noise_3pct\c3400_phi19.00_logk-1.411111.png,equivalent_plastic_strain,3400,19,0.038805105,-1.41111113709934,3,1152326,860,0,16471,generated
115,dabashenliu_run_115\particle_positions_150000.csv,noise_5pct\c3400_phi19.00_logk-1.411111.png,equivalent_plastic_strain,3400,19,0.038805105,-1.41111113709934,5,1152526,860,0,16471,generated
116,dabashenliu_run_116\particle_positions_150000.csv,noise_0pct\c3400_phi19.00_logk-1.188889.png,equivalent_plastic_strain,3400,19,0.06473083,-1.18888882427963,0,1162026,860,0,19047,generated
116,dabashenliu_run_116\particle_positions_150000.csv,noise_1pct\c3400_phi19.00_logk-1.188889.png,equivalent_plastic_strain,3400,19,0.06473083,-1.18888882427963,1,1162126,860,0,19047,generated
116,dabashenliu_run_116\particle_positions_150000.csv,noise_3pct\c3400_phi19.00_logk-1.188889.png,equivalent_plastic_strain,3400,19,0.06473083,-1.18888882427963,3,1162326,860,0,19047,generated
116,dabashenliu_run_116\particle_positions_150000.csv,noise_5pct\c3400_phi19.00_logk-1.188889.png,equivalent_plastic_strain,3400,19,0.06473083,-1.18888882427963,5,1162526,860,0,19047,generated
117,dabashenliu_run_117\particle_positions_150000.csv,noise_0pct\c3400_phi19.00_logk-0.966667.png,equivalent_plastic_strain,3400,19,0.10797753,-0.966666611293739,0,1172026,860,0,22462,generated
117,dabashenliu_run_117\particle_positions_150000.csv,noise_1pct\c3400_phi19.00_logk-0.966667.png,equivalent_plastic_strain,3400,19,0.10797753,-0.966666611293739,1,1172126,860,0,22462,generated
117,dabashenliu_run_117\particle_positions_150000.csv,noise_3pct\c3400_phi19.00_logk-0.966667.png,equivalent_plastic_strain,3400,19,0.10797753,-0.966666611293739,3,1172326,860,0,22462,generated
117,dabashenliu_run_117\particle_positions_150000.csv,noise_5pct\c3400_phi19.00_logk-0.966667.png,equivalent_plastic_strain,3400,19,0.10797753,-0.966666611293739,5,1172526,860,0,22462,generated
118,dabashenliu_run_118\particle_positions_150000.csv,noise_0pct\c3400_phi19.00_logk-0.744444.png,equivalent_plastic_strain,3400,19,0.18011737,-0.744444403052799,0,1182026,860,0,40331,generated
118,dabashenliu_run_118\particle_positions_150000.csv,noise_1pct\c3400_phi19.00_logk-0.744444.png,equivalent_plastic_strain,3400,19,0.18011737,-0.744444403052799,1,1182126,860,0,40331,generated
118,dabashenliu_run_118\particle_positions_150000.csv,noise_3pct\c3400_phi19.00_logk-0.744444.png,equivalent_plastic_strain,3400,19,0.18011737,-0.744444403052799,3,1182326,860,0,40331,generated
118,dabashenliu_run_118\particle_positions_150000.csv,noise_5pct\c3400_phi19.00_logk-0.744444.png,equivalent_plastic_strain,3400,19,0.18011737,-0.744444403052799,5,1182526,860,0,40331,generated
119,dabashenliu_run_119\particle_positions_150000.csv,noise_0pct\c3400_phi19.00_logk-0.522222.png,equivalent_plastic_strain,3400,19,0.30045387,-0.522222197678965,0,1192026,860,0,54455,generated
119,dabashenliu_run_119\particle_positions_150000.csv,noise_1pct\c3400_phi19.00_logk-0.522222.png,equivalent_plastic_strain,3400,19,0.30045387,-0.522222197678965,1,1192126,860,0,54455,generated
119,dabashenliu_run_119\particle_positions_150000.csv,noise_3pct\c3400_phi19.00_logk-0.522222.png,equivalent_plastic_strain,3400,19,0.30045387,-0.522222197678965,3,1192326,860,0,54455,generated
119,dabashenliu_run_119\particle_positions_150000.csv,noise_5pct\c3400_phi19.00_logk-0.522222.png,equivalent_plastic_strain,3400,19,0.30045387,-0.522222197678965,5,1192526,860,0,54455,generated
120,dabashenliu_run_120\particle_positions_150000.csv,noise_0pct\c3400_phi19.00_logk-0.300000.png,equivalent_plastic_strain,3400,19,0.50118726,-0.299999977147204,0,1202026,860,0,57060,generated
120,dabashenliu_run_120\particle_positions_150000.csv,noise_1pct\c3400_phi19.00_logk-0.300000.png,equivalent_plastic_strain,3400,19,0.50118726,-0.299999977147204,1,1202126,860,0,57060,generated
120,dabashenliu_run_120\particle_positions_150000.csv,noise_3pct\c3400_phi19.00_logk-0.300000.png,equivalent_plastic_strain,3400,19,0.50118726,-0.299999977147204,3,1202326,860,0,57060,generated
120,dabashenliu_run_120\particle_positions_150000.csv,noise_5pct\c3400_phi19.00_logk-0.300000.png,equivalent_plastic_strain,3400,19,0.50118726,-0.299999977147204,5,1202526,860,0,57060,generated
121,dabashenliu_run_121\particle_positions_150000.csv,noise_0pct\c3400_phi20.00_logk-2.300000.png,equivalent_plastic_strain,3400,20,0.0050118724,-2.29999999447783,0,1212026,860,0,3460,generated
121,dabashenliu_run_121\particle_positions_150000.csv,noise_1pct\c3400_phi20.00_logk-2.300000.png,equivalent_plastic_strain,3400,20,0.0050118724,-2.29999999447783,1,1212126,860,0,3460,generated
121,dabashenliu_run_121\particle_positions_150000.csv,noise_3pct\c3400_phi20.00_logk-2.300000.png,equivalent_plastic_strain,3400,20,0.0050118724,-2.29999999447783,3,1212326,860,0,3460,generated
121,dabashenliu_run_121\particle_positions_150000.csv,noise_5pct\c3400_phi20.00_logk-2.300000.png,equivalent_plastic_strain,3400,20,0.0050118724,-2.29999999447783,5,1212526,860,0,3460,generated
122,dabashenliu_run_122\particle_positions_150000.csv,noise_0pct\c3400_phi20.00_logk-2.077778.png,equivalent_plastic_strain,3400,20,0.0083603095,-2.07777764461193,0,1222026,860,0,3450,generated
122,dabashenliu_run_122\particle_positions_150000.csv,noise_1pct\c3400_phi20.00_logk-2.077778.png,equivalent_plastic_strain,3400,20,0.0083603095,-2.07777764461193,1,1222126,860,0,3450,generated
122,dabashenliu_run_122\particle_positions_150000.csv,noise_3pct\c3400_phi20.00_logk-2.077778.png,equivalent_plastic_strain,3400,20,0.0083603095,-2.07777764461193,3,1222326,860,0,3450,generated
122,dabashenliu_run_122\particle_positions_150000.csv,noise_5pct\c3400_phi20.00_logk-2.077778.png,equivalent_plastic_strain,3400,20,0.0083603095,-2.07777764461193,5,1222526,860,0,3450,generated
123,dabashenliu_run_123\particle_positions_150000.csv,noise_0pct\c3400_phi20.00_logk-1.855556.png,equivalent_plastic_strain,3400,20,0.013945831,-1.85555560201739,0,1232026,860,0,3393,generated
123,dabashenliu_run_123\particle_positions_150000.csv,noise_1pct\c3400_phi20.00_logk-1.855556.png,equivalent_plastic_strain,3400,20,0.013945831,-1.85555560201739,1,1232126,860,0,3393,generated
123,dabashenliu_run_123\particle_positions_150000.csv,noise_3pct\c3400_phi20.00_logk-1.855556.png,equivalent_plastic_strain,3400,20,0.013945831,-1.85555560201739,3,1232326,860,0,3393,generated
123,dabashenliu_run_123\particle_positions_150000.csv,noise_5pct\c3400_phi20.00_logk-1.855556.png,equivalent_plastic_strain,3400,20,0.013945831,-1.85555560201739,5,1232526,860,0,3393,generated
124,dabashenliu_run_124\particle_positions_150000.csv,noise_0pct\c3400_phi20.00_logk-1.633333.png,equivalent_plastic_strain,3400,20,0.023263052,-1.63333330853244,0,1242026,860,0,3512,generated
124,dabashenliu_run_124\particle_positions_150000.csv,noise_1pct\c3400_phi20.00_logk-1.633333.png,equivalent_plastic_strain,3400,20,0.023263052,-1.63333330853244,1,1242126,860,0,3512,generated
124,dabashenliu_run_124\particle_positions_150000.csv,noise_3pct\c3400_phi20.00_logk-1.633333.png,equivalent_plastic_strain,3400,20,0.023263052,-1.63333330853244,3,1242326,860,0,3512,generated
124,dabashenliu_run_124\particle_positions_150000.csv,noise_5pct\c3400_phi20.00_logk-1.633333.png,equivalent_plastic_strain,3400,20,0.023263052,-1.63333330853244,5,1242526,860,0,3512,generated
125,dabashenliu_run_125\particle_positions_150000.csv,noise_0pct\c3400_phi20.00_logk-1.411111.png,equivalent_plastic_strain,3400,20,0.038805105,-1.41111113709934,0,1252026,860,0,3614,generated
125,dabashenliu_run_125\particle_positions_150000.csv,noise_1pct\c3400_phi20.00_logk-1.411111.png,equivalent_plastic_strain,3400,20,0.038805105,-1.41111113709934,1,1252126,860,0,3614,generated
125,dabashenliu_run_125\particle_positions_150000.csv,noise_3pct\c3400_phi20.00_logk-1.411111.png,equivalent_plastic_strain,3400,20,0.038805105,-1.41111113709934,3,1252326,860,0,3614,generated
125,dabashenliu_run_125\particle_positions_150000.csv,noise_5pct\c3400_phi20.00_logk-1.411111.png,equivalent_plastic_strain,3400,20,0.038805105,-1.41111113709934,5,1252526,860,0,3614,generated
126,dabashenliu_run_126\particle_positions_150000.csv,noise_0pct\c3400_phi20.00_logk-1.188889.png,equivalent_plastic_strain,3400,20,0.06473083,-1.18888882427963,0,1262026,860,0,6008,generated
126,dabashenliu_run_126\particle_positions_150000.csv,noise_1pct\c3400_phi20.00_logk-1.188889.png,equivalent_plastic_strain,3400,20,0.06473083,-1.18888882427963,1,1262126,860,0,6008,generated
126,dabashenliu_run_126\particle_positions_150000.csv,noise_3pct\c3400_phi20.00_logk-1.188889.png,equivalent_plastic_strain,3400,20,0.06473083,-1.18888882427963,3,1262326,860,0,6008,generated
126,dabashenliu_run_126\particle_positions_150000.csv,noise_5pct\c3400_phi20.00_logk-1.188889.png,equivalent_plastic_strain,3400,20,0.06473083,-1.18888882427963,5,1262526,860,0,6008,generated
127,dabashenliu_run_127\particle_positions_150000.csv,noise_0pct\c3400_phi20.00_logk-0.966667.png,equivalent_plastic_strain,3400,20,0.10797753,-0.966666611293739,0,1272026,860,0,7685,generated
127,dabashenliu_run_127\particle_positions_150000.csv,noise_1pct\c3400_phi20.00_logk-0.966667.png,equivalent_plastic_strain,3400,20,0.10797753,-0.966666611293739,1,1272126,860,0,7685,generated
127,dabashenliu_run_127\particle_positions_150000.csv,noise_3pct\c3400_phi20.00_logk-0.966667.png,equivalent_plastic_strain,3400,20,0.10797753,-0.966666611293739,3,1272326,860,0,7685,generated
127,dabashenliu_run_127\particle_positions_150000.csv,noise_5pct\c3400_phi20.00_logk-0.966667.png,equivalent_plastic_strain,3400,20,0.10797753,-0.966666611293739,5,1272526,860,0,7685,generated
128,dabashenliu_run_128\particle_positions_150000.csv,noise_0pct\c3400_phi20.00_logk-0.744444.png,equivalent_plastic_strain,3400,20,0.18011737,-0.744444403052799,0,1282026,860,0,29335,generated
128,dabashenliu_run_128\particle_positions_150000.csv,noise_1pct\c3400_phi20.00_logk-0.744444.png,equivalent_plastic_strain,3400,20,0.18011737,-0.744444403052799,1,1282126,860,0,29335,generated
128,dabashenliu_run_128\particle_positions_150000.csv,noise_3pct\c3400_phi20.00_logk-0.744444.png,equivalent_plastic_strain,3400,20,0.18011737,-0.744444403052799,3,1282326,860,0,29335,generated
128,dabashenliu_run_128\particle_positions_150000.csv,noise_5pct\c3400_phi20.00_logk-0.744444.png,equivalent_plastic_strain,3400,20,0.18011737,-0.744444403052799,5,1282526,860,0,29335,generated
129,dabashenliu_run_129\particle_positions_150000.csv,noise_0pct\c3400_phi20.00_logk-0.522222.png,equivalent_plastic_strain,3400,20,0.30045387,-0.522222197678965,0,1292026,860,0,48604,generated
129,dabashenliu_run_129\particle_positions_150000.csv,noise_1pct\c3400_phi20.00_logk-0.522222.png,equivalent_plastic_strain,3400,20,0.30045387,-0.522222197678965,1,1292126,860,0,48604,generated
129,dabashenliu_run_129\particle_positions_150000.csv,noise_3pct\c3400_phi20.00_logk-0.522222.png,equivalent_plastic_strain,3400,20,0.30045387,-0.522222197678965,3,1292326,860,0,48604,generated
129,dabashenliu_run_129\particle_positions_150000.csv,noise_5pct\c3400_phi20.00_logk-0.522222.png,equivalent_plastic_strain,3400,20,0.30045387,-0.522222197678965,5,1292526,860,0,48604,generated
130,dabashenliu_run_130\particle_positions_150000.csv,noise_0pct\c3400_phi20.00_logk-0.300000.png,equivalent_plastic_strain,3400,20,0.50118726,-0.299999977147204,0,1302026,860,0,57170,generated
130,dabashenliu_run_130\particle_positions_150000.csv,noise_1pct\c3400_phi20.00_logk-0.300000.png,equivalent_plastic_strain,3400,20,0.50118726,-0.299999977147204,1,1302126,860,0,57170,generated
130,dabashenliu_run_130\particle_positions_150000.csv,noise_3pct\c3400_phi20.00_logk-0.300000.png,equivalent_plastic_strain,3400,20,0.50118726,-0.299999977147204,3,1302326,860,0,57170,generated
130,dabashenliu_run_130\particle_positions_150000.csv,noise_5pct\c3400_phi20.00_logk-0.300000.png,equivalent_plastic_strain,3400,20,0.50118726,-0.299999977147204,5,1302526,860,0,57170,generated
131,dabashenliu_run_131\particle_positions_150000.csv,noise_0pct\c3400_phi21.00_logk-2.300000.png,equivalent_plastic_strain,3400,21,0.0050118724,-2.29999999447783,0,1312026,860,0,5312,generated
131,dabashenliu_run_131\particle_positions_150000.csv,noise_1pct\c3400_phi21.00_logk-2.300000.png,equivalent_plastic_strain,3400,21,0.0050118724,-2.29999999447783,1,1312126,860,0,5312,generated
131,dabashenliu_run_131\particle_positions_150000.csv,noise_3pct\c3400_phi21.00_logk-2.300000.png,equivalent_plastic_strain,3400,21,0.0050118724,-2.29999999447783,3,1312326,860,0,5312,generated
131,dabashenliu_run_131\particle_positions_150000.csv,noise_5pct\c3400_phi21.00_logk-2.300000.png,equivalent_plastic_strain,3400,21,0.0050118724,-2.29999999447783,5,1312526,860,0,5312,generated
132,dabashenliu_run_132\particle_positions_150000.csv,noise_0pct\c3400_phi21.00_logk-2.077778.png,equivalent_plastic_strain,3400,21,0.0083603095,-2.07777764461193,0,1322026,860,0,5628,generated
132,dabashenliu_run_132\particle_positions_150000.csv,noise_1pct\c3400_phi21.00_logk-2.077778.png,equivalent_plastic_strain,3400,21,0.0083603095,-2.07777764461193,1,1322126,860,0,5628,generated
132,dabashenliu_run_132\particle_positions_150000.csv,noise_3pct\c3400_phi21.00_logk-2.077778.png,equivalent_plastic_strain,3400,21,0.0083603095,-2.07777764461193,3,1322326,860,0,5628,generated
132,dabashenliu_run_132\particle_positions_150000.csv,noise_5pct\c3400_phi21.00_logk-2.077778.png,equivalent_plastic_strain,3400,21,0.0083603095,-2.07777764461193,5,1322526,860,0,5628,generated
133,dabashenliu_run_133\particle_positions_150000.csv,noise_0pct\c3400_phi21.00_logk-1.855556.png,equivalent_plastic_strain,3400,21,0.013945831,-1.85555560201739,0,1332026,860,0,5468,generated
133,dabashenliu_run_133\particle_positions_150000.csv,noise_1pct\c3400_phi21.00_logk-1.855556.png,equivalent_plastic_strain,3400,21,0.013945831,-1.85555560201739,1,1332126,860,0,5468,generated
133,dabashenliu_run_133\particle_positions_150000.csv,noise_3pct\c3400_phi21.00_logk-1.855556.png,equivalent_plastic_strain,3400,21,0.013945831,-1.85555560201739,3,1332326,860,0,5468,generated
133,dabashenliu_run_133\particle_positions_150000.csv,noise_5pct\c3400_phi21.00_logk-1.855556.png,equivalent_plastic_strain,3400,21,0.013945831,-1.85555560201739,5,1332526,860,0,5468,generated
134,dabashenliu_run_134\particle_positions_150000.csv,noise_0pct\c3400_phi21.00_logk-1.633333.png,equivalent_plastic_strain,3400,21,0.023263052,-1.63333330853244,0,1342026,860,0,5506,generated
134,dabashenliu_run_134\particle_positions_150000.csv,noise_1pct\c3400_phi21.00_logk-1.633333.png,equivalent_plastic_strain,3400,21,0.023263052,-1.63333330853244,1,1342126,860,0,5506,generated
134,dabashenliu_run_134\particle_positions_150000.csv,noise_3pct\c3400_phi21.00_logk-1.633333.png,equivalent_plastic_strain,3400,21,0.023263052,-1.63333330853244,3,1342326,860,0,5506,generated
134,dabashenliu_run_134\particle_positions_150000.csv,noise_5pct\c3400_phi21.00_logk-1.633333.png,equivalent_plastic_strain,3400,21,0.023263052,-1.63333330853244,5,1342526,860,0,5506,generated
135,dabashenliu_run_135\particle_positions_150000.csv,noise_0pct\c3400_phi21.00_logk-1.411111.png,equivalent_plastic_strain,3400,21,0.038805105,-1.41111113709934,0,1352026,860,0,5706,generated
135,dabashenliu_run_135\particle_positions_150000.csv,noise_1pct\c3400_phi21.00_logk-1.411111.png,equivalent_plastic_strain,3400,21,0.038805105,-1.41111113709934,1,1352126,860,0,5706,generated
135,dabashenliu_run_135\particle_positions_150000.csv,noise_3pct\c3400_phi21.00_logk-1.411111.png,equivalent_plastic_strain,3400,21,0.038805105,-1.41111113709934,3,1352326,860,0,5706,generated
135,dabashenliu_run_135\particle_positions_150000.csv,noise_5pct\c3400_phi21.00_logk-1.411111.png,equivalent_plastic_strain,3400,21,0.038805105,-1.41111113709934,5,1352526,860,0,5706,generated
136,dabashenliu_run_136\particle_positions_150000.csv,noise_0pct\c3400_phi21.00_logk-1.188889.png,equivalent_plastic_strain,3400,21,0.06473083,-1.18888882427963,0,1362026,860,0,9818,generated
136,dabashenliu_run_136\particle_positions_150000.csv,noise_1pct\c3400_phi21.00_logk-1.188889.png,equivalent_plastic_strain,3400,21,0.06473083,-1.18888882427963,1,1362126,860,0,9818,generated
136,dabashenliu_run_136\particle_positions_150000.csv,noise_3pct\c3400_phi21.00_logk-1.188889.png,equivalent_plastic_strain,3400,21,0.06473083,-1.18888882427963,3,1362326,860,0,9818,generated
136,dabashenliu_run_136\particle_positions_150000.csv,noise_5pct\c3400_phi21.00_logk-1.188889.png,equivalent_plastic_strain,3400,21,0.06473083,-1.18888882427963,5,1362526,860,0,9818,generated
137,dabashenliu_run_137\particle_positions_150000.csv,noise_0pct\c3400_phi21.00_logk-0.966667.png,equivalent_plastic_strain,3400,21,0.10797753,-0.966666611293739,0,1372026,860,0,9558,generated
137,dabashenliu_run_137\particle_positions_150000.csv,noise_1pct\c3400_phi21.00_logk-0.966667.png,equivalent_plastic_strain,3400,21,0.10797753,-0.966666611293739,1,1372126,860,0,9558,generated
137,dabashenliu_run_137\particle_positions_150000.csv,noise_3pct\c3400_phi21.00_logk-0.966667.png,equivalent_plastic_strain,3400,21,0.10797753,-0.966666611293739,3,1372326,860,0,9558,generated
137,dabashenliu_run_137\particle_positions_150000.csv,noise_5pct\c3400_phi21.00_logk-0.966667.png,equivalent_plastic_strain,3400,21,0.10797753,-0.966666611293739,5,1372526,860,0,9558,generated
138,dabashenliu_run_138\particle_positions_150000.csv,noise_0pct\c3400_phi21.00_logk-0.744444.png,equivalent_plastic_strain,3400,21,0.18011737,-0.744444403052799,0,1382026,860,0,32293,generated
138,dabashenliu_run_138\particle_positions_150000.csv,noise_1pct\c3400_phi21.00_logk-0.744444.png,equivalent_plastic_strain,3400,21,0.18011737,-0.744444403052799,1,1382126,860,0,32293,generated
138,dabashenliu_run_138\particle_positions_150000.csv,noise_3pct\c3400_phi21.00_logk-0.744444.png,equivalent_plastic_strain,3400,21,0.18011737,-0.744444403052799,3,1382326,860,0,32293,generated
138,dabashenliu_run_138\particle_positions_150000.csv,noise_5pct\c3400_phi21.00_logk-0.744444.png,equivalent_plastic_strain,3400,21,0.18011737,-0.744444403052799,5,1382526,860,0,32293,generated
139,dabashenliu_run_139\particle_positions_150000.csv,noise_0pct\c3400_phi21.00_logk-0.522222.png,equivalent_plastic_strain,3400,21,0.30045387,-0.522222197678965,0,1392026,860,0,45745,generated
139,dabashenliu_run_139\particle_positions_150000.csv,noise_1pct\c3400_phi21.00_logk-0.522222.png,equivalent_plastic_strain,3400,21,0.30045387,-0.522222197678965,1,1392126,860,0,45745,generated
139,dabashenliu_run_139\particle_positions_150000.csv,noise_3pct\c3400_phi21.00_logk-0.522222.png,equivalent_plastic_strain,3400,21,0.30045387,-0.522222197678965,3,1392326,860,0,45745,generated
139,dabashenliu_run_139\particle_positions_150000.csv,noise_5pct\c3400_phi21.00_logk-0.522222.png,equivalent_plastic_strain,3400,21,0.30045387,-0.522222197678965,5,1392526,860,0,45745,generated
140,dabashenliu_run_140\particle_positions_150000.csv,noise_0pct\c3400_phi21.00_logk-0.300000.png,equivalent_plastic_strain,3400,21,0.50118726,-0.299999977147204,0,1402026,860,0,50646,generated
140,dabashenliu_run_140\particle_positions_150000.csv,noise_1pct\c3400_phi21.00_logk-0.300000.png,equivalent_plastic_strain,3400,21,0.50118726,-0.299999977147204,1,1402126,860,0,50646,generated
140,dabashenliu_run_140\particle_positions_150000.csv,noise_3pct\c3400_phi21.00_logk-0.300000.png,equivalent_plastic_strain,3400,21,0.50118726,-0.299999977147204,3,1402326,860,0,50646,generated
140,dabashenliu_run_140\particle_positions_150000.csv,noise_5pct\c3400_phi21.00_logk-0.300000.png,equivalent_plastic_strain,3400,21,0.50118726,-0.299999977147204,5,1402526,860,0,50646,generated
141,dabashenliu_run_141\particle_positions_150000.csv,noise_0pct\c3400_phi22.00_logk-2.300000.png,equivalent_plastic_strain,3400,22,0.0050118724,-2.29999999447783,0,1412026,860,0,1251,generated
141,dabashenliu_run_141\particle_positions_150000.csv,noise_1pct\c3400_phi22.00_logk-2.300000.png,equivalent_plastic_strain,3400,22,0.0050118724,-2.29999999447783,1,1412126,860,0,1251,generated
141,dabashenliu_run_141\particle_positions_150000.csv,noise_3pct\c3400_phi22.00_logk-2.300000.png,equivalent_plastic_strain,3400,22,0.0050118724,-2.29999999447783,3,1412326,860,0,1251,generated
141,dabashenliu_run_141\particle_positions_150000.csv,noise_5pct\c3400_phi22.00_logk-2.300000.png,equivalent_plastic_strain,3400,22,0.0050118724,-2.29999999447783,5,1412526,860,0,1251,generated
142,dabashenliu_run_142\particle_positions_150000.csv,noise_0pct\c3400_phi22.00_logk-2.077778.png,equivalent_plastic_strain,3400,22,0.0083603095,-2.07777764461193,0,1422026,860,0,1274,generated
142,dabashenliu_run_142\particle_positions_150000.csv,noise_1pct\c3400_phi22.00_logk-2.077778.png,equivalent_plastic_strain,3400,22,0.0083603095,-2.07777764461193,1,1422126,860,0,1274,generated
142,dabashenliu_run_142\particle_positions_150000.csv,noise_3pct\c3400_phi22.00_logk-2.077778.png,equivalent_plastic_strain,3400,22,0.0083603095,-2.07777764461193,3,1422326,860,0,1274,generated
142,dabashenliu_run_142\particle_positions_150000.csv,noise_5pct\c3400_phi22.00_logk-2.077778.png,equivalent_plastic_strain,3400,22,0.0083603095,-2.07777764461193,5,1422526,860,0,1274,generated
143,dabashenliu_run_143\particle_positions_150000.csv,noise_0pct\c3400_phi22.00_logk-1.855556.png,equivalent_plastic_strain,3400,22,0.013945831,-1.85555560201739,0,1432026,860,0,1217,generated
143,dabashenliu_run_143\particle_positions_150000.csv,noise_1pct\c3400_phi22.00_logk-1.855556.png,equivalent_plastic_strain,3400,22,0.013945831,-1.85555560201739,1,1432126,860,0,1217,generated
143,dabashenliu_run_143\particle_positions_150000.csv,noise_3pct\c3400_phi22.00_logk-1.855556.png,equivalent_plastic_strain,3400,22,0.013945831,-1.85555560201739,3,1432326,860,0,1217,generated
143,dabashenliu_run_143\particle_positions_150000.csv,noise_5pct\c3400_phi22.00_logk-1.855556.png,equivalent_plastic_strain,3400,22,0.013945831,-1.85555560201739,5,1432526,860,0,1217,generated
144,dabashenliu_run_144\particle_positions_150000.csv,noise_0pct\c3400_phi22.00_logk-1.633333.png,equivalent_plastic_strain,3400,22,0.023263052,-1.63333330853244,0,1442026,860,0,1111,generated
144,dabashenliu_run_144\particle_positions_150000.csv,noise_1pct\c3400_phi22.00_logk-1.633333.png,equivalent_plastic_strain,3400,22,0.023263052,-1.63333330853244,1,1442126,860,0,1111,generated
144,dabashenliu_run_144\particle_positions_150000.csv,noise_3pct\c3400_phi22.00_logk-1.633333.png,equivalent_plastic_strain,3400,22,0.023263052,-1.63333330853244,3,1442326,860,0,1111,generated
144,dabashenliu_run_144\particle_positions_150000.csv,noise_5pct\c3400_phi22.00_logk-1.633333.png,equivalent_plastic_strain,3400,22,0.023263052,-1.63333330853244,5,1442526,860,0,1111,generated
145,dabashenliu_run_145\particle_positions_150000.csv,noise_0pct\c3400_phi22.00_logk-1.411111.png,equivalent_plastic_strain,3400,22,0.038805105,-1.41111113709934,0,1452026,860,0,1222,generated
145,dabashenliu_run_145\particle_positions_150000.csv,noise_1pct\c3400_phi22.00_logk-1.411111.png,equivalent_plastic_strain,3400,22,0.038805105,-1.41111113709934,1,1452126,860,0,1222,generated
145,dabashenliu_run_145\particle_positions_150000.csv,noise_3pct\c3400_phi22.00_logk-1.411111.png,equivalent_plastic_strain,3400,22,0.038805105,-1.41111113709934,3,1452326,860,0,1222,generated
145,dabashenliu_run_145\particle_positions_150000.csv,noise_5pct\c3400_phi22.00_logk-1.411111.png,equivalent_plastic_strain,3400,22,0.038805105,-1.41111113709934,5,1452526,860,0,1222,generated
146,dabashenliu_run_146\particle_positions_150000.csv,noise_0pct\c3400_phi22.00_logk-1.188889.png,equivalent_plastic_strain,3400,22,0.06473083,-1.18888882427963,0,1462026,860,0,2604,generated
146,dabashenliu_run_146\particle_positions_150000.csv,noise_1pct\c3400_phi22.00_logk-1.188889.png,equivalent_plastic_strain,3400,22,0.06473083,-1.18888882427963,1,1462126,860,0,2604,generated
146,dabashenliu_run_146\particle_positions_150000.csv,noise_3pct\c3400_phi22.00_logk-1.188889.png,equivalent_plastic_strain,3400,22,0.06473083,-1.18888882427963,3,1462326,860,0,2604,generated
146,dabashenliu_run_146\particle_positions_150000.csv,noise_5pct\c3400_phi22.00_logk-1.188889.png,equivalent_plastic_strain,3400,22,0.06473083,-1.18888882427963,5,1462526,860,0,2604,generated
147,dabashenliu_run_147\particle_positions_150000.csv,noise_0pct\c3400_phi22.00_logk-0.966667.png,equivalent_plastic_strain,3400,22,0.10797753,-0.966666611293739,0,1472026,860,0,5129,generated
147,dabashenliu_run_147\particle_positions_150000.csv,noise_1pct\c3400_phi22.00_logk-0.966667.png,equivalent_plastic_strain,3400,22,0.10797753,-0.966666611293739,1,1472126,860,0,5129,generated
147,dabashenliu_run_147\particle_positions_150000.csv,noise_3pct\c3400_phi22.00_logk-0.966667.png,equivalent_plastic_strain,3400,22,0.10797753,-0.966666611293739,3,1472326,860,0,5129,generated
147,dabashenliu_run_147\particle_positions_150000.csv,noise_5pct\c3400_phi22.00_logk-0.966667.png,equivalent_plastic_strain,3400,22,0.10797753,-0.966666611293739,5,1472526,860,0,5129,generated
148,dabashenliu_run_148\particle_positions_150000.csv,noise_0pct\c3400_phi22.00_logk-0.744444.png,equivalent_plastic_strain,3400,22,0.18011737,-0.744444403052799,0,1482026,860,0,28157,generated
148,dabashenliu_run_148\particle_positions_150000.csv,noise_1pct\c3400_phi22.00_logk-0.744444.png,equivalent_plastic_strain,3400,22,0.18011737,-0.744444403052799,1,1482126,860,0,28157,generated
148,dabashenliu_run_148\particle_positions_150000.csv,noise_3pct\c3400_phi22.00_logk-0.744444.png,equivalent_plastic_strain,3400,22,0.18011737,-0.744444403052799,3,1482326,860,0,28157,generated
148,dabashenliu_run_148\particle_positions_150000.csv,noise_5pct\c3400_phi22.00_logk-0.744444.png,equivalent_plastic_strain,3400,22,0.18011737,-0.744444403052799,5,1482526,860,0,28157,generated
149,dabashenliu_run_149\particle_positions_150000.csv,noise_0pct\c3400_phi22.00_logk-0.522222.png,equivalent_plastic_strain,3400,22,0.30045387,-0.522222197678965,0,1492026,860,0,40716,generated
149,dabashenliu_run_149\particle_positions_150000.csv,noise_1pct\c3400_phi22.00_logk-0.522222.png,equivalent_plastic_strain,3400,22,0.30045387,-0.522222197678965,1,1492126,860,0,40716,generated
149,dabashenliu_run_149\particle_positions_150000.csv,noise_3pct\c3400_phi22.00_logk-0.522222.png,equivalent_plastic_strain,3400,22,0.30045387,-0.522222197678965,3,1492326,860,0,40716,generated
149,dabashenliu_run_149\particle_positions_150000.csv,noise_5pct\c3400_phi22.00_logk-0.522222.png,equivalent_plastic_strain,3400,22,0.30045387,-0.522222197678965,5,1492526,860,0,40716,generated
150,dabashenliu_run_150\particle_positions_150000.csv,noise_0pct\c3400_phi22.00_logk-0.300000.png,equivalent_plastic_strain,3400,22,0.50118726,-0.299999977147204,0,1502026,860,0,45775,generated
150,dabashenliu_run_150\particle_positions_150000.csv,noise_1pct\c3400_phi22.00_logk-0.300000.png,equivalent_plastic_strain,3400,22,0.50118726,-0.299999977147204,1,1502126,860,0,45775,generated
150,dabashenliu_run_150\particle_positions_150000.csv,noise_3pct\c3400_phi22.00_logk-0.300000.png,equivalent_plastic_strain,3400,22,0.50118726,-0.299999977147204,3,1502326,860,0,45775,generated
150,dabashenliu_run_150\particle_positions_150000.csv,noise_5pct\c3400_phi22.00_logk-0.300000.png,equivalent_plastic_strain,3400,22,0.50118726,-0.299999977147204,5,1502526,860,0,45775,generated
151,dabashenliu_run_151\particle_positions_150000.csv,noise_0pct\c3400_phi23.00_logk-2.300000.png,equivalent_plastic_strain,3400,23,0.0050118724,-2.29999999447783,0,1512026,860,0,48,generated
151,dabashenliu_run_151\particle_positions_150000.csv,noise_1pct\c3400_phi23.00_logk-2.300000.png,equivalent_plastic_strain,3400,23,0.0050118724,-2.29999999447783,1,1512126,860,0,48,generated
151,dabashenliu_run_151\particle_positions_150000.csv,noise_3pct\c3400_phi23.00_logk-2.300000.png,equivalent_plastic_strain,3400,23,0.0050118724,-2.29999999447783,3,1512326,860,0,48,generated
151,dabashenliu_run_151\particle_positions_150000.csv,noise_5pct\c3400_phi23.00_logk-2.300000.png,equivalent_plastic_strain,3400,23,0.0050118724,-2.29999999447783,5,1512526,860,0,48,generated
152,dabashenliu_run_152\particle_positions_150000.csv,noise_0pct\c3400_phi23.00_logk-2.077778.png,equivalent_plastic_strain,3400,23,0.0083603095,-2.07777764461193,0,1522026,860,0,47,generated
152,dabashenliu_run_152\particle_positions_150000.csv,noise_1pct\c3400_phi23.00_logk-2.077778.png,equivalent_plastic_strain,3400,23,0.0083603095,-2.07777764461193,1,1522126,860,0,47,generated
152,dabashenliu_run_152\particle_positions_150000.csv,noise_3pct\c3400_phi23.00_logk-2.077778.png,equivalent_plastic_strain,3400,23,0.0083603095,-2.07777764461193,3,1522326,860,0,47,generated
152,dabashenliu_run_152\particle_positions_150000.csv,noise_5pct\c3400_phi23.00_logk-2.077778.png,equivalent_plastic_strain,3400,23,0.0083603095,-2.07777764461193,5,1522526,860,0,47,generated
153,dabashenliu_run_153\particle_positions_150000.csv,noise_0pct\c3400_phi23.00_logk-1.855556.png,equivalent_plastic_strain,3400,23,0.013945831,-1.85555560201739,0,1532026,860,0,48,generated
153,dabashenliu_run_153\particle_positions_150000.csv,noise_1pct\c3400_phi23.00_logk-1.855556.png,equivalent_plastic_strain,3400,23,0.013945831,-1.85555560201739,1,1532126,860,0,48,generated
153,dabashenliu_run_153\particle_positions_150000.csv,noise_3pct\c3400_phi23.00_logk-1.855556.png,equivalent_plastic_strain,3400,23,0.013945831,-1.85555560201739,3,1532326,860,0,48,generated
153,dabashenliu_run_153\particle_positions_150000.csv,noise_5pct\c3400_phi23.00_logk-1.855556.png,equivalent_plastic_strain,3400,23,0.013945831,-1.85555560201739,5,1532526,860,0,48,generated
154,dabashenliu_run_154\particle_positions_150000.csv,noise_0pct\c3400_phi23.00_logk-1.633333.png,equivalent_plastic_strain,3400,23,0.023263052,-1.63333330853244,0,1542026,860,0,33,generated
154,dabashenliu_run_154\particle_positions_150000.csv,noise_1pct\c3400_phi23.00_logk-1.633333.png,equivalent_plastic_strain,3400,23,0.023263052,-1.63333330853244,1,1542126,860,0,33,generated
154,dabashenliu_run_154\particle_positions_150000.csv,noise_3pct\c3400_phi23.00_logk-1.633333.png,equivalent_plastic_strain,3400,23,0.023263052,-1.63333330853244,3,1542326,860,0,33,generated
154,dabashenliu_run_154\particle_positions_150000.csv,noise_5pct\c3400_phi23.00_logk-1.633333.png,equivalent_plastic_strain,3400,23,0.023263052,-1.63333330853244,5,1542526,860,0,33,generated
155,dabashenliu_run_155\particle_positions_150000.csv,noise_0pct\c3400_phi23.00_logk-1.411111.png,equivalent_plastic_strain,3400,23,0.038805105,-1.41111113709934,0,1552026,860,0,52,generated
155,dabashenliu_run_155\particle_positions_150000.csv,noise_1pct\c3400_phi23.00_logk-1.411111.png,equivalent_plastic_strain,3400,23,0.038805105,-1.41111113709934,1,1552126,860,0,52,generated
155,dabashenliu_run_155\particle_positions_150000.csv,noise_3pct\c3400_phi23.00_logk-1.411111.png,equivalent_plastic_strain,3400,23,0.038805105,-1.41111113709934,3,1552326,860,0,52,generated
155,dabashenliu_run_155\particle_positions_150000.csv,noise_5pct\c3400_phi23.00_logk-1.411111.png,equivalent_plastic_strain,3400,23,0.038805105,-1.41111113709934,5,1552526,860,0,52,generated
156,dabashenliu_run_156\particle_positions_150000.csv,noise_0pct\c3400_phi23.00_logk-1.188889.png,equivalent_plastic_strain,3400,23,0.06473083,-1.18888882427963,0,1562026,860,0,90,generated
156,dabashenliu_run_156\particle_positions_150000.csv,noise_1pct\c3400_phi23.00_logk-1.188889.png,equivalent_plastic_strain,3400,23,0.06473083,-1.18888882427963,1,1562126,860,0,90,generated
156,dabashenliu_run_156\particle_positions_150000.csv,noise_3pct\c3400_phi23.00_logk-1.188889.png,equivalent_plastic_strain,3400,23,0.06473083,-1.18888882427963,3,1562326,860,0,90,generated
156,dabashenliu_run_156\particle_positions_150000.csv,noise_5pct\c3400_phi23.00_logk-1.188889.png,equivalent_plastic_strain,3400,23,0.06473083,-1.18888882427963,5,1562526,860,0,90,generated
157,dabashenliu_run_157\particle_positions_150000.csv,noise_0pct\c3400_phi23.00_logk-0.966667.png,equivalent_plastic_strain,3400,23,0.10797753,-0.966666611293739,0,1572026,860,0,269,generated
157,dabashenliu_run_157\particle_positions_150000.csv,noise_1pct\c3400_phi23.00_logk-0.966667.png,equivalent_plastic_strain,3400,23,0.10797753,-0.966666611293739,1,1572126,860,0,269,generated
157,dabashenliu_run_157\particle_positions_150000.csv,noise_3pct\c3400_phi23.00_logk-0.966667.png,equivalent_plastic_strain,3400,23,0.10797753,-0.966666611293739,3,1572326,860,0,269,generated
157,dabashenliu_run_157\particle_positions_150000.csv,noise_5pct\c3400_phi23.00_logk-0.966667.png,equivalent_plastic_strain,3400,23,0.10797753,-0.966666611293739,5,1572526,860,0,269,generated
158,dabashenliu_run_158\particle_positions_150000.csv,noise_0pct\c3400_phi23.00_logk-0.744444.png,equivalent_plastic_strain,3400,23,0.18011737,-0.744444403052799,0,1582026,860,0,19407,generated
158,dabashenliu_run_158\particle_positions_150000.csv,noise_1pct\c3400_phi23.00_logk-0.744444.png,equivalent_plastic_strain,3400,23,0.18011737,-0.744444403052799,1,1582126,860,0,19407,generated
158,dabashenliu_run_158\particle_positions_150000.csv,noise_3pct\c3400_phi23.00_logk-0.744444.png,equivalent_plastic_strain,3400,23,0.18011737,-0.744444403052799,3,1582326,860,0,19407,generated
158,dabashenliu_run_158\particle_positions_150000.csv,noise_5pct\c3400_phi23.00_logk-0.744444.png,equivalent_plastic_strain,3400,23,0.18011737,-0.744444403052799,5,1582526,860,0,19407,generated
159,dabashenliu_run_159\particle_positions_150000.csv,noise_0pct\c3400_phi23.00_logk-0.522222.png,equivalent_plastic_strain,3400,23,0.30045387,-0.522222197678965,0,1592026,860,0,37119,generated
159,dabashenliu_run_159\particle_positions_150000.csv,noise_1pct\c3400_phi23.00_logk-0.522222.png,equivalent_plastic_strain,3400,23,0.30045387,-0.522222197678965,1,1592126,860,0,37119,generated
159,dabashenliu_run_159\particle_positions_150000.csv,noise_3pct\c3400_phi23.00_logk-0.522222.png,equivalent_plastic_strain,3400,23,0.30045387,-0.522222197678965,3,1592326,860,0,37119,generated
159,dabashenliu_run_159\particle_positions_150000.csv,noise_5pct\c3400_phi23.00_logk-0.522222.png,equivalent_plastic_strain,3400,23,0.30045387,-0.522222197678965,5,1592526,860,0,37119,generated
160,dabashenliu_run_160\particle_positions_150000.csv,noise_0pct\c3400_phi23.00_logk-0.300000.png,equivalent_plastic_strain,3400,23,0.50118726,-0.299999977147204,0,1602026,860,0,43408,generated
160,dabashenliu_run_160\particle_positions_150000.csv,noise_1pct\c3400_phi23.00_logk-0.300000.png,equivalent_plastic_strain,3400,23,0.50118726,-0.299999977147204,1,1602126,860,0,43408,generated
160,dabashenliu_run_160\particle_positions_150000.csv,noise_3pct\c3400_phi23.00_logk-0.300000.png,equivalent_plastic_strain,3400,23,0.50118726,-0.299999977147204,3,1602326,860,0,43408,generated
160,dabashenliu_run_160\particle_positions_150000.csv,noise_5pct\c3400_phi23.00_logk-0.300000.png,equivalent_plastic_strain,3400,23,0.50118726,-0.299999977147204,5,1602526,860,0,43408,generated
161,dabashenliu_run_161\particle_positions_150000.csv,noise_0pct\c3400_phi24.00_logk-2.300000.png,equivalent_plastic_strain,3400,24,0.0050118724,-2.29999999447783,0,1612026,860,0,0,generated
161,dabashenliu_run_161\particle_positions_150000.csv,noise_1pct\c3400_phi24.00_logk-2.300000.png,equivalent_plastic_strain,3400,24,0.0050118724,-2.29999999447783,1,1612126,860,0,0,generated
161,dabashenliu_run_161\particle_positions_150000.csv,noise_3pct\c3400_phi24.00_logk-2.300000.png,equivalent_plastic_strain,3400,24,0.0050118724,-2.29999999447783,3,1612326,860,0,0,generated
161,dabashenliu_run_161\particle_positions_150000.csv,noise_5pct\c3400_phi24.00_logk-2.300000.png,equivalent_plastic_strain,3400,24,0.0050118724,-2.29999999447783,5,1612526,860,0,0,generated
162,dabashenliu_run_162\particle_positions_150000.csv,noise_0pct\c3400_phi24.00_logk-2.077778.png,equivalent_plastic_strain,3400,24,0.0083603095,-2.07777764461193,0,1622026,860,0,0,generated
162,dabashenliu_run_162\particle_positions_150000.csv,noise_1pct\c3400_phi24.00_logk-2.077778.png,equivalent_plastic_strain,3400,24,0.0083603095,-2.07777764461193,1,1622126,860,0,0,generated
162,dabashenliu_run_162\particle_positions_150000.csv,noise_3pct\c3400_phi24.00_logk-2.077778.png,equivalent_plastic_strain,3400,24,0.0083603095,-2.07777764461193,3,1622326,860,0,0,generated
162,dabashenliu_run_162\particle_positions_150000.csv,noise_5pct\c3400_phi24.00_logk-2.077778.png,equivalent_plastic_strain,3400,24,0.0083603095,-2.07777764461193,5,1622526,860,0,0,generated
163,dabashenliu_run_163\particle_positions_150000.csv,noise_0pct\c3400_phi24.00_logk-1.855556.png,equivalent_plastic_strain,3400,24,0.013945831,-1.85555560201739,0,1632026,860,0,0,generated
163,dabashenliu_run_163\particle_positions_150000.csv,noise_1pct\c3400_phi24.00_logk-1.855556.png,equivalent_plastic_strain,3400,24,0.013945831,-1.85555560201739,1,1632126,860,0,0,generated
163,dabashenliu_run_163\particle_positions_150000.csv,noise_3pct\c3400_phi24.00_logk-1.855556.png,equivalent_plastic_strain,3400,24,0.013945831,-1.85555560201739,3,1632326,860,0,0,generated
163,dabashenliu_run_163\particle_positions_150000.csv,noise_5pct\c3400_phi24.00_logk-1.855556.png,equivalent_plastic_strain,3400,24,0.013945831,-1.85555560201739,5,1632526,860,0,0,generated
164,dabashenliu_run_164\particle_positions_150000.csv,noise_0pct\c3400_phi24.00_logk-1.633333.png,equivalent_plastic_strain,3400,24,0.023263052,-1.63333330853244,0,1642026,860,0,0,generated
164,dabashenliu_run_164\particle_positions_150000.csv,noise_1pct\c3400_phi24.00_logk-1.633333.png,equivalent_plastic_strain,3400,24,0.023263052,-1.63333330853244,1,1642126,860,0,0,generated
164,dabashenliu_run_164\particle_positions_150000.csv,noise_3pct\c3400_phi24.00_logk-1.633333.png,equivalent_plastic_strain,3400,24,0.023263052,-1.63333330853244,3,1642326,860,0,0,generated
164,dabashenliu_run_164\particle_positions_150000.csv,noise_5pct\c3400_phi24.00_logk-1.633333.png,equivalent_plastic_strain,3400,24,0.023263052,-1.63333330853244,5,1642526,860,0,0,generated
165,dabashenliu_run_165\particle_positions_150000.csv,noise_0pct\c3400_phi24.00_logk-1.411111.png,equivalent_plastic_strain,3400,24,0.038805105,-1.41111113709934,0,1652026,860,0,0,generated
165,dabashenliu_run_165\particle_positions_150000.csv,noise_1pct\c3400_phi24.00_logk-1.411111.png,equivalent_plastic_strain,3400,24,0.038805105,-1.41111113709934,1,1652126,860,0,0,generated
165,dabashenliu_run_165\particle_positions_150000.csv,noise_3pct\c3400_phi24.00_logk-1.411111.png,equivalent_plastic_strain,3400,24,0.038805105,-1.41111113709934,3,1652326,860,0,0,generated
165,dabashenliu_run_165\particle_positions_150000.csv,noise_5pct\c3400_phi24.00_logk-1.411111.png,equivalent_plastic_strain,3400,24,0.038805105,-1.41111113709934,5,1652526,860,0,0,generated
166,dabashenliu_run_166\particle_positions_150000.csv,noise_0pct\c3400_phi24.00_logk-1.188889.png,equivalent_plastic_strain,3400,24,0.06473083,-1.18888882427963,0,1662026,860,0,0,generated
166,dabashenliu_run_166\particle_positions_150000.csv,noise_1pct\c3400_phi24.00_logk-1.188889.png,equivalent_plastic_strain,3400,24,0.06473083,-1.18888882427963,1,1662126,860,0,0,generated
166,dabashenliu_run_166\particle_positions_150000.csv,noise_3pct\c3400_phi24.00_logk-1.188889.png,equivalent_plastic_strain,3400,24,0.06473083,-1.18888882427963,3,1662326,860,0,0,generated
166,dabashenliu_run_166\particle_positions_150000.csv,noise_5pct\c3400_phi24.00_logk-1.188889.png,equivalent_plastic_strain,3400,24,0.06473083,-1.18888882427963,5,1662526,860,0,0,generated
167,dabashenliu_run_167\particle_positions_150000.csv,noise_0pct\c3400_phi24.00_logk-0.966667.png,equivalent_plastic_strain,3400,24,0.10797753,-0.966666611293739,0,1672026,860,0,17,generated
167,dabashenliu_run_167\particle_positions_150000.csv,noise_1pct\c3400_phi24.00_logk-0.966667.png,equivalent_plastic_strain,3400,24,0.10797753,-0.966666611293739,1,1672126,860,0,17,generated
167,dabashenliu_run_167\particle_positions_150000.csv,noise_3pct\c3400_phi24.00_logk-0.966667.png,equivalent_plastic_strain,3400,24,0.10797753,-0.966666611293739,3,1672326,860,0,17,generated
167,dabashenliu_run_167\particle_positions_150000.csv,noise_5pct\c3400_phi24.00_logk-0.966667.png,equivalent_plastic_strain,3400,24,0.10797753,-0.966666611293739,5,1672526,860,0,17,generated
168,dabashenliu_run_168\particle_positions_150000.csv,noise_0pct\c3400_phi24.00_logk-0.744444.png,equivalent_plastic_strain,3400,24,0.18011737,-0.744444403052799,0,1682026,860,0,13080,generated
168,dabashenliu_run_168\particle_positions_150000.csv,noise_1pct\c3400_phi24.00_logk-0.744444.png,equivalent_plastic_strain,3400,24,0.18011737,-0.744444403052799,1,1682126,860,0,13080,generated
168,dabashenliu_run_168\particle_positions_150000.csv,noise_3pct\c3400_phi24.00_logk-0.744444.png,equivalent_plastic_strain,3400,24,0.18011737,-0.744444403052799,3,1682326,860,0,13080,generated
168,dabashenliu_run_168\particle_positions_150000.csv,noise_5pct\c3400_phi24.00_logk-0.744444.png,equivalent_plastic_strain,3400,24,0.18011737,-0.744444403052799,5,1682526,860,0,13080,generated
169,dabashenliu_run_169\particle_positions_150000.csv,noise_0pct\c3400_phi24.00_logk-0.522222.png,equivalent_plastic_strain,3400,24,0.30045387,-0.522222197678965,0,1692026,860,0,30656,generated
169,dabashenliu_run_169\particle_positions_150000.csv,noise_1pct\c3400_phi24.00_logk-0.522222.png,equivalent_plastic_strain,3400,24,0.30045387,-0.522222197678965,1,1692126,860,0,30656,generated
169,dabashenliu_run_169\particle_positions_150000.csv,noise_3pct\c3400_phi24.00_logk-0.522222.png,equivalent_plastic_strain,3400,24,0.30045387,-0.522222197678965,3,1692326,860,0,30656,generated
169,dabashenliu_run_169\particle_positions_150000.csv,noise_5pct\c3400_phi24.00_logk-0.522222.png,equivalent_plastic_strain,3400,24,0.30045387,-0.522222197678965,5,1692526,860,0,30656,generated
170,dabashenliu_run_170\particle_positions_150000.csv,noise_0pct\c3400_phi24.00_logk-0.300000.png,equivalent_plastic_strain,3400,24,0.50118726,-0.299999977147204,0,1702026,860,0,40797,generated
170,dabashenliu_run_170\particle_positions_150000.csv,noise_1pct\c3400_phi24.00_logk-0.300000.png,equivalent_plastic_strain,3400,24,0.50118726,-0.299999977147204,1,1702126,860,0,40797,generated
170,dabashenliu_run_170\particle_positions_150000.csv,noise_3pct\c3400_phi24.00_logk-0.300000.png,equivalent_plastic_strain,3400,24,0.50118726,-0.299999977147204,3,1702326,860,0,40797,generated
170,dabashenliu_run_170\particle_positions_150000.csv,noise_5pct\c3400_phi24.00_logk-0.300000.png,equivalent_plastic_strain,3400,24,0.50118726,-0.299999977147204,5,1702526,860,0,40797,generated
171,dabashenliu_run_171\particle_positions_150000.csv,noise_0pct\c3400_phi25.00_logk-2.300000.png,equivalent_plastic_strain,3400,25,0.0050118724,-2.29999999447783,0,1712026,860,0,0,generated
171,dabashenliu_run_171\particle_positions_150000.csv,noise_1pct\c3400_phi25.00_logk-2.300000.png,equivalent_plastic_strain,3400,25,0.0050118724,-2.29999999447783,1,1712126,860,0,0,generated
171,dabashenliu_run_171\particle_positions_150000.csv,noise_3pct\c3400_phi25.00_logk-2.300000.png,equivalent_plastic_strain,3400,25,0.0050118724,-2.29999999447783,3,1712326,860,0,0,generated
171,dabashenliu_run_171\particle_positions_150000.csv,noise_5pct\c3400_phi25.00_logk-2.300000.png,equivalent_plastic_strain,3400,25,0.0050118724,-2.29999999447783,5,1712526,860,0,0,generated
172,dabashenliu_run_172\particle_positions_150000.csv,noise_0pct\c3400_phi25.00_logk-2.077778.png,equivalent_plastic_strain,3400,25,0.0083603095,-2.07777764461193,0,1722026,860,0,0,generated
172,dabashenliu_run_172\particle_positions_150000.csv,noise_1pct\c3400_phi25.00_logk-2.077778.png,equivalent_plastic_strain,3400,25,0.0083603095,-2.07777764461193,1,1722126,860,0,0,generated
172,dabashenliu_run_172\particle_positions_150000.csv,noise_3pct\c3400_phi25.00_logk-2.077778.png,equivalent_plastic_strain,3400,25,0.0083603095,-2.07777764461193,3,1722326,860,0,0,generated
172,dabashenliu_run_172\particle_positions_150000.csv,noise_5pct\c3400_phi25.00_logk-2.077778.png,equivalent_plastic_strain,3400,25,0.0083603095,-2.07777764461193,5,1722526,860,0,0,generated
173,dabashenliu_run_173\particle_positions_150000.csv,noise_0pct\c3400_phi25.00_logk-1.855556.png,equivalent_plastic_strain,3400,25,0.013945831,-1.85555560201739,0,1732026,860,0,0,generated
173,dabashenliu_run_173\particle_positions_150000.csv,noise_1pct\c3400_phi25.00_logk-1.855556.png,equivalent_plastic_strain,3400,25,0.013945831,-1.85555560201739,1,1732126,860,0,0,generated
173,dabashenliu_run_173\particle_positions_150000.csv,noise_3pct\c3400_phi25.00_logk-1.855556.png,equivalent_plastic_strain,3400,25,0.013945831,-1.85555560201739,3,1732326,860,0,0,generated
173,dabashenliu_run_173\particle_positions_150000.csv,noise_5pct\c3400_phi25.00_logk-1.855556.png,equivalent_plastic_strain,3400,25,0.013945831,-1.85555560201739,5,1732526,860,0,0,generated
174,dabashenliu_run_174\particle_positions_150000.csv,noise_0pct\c3400_phi25.00_logk-1.633333.png,equivalent_plastic_strain,3400,25,0.023263052,-1.63333330853244,0,1742026,860,0,0,generated
174,dabashenliu_run_174\particle_positions_150000.csv,noise_1pct\c3400_phi25.00_logk-1.633333.png,equivalent_plastic_strain,3400,25,0.023263052,-1.63333330853244,1,1742126,860,0,0,generated
174,dabashenliu_run_174\particle_positions_150000.csv,noise_3pct\c3400_phi25.00_logk-1.633333.png,equivalent_plastic_strain,3400,25,0.023263052,-1.63333330853244,3,1742326,860,0,0,generated
174,dabashenliu_run_174\particle_positions_150000.csv,noise_5pct\c3400_phi25.00_logk-1.633333.png,equivalent_plastic_strain,3400,25,0.023263052,-1.63333330853244,5,1742526,860,0,0,generated
175,dabashenliu_run_175\particle_positions_150000.csv,noise_0pct\c3400_phi25.00_logk-1.411111.png,equivalent_plastic_strain,3400,25,0.038805105,-1.41111113709934,0,1752026,860,0,0,generated
175,dabashenliu_run_175\particle_positions_150000.csv,noise_1pct\c3400_phi25.00_logk-1.411111.png,equivalent_plastic_strain,3400,25,0.038805105,-1.41111113709934,1,1752126,860,0,0,generated
175,dabashenliu_run_175\particle_positions_150000.csv,noise_3pct\c3400_phi25.00_logk-1.411111.png,equivalent_plastic_strain,3400,25,0.038805105,-1.41111113709934,3,1752326,860,0,0,generated
175,dabashenliu_run_175\particle_positions_150000.csv,noise_5pct\c3400_phi25.00_logk-1.411111.png,equivalent_plastic_strain,3400,25,0.038805105,-1.41111113709934,5,1752526,860,0,0,generated
176,dabashenliu_run_176\particle_positions_150000.csv,noise_0pct\c3400_phi25.00_logk-1.188889.png,equivalent_plastic_strain,3400,25,0.06473083,-1.18888882427963,0,1762026,860,0,0,generated
176,dabashenliu_run_176\particle_positions_150000.csv,noise_1pct\c3400_phi25.00_logk-1.188889.png,equivalent_plastic_strain,3400,25,0.06473083,-1.18888882427963,1,1762126,860,0,0,generated
176,dabashenliu_run_176\particle_positions_150000.csv,noise_3pct\c3400_phi25.00_logk-1.188889.png,equivalent_plastic_strain,3400,25,0.06473083,-1.18888882427963,3,1762326,860,0,0,generated
176,dabashenliu_run_176\particle_positions_150000.csv,noise_5pct\c3400_phi25.00_logk-1.188889.png,equivalent_plastic_strain,3400,25,0.06473083,-1.18888882427963,5,1762526,860,0,0,generated
177,dabashenliu_run_177\particle_positions_150000.csv,noise_0pct\c3400_phi25.00_logk-0.966667.png,equivalent_plastic_strain,3400,25,0.10797753,-0.966666611293739,0,1772026,860,0,75,generated
177,dabashenliu_run_177\particle_positions_150000.csv,noise_1pct\c3400_phi25.00_logk-0.966667.png,equivalent_plastic_strain,3400,25,0.10797753,-0.966666611293739,1,1772126,860,0,75,generated
177,dabashenliu_run_177\particle_positions_150000.csv,noise_3pct\c3400_phi25.00_logk-0.966667.png,equivalent_plastic_strain,3400,25,0.10797753,-0.966666611293739,3,1772326,860,0,75,generated
177,dabashenliu_run_177\particle_positions_150000.csv,noise_5pct\c3400_phi25.00_logk-0.966667.png,equivalent_plastic_strain,3400,25,0.10797753,-0.966666611293739,5,1772526,860,0,75,generated
178,dabashenliu_run_178\particle_positions_150000.csv,noise_0pct\c3400_phi25.00_logk-0.744444.png,equivalent_plastic_strain,3400,25,0.18011737,-0.744444403052799,0,1782026,860,0,9412,generated
178,dabashenliu_run_178\particle_positions_150000.csv,noise_1pct\c3400_phi25.00_logk-0.744444.png,equivalent_plastic_strain,3400,25,0.18011737,-0.744444403052799,1,1782126,860,0,9412,generated
178,dabashenliu_run_178\particle_positions_150000.csv,noise_3pct\c3400_phi25.00_logk-0.744444.png,equivalent_plastic_strain,3400,25,0.18011737,-0.744444403052799,3,1782326,860,0,9412,generated
178,dabashenliu_run_178\particle_positions_150000.csv,noise_5pct\c3400_phi25.00_logk-0.744444.png,equivalent_plastic_strain,3400,25,0.18011737,-0.744444403052799,5,1782526,860,0,9412,generated
179,dabashenliu_run_179\particle_positions_150000.csv,noise_0pct\c3400_phi25.00_logk-0.522222.png,equivalent_plastic_strain,3400,25,0.30045387,-0.522222197678965,0,1792026,860,0,23130,generated
179,dabashenliu_run_179\particle_positions_150000.csv,noise_1pct\c3400_phi25.00_logk-0.522222.png,equivalent_plastic_strain,3400,25,0.30045387,-0.522222197678965,1,1792126,860,0,23130,generated
179,dabashenliu_run_179\particle_positions_150000.csv,noise_3pct\c3400_phi25.00_logk-0.522222.png,equivalent_plastic_strain,3400,25,0.30045387,-0.522222197678965,3,1792326,860,0,23130,generated
179,dabashenliu_run_179\particle_positions_150000.csv,noise_5pct\c3400_phi25.00_logk-0.522222.png,equivalent_plastic_strain,3400,25,0.30045387,-0.522222197678965,5,1792526,860,0,23130,generated
180,dabashenliu_run_180\particle_positions_150000.csv,noise_0pct\c3400_phi25.00_logk-0.300000.png,equivalent_plastic_strain,3400,25,0.50118726,-0.299999977147204,0,1802026,860,0,38412,generated
180,dabashenliu_run_180\particle_positions_150000.csv,noise_1pct\c3400_phi25.00_logk-0.300000.png,equivalent_plastic_strain,3400,25,0.50118726,-0.299999977147204,1,1802126,860,0,38412,generated
180,dabashenliu_run_180\particle_positions_150000.csv,noise_3pct\c3400_phi25.00_logk-0.300000.png,equivalent_plastic_strain,3400,25,0.50118726,-0.299999977147204,3,1802326,860,0,38412,generated
180,dabashenliu_run_180\particle_positions_150000.csv,noise_5pct\c3400_phi25.00_logk-0.300000.png,equivalent_plastic_strain,3400,25,0.50118726,-0.299999977147204,5,1802526,860,0,38412,generated
181,dabashenliu_run_181\particle_positions_150000.csv,noise_0pct\c3400_phi26.00_logk-2.300000.png,equivalent_plastic_strain,3400,26,0.0050118724,-2.29999999447783,0,1812026,860,0,0,generated
181,dabashenliu_run_181\particle_positions_150000.csv,noise_1pct\c3400_phi26.00_logk-2.300000.png,equivalent_plastic_strain,3400,26,0.0050118724,-2.29999999447783,1,1812126,860,0,0,generated
181,dabashenliu_run_181\particle_positions_150000.csv,noise_3pct\c3400_phi26.00_logk-2.300000.png,equivalent_plastic_strain,3400,26,0.0050118724,-2.29999999447783,3,1812326,860,0,0,generated
181,dabashenliu_run_181\particle_positions_150000.csv,noise_5pct\c3400_phi26.00_logk-2.300000.png,equivalent_plastic_strain,3400,26,0.0050118724,-2.29999999447783,5,1812526,860,0,0,generated
182,dabashenliu_run_182\particle_positions_150000.csv,noise_0pct\c3400_phi26.00_logk-2.077778.png,equivalent_plastic_strain,3400,26,0.0083603095,-2.07777764461193,0,1822026,860,0,0,generated
182,dabashenliu_run_182\particle_positions_150000.csv,noise_1pct\c3400_phi26.00_logk-2.077778.png,equivalent_plastic_strain,3400,26,0.0083603095,-2.07777764461193,1,1822126,860,0,0,generated
182,dabashenliu_run_182\particle_positions_150000.csv,noise_3pct\c3400_phi26.00_logk-2.077778.png,equivalent_plastic_strain,3400,26,0.0083603095,-2.07777764461193,3,1822326,860,0,0,generated
182,dabashenliu_run_182\particle_positions_150000.csv,noise_5pct\c3400_phi26.00_logk-2.077778.png,equivalent_plastic_strain,3400,26,0.0083603095,-2.07777764461193,5,1822526,860,0,0,generated
183,dabashenliu_run_183\particle_positions_150000.csv,noise_0pct\c3400_phi26.00_logk-1.855556.png,equivalent_plastic_strain,3400,26,0.013945831,-1.85555560201739,0,1832026,860,0,0,generated
183,dabashenliu_run_183\particle_positions_150000.csv,noise_1pct\c3400_phi26.00_logk-1.855556.png,equivalent_plastic_strain,3400,26,0.013945831,-1.85555560201739,1,1832126,860,0,0,generated
183,dabashenliu_run_183\particle_positions_150000.csv,noise_3pct\c3400_phi26.00_logk-1.855556.png,equivalent_plastic_strain,3400,26,0.013945831,-1.85555560201739,3,1832326,860,0,0,generated
183,dabashenliu_run_183\particle_positions_150000.csv,noise_5pct\c3400_phi26.00_logk-1.855556.png,equivalent_plastic_strain,3400,26,0.013945831,-1.85555560201739,5,1832526,860,0,0,generated
184,dabashenliu_run_184\particle_positions_150000.csv,noise_0pct\c3400_phi26.00_logk-1.633333.png,equivalent_plastic_strain,3400,26,0.023263052,-1.63333330853244,0,1842026,860,0,0,generated
184,dabashenliu_run_184\particle_positions_150000.csv,noise_1pct\c3400_phi26.00_logk-1.633333.png,equivalent_plastic_strain,3400,26,0.023263052,-1.63333330853244,1,1842126,860,0,0,generated
184,dabashenliu_run_184\particle_positions_150000.csv,noise_3pct\c3400_phi26.00_logk-1.633333.png,equivalent_plastic_strain,3400,26,0.023263052,-1.63333330853244,3,1842326,860,0,0,generated
184,dabashenliu_run_184\particle_positions_150000.csv,noise_5pct\c3400_phi26.00_logk-1.633333.png,equivalent_plastic_strain,3400,26,0.023263052,-1.63333330853244,5,1842526,860,0,0,generated
185,dabashenliu_run_185\particle_positions_150000.csv,noise_0pct\c3400_phi26.00_logk-1.411111.png,equivalent_plastic_strain,3400,26,0.038805105,-1.41111113709934,0,1852026,860,0,0,generated
185,dabashenliu_run_185\particle_positions_150000.csv,noise_1pct\c3400_phi26.00_logk-1.411111.png,equivalent_plastic_strain,3400,26,0.038805105,-1.41111113709934,1,1852126,860,0,0,generated
185,dabashenliu_run_185\particle_positions_150000.csv,noise_3pct\c3400_phi26.00_logk-1.411111.png,equivalent_plastic_strain,3400,26,0.038805105,-1.41111113709934,3,1852326,860,0,0,generated
185,dabashenliu_run_185\particle_positions_150000.csv,noise_5pct\c3400_phi26.00_logk-1.411111.png,equivalent_plastic_strain,3400,26,0.038805105,-1.41111113709934,5,1852526,860,0,0,generated
186,dabashenliu_run_186\particle_positions_150000.csv,noise_0pct\c3400_phi26.00_logk-1.188889.png,equivalent_plastic_strain,3400,26,0.06473083,-1.18888882427963,0,1862026,860,0,0,generated
186,dabashenliu_run_186\particle_positions_150000.csv,noise_1pct\c3400_phi26.00_logk-1.188889.png,equivalent_plastic_strain,3400,26,0.06473083,-1.18888882427963,1,1862126,860,0,0,generated
186,dabashenliu_run_186\particle_positions_150000.csv,noise_3pct\c3400_phi26.00_logk-1.188889.png,equivalent_plastic_strain,3400,26,0.06473083,-1.18888882427963,3,1862326,860,0,0,generated
186,dabashenliu_run_186\particle_positions_150000.csv,noise_5pct\c3400_phi26.00_logk-1.188889.png,equivalent_plastic_strain,3400,26,0.06473083,-1.18888882427963,5,1862526,860,0,0,generated
187,dabashenliu_run_187\particle_positions_150000.csv,noise_0pct\c3400_phi26.00_logk-0.966667.png,equivalent_plastic_strain,3400,26,0.10797753,-0.966666611293739,0,1872026,860,0,0,generated
187,dabashenliu_run_187\particle_positions_150000.csv,noise_1pct\c3400_phi26.00_logk-0.966667.png,equivalent_plastic_strain,3400,26,0.10797753,-0.966666611293739,1,1872126,860,0,0,generated
187,dabashenliu_run_187\particle_positions_150000.csv,noise_3pct\c3400_phi26.00_logk-0.966667.png,equivalent_plastic_strain,3400,26,0.10797753,-0.966666611293739,3,1872326,860,0,0,generated
187,dabashenliu_run_187\particle_positions_150000.csv,noise_5pct\c3400_phi26.00_logk-0.966667.png,equivalent_plastic_strain,3400,26,0.10797753,-0.966666611293739,5,1872526,860,0,0,generated
188,dabashenliu_run_188\particle_positions_150000.csv,noise_0pct\c3400_phi26.00_logk-0.744444.png,equivalent_plastic_strain,3400,26,0.18011737,-0.744444403052799,0,1882026,860,0,8972,generated
188,dabashenliu_run_188\particle_positions_150000.csv,noise_1pct\c3400_phi26.00_logk-0.744444.png,equivalent_plastic_strain,3400,26,0.18011737,-0.744444403052799,1,1882126,860,0,8972,generated
188,dabashenliu_run_188\particle_positions_150000.csv,noise_3pct\c3400_phi26.00_logk-0.744444.png,equivalent_plastic_strain,3400,26,0.18011737,-0.744444403052799,3,1882326,860,0,8972,generated
188,dabashenliu_run_188\particle_positions_150000.csv,noise_5pct\c3400_phi26.00_logk-0.744444.png,equivalent_plastic_strain,3400,26,0.18011737,-0.744444403052799,5,1882526,860,0,8972,generated
189,dabashenliu_run_189\particle_positions_150000.csv,noise_0pct\c3400_phi26.00_logk-0.522222.png,equivalent_plastic_strain,3400,26,0.30045387,-0.522222197678965,0,1892026,860,0,29729,generated
189,dabashenliu_run_189\particle_positions_150000.csv,noise_1pct\c3400_phi26.00_logk-0.522222.png,equivalent_plastic_strain,3400,26,0.30045387,-0.522222197678965,1,1892126,860,0,29729,generated
189,dabashenliu_run_189\particle_positions_150000.csv,noise_3pct\c3400_phi26.00_logk-0.522222.png,equivalent_plastic_strain,3400,26,0.30045387,-0.522222197678965,3,1892326,860,0,29729,generated
189,dabashenliu_run_189\particle_positions_150000.csv,noise_5pct\c3400_phi26.00_logk-0.522222.png,equivalent_plastic_strain,3400,26,0.30045387,-0.522222197678965,5,1892526,860,0,29729,generated
190,dabashenliu_run_190\particle_positions_150000.csv,noise_0pct\c3400_phi26.00_logk-0.300000.png,equivalent_plastic_strain,3400,26,0.50118726,-0.299999977147204,0,1902026,860,0,36558,generated
190,dabashenliu_run_190\particle_positions_150000.csv,noise_1pct\c3400_phi26.00_logk-0.300000.png,equivalent_plastic_strain,3400,26,0.50118726,-0.299999977147204,1,1902126,860,0,36558,generated
190,dabashenliu_run_190\particle_positions_150000.csv,noise_3pct\c3400_phi26.00_logk-0.300000.png,equivalent_plastic_strain,3400,26,0.50118726,-0.299999977147204,3,1902326,860,0,36558,generated
190,dabashenliu_run_190\particle_positions_150000.csv,noise_5pct\c3400_phi26.00_logk-0.300000.png,equivalent_plastic_strain,3400,26,0.50118726,-0.299999977147204,5,1902526,860,0,36558,generated
191,dabashenliu_run_191\particle_positions_150000.csv,noise_0pct\c3400_phi27.00_logk-2.300000.png,equivalent_plastic_strain,3400,27,0.0050118724,-2.29999999447783,0,1912026,860,0,0,generated
191,dabashenliu_run_191\particle_positions_150000.csv,noise_1pct\c3400_phi27.00_logk-2.300000.png,equivalent_plastic_strain,3400,27,0.0050118724,-2.29999999447783,1,1912126,860,0,0,generated
191,dabashenliu_run_191\particle_positions_150000.csv,noise_3pct\c3400_phi27.00_logk-2.300000.png,equivalent_plastic_strain,3400,27,0.0050118724,-2.29999999447783,3,1912326,860,0,0,generated
191,dabashenliu_run_191\particle_positions_150000.csv,noise_5pct\c3400_phi27.00_logk-2.300000.png,equivalent_plastic_strain,3400,27,0.0050118724,-2.29999999447783,5,1912526,860,0,0,generated
192,dabashenliu_run_192\particle_positions_150000.csv,noise_0pct\c3400_phi27.00_logk-2.077778.png,equivalent_plastic_strain,3400,27,0.0083603095,-2.07777764461193,0,1922026,860,0,0,generated
192,dabashenliu_run_192\particle_positions_150000.csv,noise_1pct\c3400_phi27.00_logk-2.077778.png,equivalent_plastic_strain,3400,27,0.0083603095,-2.07777764461193,1,1922126,860,0,0,generated
192,dabashenliu_run_192\particle_positions_150000.csv,noise_3pct\c3400_phi27.00_logk-2.077778.png,equivalent_plastic_strain,3400,27,0.0083603095,-2.07777764461193,3,1922326,860,0,0,generated
192,dabashenliu_run_192\particle_positions_150000.csv,noise_5pct\c3400_phi27.00_logk-2.077778.png,equivalent_plastic_strain,3400,27,0.0083603095,-2.07777764461193,5,1922526,860,0,0,generated
193,dabashenliu_run_193\particle_positions_150000.csv,noise_0pct\c3400_phi27.00_logk-1.855556.png,equivalent_plastic_strain,3400,27,0.013945831,-1.85555560201739,0,1932026,860,0,0,generated
193,dabashenliu_run_193\particle_positions_150000.csv,noise_1pct\c3400_phi27.00_logk-1.855556.png,equivalent_plastic_strain,3400,27,0.013945831,-1.85555560201739,1,1932126,860,0,0,generated
193,dabashenliu_run_193\particle_positions_150000.csv,noise_3pct\c3400_phi27.00_logk-1.855556.png,equivalent_plastic_strain,3400,27,0.013945831,-1.85555560201739,3,1932326,860,0,0,generated
193,dabashenliu_run_193\particle_positions_150000.csv,noise_5pct\c3400_phi27.00_logk-1.855556.png,equivalent_plastic_strain,3400,27,0.013945831,-1.85555560201739,5,1932526,860,0,0,generated
194,dabashenliu_run_194\particle_positions_150000.csv,noise_0pct\c3400_phi27.00_logk-1.633333.png,equivalent_plastic_strain,3400,27,0.023263052,-1.63333330853244,0,1942026,860,0,0,generated
194,dabashenliu_run_194\particle_positions_150000.csv,noise_1pct\c3400_phi27.00_logk-1.633333.png,equivalent_plastic_strain,3400,27,0.023263052,-1.63333330853244,1,1942126,860,0,0,generated
194,dabashenliu_run_194\particle_positions_150000.csv,noise_3pct\c3400_phi27.00_logk-1.633333.png,equivalent_plastic_strain,3400,27,0.023263052,-1.63333330853244,3,1942326,860,0,0,generated
194,dabashenliu_run_194\particle_positions_150000.csv,noise_5pct\c3400_phi27.00_logk-1.633333.png,equivalent_plastic_strain,3400,27,0.023263052,-1.63333330853244,5,1942526,860,0,0,generated
195,dabashenliu_run_195\particle_positions_150000.csv,noise_0pct\c3400_phi27.00_logk-1.411111.png,equivalent_plastic_strain,3400,27,0.038805105,-1.41111113709934,0,1952026,860,0,0,generated
195,dabashenliu_run_195\particle_positions_150000.csv,noise_1pct\c3400_phi27.00_logk-1.411111.png,equivalent_plastic_strain,3400,27,0.038805105,-1.41111113709934,1,1952126,860,0,0,generated
195,dabashenliu_run_195\particle_positions_150000.csv,noise_3pct\c3400_phi27.00_logk-1.411111.png,equivalent_plastic_strain,3400,27,0.038805105,-1.41111113709934,3,1952326,860,0,0,generated
195,dabashenliu_run_195\particle_positions_150000.csv,noise_5pct\c3400_phi27.00_logk-1.411111.png,equivalent_plastic_strain,3400,27,0.038805105,-1.41111113709934,5,1952526,860,0,0,generated
196,dabashenliu_run_196\particle_positions_150000.csv,noise_0pct\c3400_phi27.00_logk-1.188889.png,equivalent_plastic_strain,3400,27,0.06473083,-1.18888882427963,0,1962026,860,0,0,generated
196,dabashenliu_run_196\particle_positions_150000.csv,noise_1pct\c3400_phi27.00_logk-1.188889.png,equivalent_plastic_strain,3400,27,0.06473083,-1.18888882427963,1,1962126,860,0,0,generated
196,dabashenliu_run_196\particle_positions_150000.csv,noise_3pct\c3400_phi27.00_logk-1.188889.png,equivalent_plastic_strain,3400,27,0.06473083,-1.18888882427963,3,1962326,860,0,0,generated
196,dabashenliu_run_196\particle_positions_150000.csv,noise_5pct\c3400_phi27.00_logk-1.188889.png,equivalent_plastic_strain,3400,27,0.06473083,-1.18888882427963,5,1962526,860,0,0,generated
197,dabashenliu_run_197\particle_positions_150000.csv,noise_0pct\c3400_phi27.00_logk-0.966667.png,equivalent_plastic_strain,3400,27,0.10797753,-0.966666611293739,0,1972026,860,0,0,generated
197,dabashenliu_run_197\particle_positions_150000.csv,noise_1pct\c3400_phi27.00_logk-0.966667.png,equivalent_plastic_strain,3400,27,0.10797753,-0.966666611293739,1,1972126,860,0,0,generated
197,dabashenliu_run_197\particle_positions_150000.csv,noise_3pct\c3400_phi27.00_logk-0.966667.png,equivalent_plastic_strain,3400,27,0.10797753,-0.966666611293739,3,1972326,860,0,0,generated
197,dabashenliu_run_197\particle_positions_150000.csv,noise_5pct\c3400_phi27.00_logk-0.966667.png,equivalent_plastic_strain,3400,27,0.10797753,-0.966666611293739,5,1972526,860,0,0,generated
198,dabashenliu_run_198\particle_positions_150000.csv,noise_0pct\c3400_phi27.00_logk-0.744444.png,equivalent_plastic_strain,3400,27,0.18011737,-0.744444403052799,0,1982026,860,0,5712,generated
198,dabashenliu_run_198\particle_positions_150000.csv,noise_1pct\c3400_phi27.00_logk-0.744444.png,equivalent_plastic_strain,3400,27,0.18011737,-0.744444403052799,1,1982126,860,0,5712,generated
198,dabashenliu_run_198\particle_positions_150000.csv,noise_3pct\c3400_phi27.00_logk-0.744444.png,equivalent_plastic_strain,3400,27,0.18011737,-0.744444403052799,3,1982326,860,0,5712,generated
198,dabashenliu_run_198\particle_positions_150000.csv,noise_5pct\c3400_phi27.00_logk-0.744444.png,equivalent_plastic_strain,3400,27,0.18011737,-0.744444403052799,5,1982526,860,0,5712,generated
199,dabashenliu_run_199\particle_positions_150000.csv,noise_0pct\c3400_phi27.00_logk-0.522222.png,equivalent_plastic_strain,3400,27,0.30045387,-0.522222197678965,0,1992026,860,0,30313,generated
199,dabashenliu_run_199\particle_positions_150000.csv,noise_1pct\c3400_phi27.00_logk-0.522222.png,equivalent_plastic_strain,3400,27,0.30045387,-0.522222197678965,1,1992126,860,0,30313,generated
199,dabashenliu_run_199\particle_positions_150000.csv,noise_3pct\c3400_phi27.00_logk-0.522222.png,equivalent_plastic_strain,3400,27,0.30045387,-0.522222197678965,3,1992326,860,0,30313,generated
199,dabashenliu_run_199\particle_positions_150000.csv,noise_5pct\c3400_phi27.00_logk-0.522222.png,equivalent_plastic_strain,3400,27,0.30045387,-0.522222197678965,5,1992526,860,0,30313,generated
200,dabashenliu_run_200\particle_positions_150000.csv,noise_0pct\c3400_phi27.00_logk-0.300000.png,equivalent_plastic_strain,3400,27,0.50118726,-0.299999977147204,0,2002026,860,0,36625,generated
200,dabashenliu_run_200\particle_positions_150000.csv,noise_1pct\c3400_phi27.00_logk-0.300000.png,equivalent_plastic_strain,3400,27,0.50118726,-0.299999977147204,1,2002126,860,0,36625,generated
200,dabashenliu_run_200\particle_positions_150000.csv,noise_3pct\c3400_phi27.00_logk-0.300000.png,equivalent_plastic_strain,3400,27,0.50118726,-0.299999977147204,3,2002326,860,0,36625,generated
200,dabashenliu_run_200\particle_positions_150000.csv,noise_5pct\c3400_phi27.00_logk-0.300000.png,equivalent_plastic_strain,3400,27,0.50118726,-0.299999977147204,5,2002526,860,0,36625,generated
201,dabashenliu_run_201\particle_positions_150000.csv,noise_0pct\c3800_phi18.00_logk-2.300000.png,equivalent_plastic_strain,3800,18,0.0050118724,-2.29999999447783,0,2012026,860,0,10562,generated
201,dabashenliu_run_201\particle_positions_150000.csv,noise_1pct\c3800_phi18.00_logk-2.300000.png,equivalent_plastic_strain,3800,18,0.0050118724,-2.29999999447783,1,2012126,860,0,10562,generated
201,dabashenliu_run_201\particle_positions_150000.csv,noise_3pct\c3800_phi18.00_logk-2.300000.png,equivalent_plastic_strain,3800,18,0.0050118724,-2.29999999447783,3,2012326,860,0,10562,generated
201,dabashenliu_run_201\particle_positions_150000.csv,noise_5pct\c3800_phi18.00_logk-2.300000.png,equivalent_plastic_strain,3800,18,0.0050118724,-2.29999999447783,5,2012526,860,0,10562,generated
202,dabashenliu_run_202\particle_positions_150000.csv,noise_0pct\c3800_phi18.00_logk-2.077778.png,equivalent_plastic_strain,3800,18,0.0083603095,-2.07777764461193,0,2022026,860,0,9916,generated
202,dabashenliu_run_202\particle_positions_150000.csv,noise_1pct\c3800_phi18.00_logk-2.077778.png,equivalent_plastic_strain,3800,18,0.0083603095,-2.07777764461193,1,2022126,860,0,9916,generated
202,dabashenliu_run_202\particle_positions_150000.csv,noise_3pct\c3800_phi18.00_logk-2.077778.png,equivalent_plastic_strain,3800,18,0.0083603095,-2.07777764461193,3,2022326,860,0,9916,generated
202,dabashenliu_run_202\particle_positions_150000.csv,noise_5pct\c3800_phi18.00_logk-2.077778.png,equivalent_plastic_strain,3800,18,0.0083603095,-2.07777764461193,5,2022526,860,0,9916,generated
203,dabashenliu_run_203\particle_positions_150000.csv,noise_0pct\c3800_phi18.00_logk-1.855556.png,equivalent_plastic_strain,3800,18,0.013945831,-1.85555560201739,0,2032026,860,0,10380,generated
203,dabashenliu_run_203\particle_positions_150000.csv,noise_1pct\c3800_phi18.00_logk-1.855556.png,equivalent_plastic_strain,3800,18,0.013945831,-1.85555560201739,1,2032126,860,0,10380,generated
203,dabashenliu_run_203\particle_positions_150000.csv,noise_3pct\c3800_phi18.00_logk-1.855556.png,equivalent_plastic_strain,3800,18,0.013945831,-1.85555560201739,3,2032326,860,0,10380,generated
203,dabashenliu_run_203\particle_positions_150000.csv,noise_5pct\c3800_phi18.00_logk-1.855556.png,equivalent_plastic_strain,3800,18,0.013945831,-1.85555560201739,5,2032526,860,0,10380,generated
204,dabashenliu_run_204\particle_positions_150000.csv,noise_0pct\c3800_phi18.00_logk-1.633333.png,equivalent_plastic_strain,3800,18,0.023263052,-1.63333330853244,0,2042026,860,0,10325,generated
204,dabashenliu_run_204\particle_positions_150000.csv,noise_1pct\c3800_phi18.00_logk-1.633333.png,equivalent_plastic_strain,3800,18,0.023263052,-1.63333330853244,1,2042126,860,0,10325,generated
204,dabashenliu_run_204\particle_positions_150000.csv,noise_3pct\c3800_phi18.00_logk-1.633333.png,equivalent_plastic_strain,3800,18,0.023263052,-1.63333330853244,3,2042326,860,0,10325,generated
204,dabashenliu_run_204\particle_positions_150000.csv,noise_5pct\c3800_phi18.00_logk-1.633333.png,equivalent_plastic_strain,3800,18,0.023263052,-1.63333330853244,5,2042526,860,0,10325,generated
205,dabashenliu_run_205\particle_positions_150000.csv,noise_0pct\c3800_phi18.00_logk-1.411111.png,equivalent_plastic_strain,3800,18,0.038805105,-1.41111113709934,0,2052026,860,0,10594,generated
205,dabashenliu_run_205\particle_positions_150000.csv,noise_1pct\c3800_phi18.00_logk-1.411111.png,equivalent_plastic_strain,3800,18,0.038805105,-1.41111113709934,1,2052126,860,0,10594,generated
205,dabashenliu_run_205\particle_positions_150000.csv,noise_3pct\c3800_phi18.00_logk-1.411111.png,equivalent_plastic_strain,3800,18,0.038805105,-1.41111113709934,3,2052326,860,0,10594,generated
205,dabashenliu_run_205\particle_positions_150000.csv,noise_5pct\c3800_phi18.00_logk-1.411111.png,equivalent_plastic_strain,3800,18,0.038805105,-1.41111113709934,5,2052526,860,0,10594,generated
206,dabashenliu_run_206\particle_positions_150000.csv,noise_0pct\c3800_phi18.00_logk-1.188889.png,equivalent_plastic_strain,3800,18,0.06473083,-1.18888882427963,0,2062026,860,0,13854,generated
206,dabashenliu_run_206\particle_positions_150000.csv,noise_1pct\c3800_phi18.00_logk-1.188889.png,equivalent_plastic_strain,3800,18,0.06473083,-1.18888882427963,1,2062126,860,0,13854,generated
206,dabashenliu_run_206\particle_positions_150000.csv,noise_3pct\c3800_phi18.00_logk-1.188889.png,equivalent_plastic_strain,3800,18,0.06473083,-1.18888882427963,3,2062326,860,0,13854,generated
206,dabashenliu_run_206\particle_positions_150000.csv,noise_5pct\c3800_phi18.00_logk-1.188889.png,equivalent_plastic_strain,3800,18,0.06473083,-1.18888882427963,5,2062526,860,0,13854,generated
207,dabashenliu_run_207\particle_positions_150000.csv,noise_0pct\c3800_phi18.00_logk-0.966667.png,equivalent_plastic_strain,3800,18,0.10797753,-0.966666611293739,0,2072026,860,0,13593,generated
207,dabashenliu_run_207\particle_positions_150000.csv,noise_1pct\c3800_phi18.00_logk-0.966667.png,equivalent_plastic_strain,3800,18,0.10797753,-0.966666611293739,1,2072126,860,0,13593,generated
207,dabashenliu_run_207\particle_positions_150000.csv,noise_3pct\c3800_phi18.00_logk-0.966667.png,equivalent_plastic_strain,3800,18,0.10797753,-0.966666611293739,3,2072326,860,0,13593,generated
207,dabashenliu_run_207\particle_positions_150000.csv,noise_5pct\c3800_phi18.00_logk-0.966667.png,equivalent_plastic_strain,3800,18,0.10797753,-0.966666611293739,5,2072526,860,0,13593,generated
208,dabashenliu_run_208\particle_positions_150000.csv,noise_0pct\c3800_phi18.00_logk-0.744444.png,equivalent_plastic_strain,3800,18,0.18011737,-0.744444403052799,0,2082026,860,0,28546,generated
208,dabashenliu_run_208\particle_positions_150000.csv,noise_1pct\c3800_phi18.00_logk-0.744444.png,equivalent_plastic_strain,3800,18,0.18011737,-0.744444403052799,1,2082126,860,0,28546,generated
208,dabashenliu_run_208\particle_positions_150000.csv,noise_3pct\c3800_phi18.00_logk-0.744444.png,equivalent_plastic_strain,3800,18,0.18011737,-0.744444403052799,3,2082326,860,0,28546,generated
208,dabashenliu_run_208\particle_positions_150000.csv,noise_5pct\c3800_phi18.00_logk-0.744444.png,equivalent_plastic_strain,3800,18,0.18011737,-0.744444403052799,5,2082526,860,0,28546,generated
209,dabashenliu_run_209\particle_positions_150000.csv,noise_0pct\c3800_phi18.00_logk-0.522222.png,equivalent_plastic_strain,3800,18,0.30045387,-0.522222197678965,0,2092026,860,0,47664,generated
209,dabashenliu_run_209\particle_positions_150000.csv,noise_1pct\c3800_phi18.00_logk-0.522222.png,equivalent_plastic_strain,3800,18,0.30045387,-0.522222197678965,1,2092126,860,0,47664,generated
209,dabashenliu_run_209\particle_positions_150000.csv,noise_3pct\c3800_phi18.00_logk-0.522222.png,equivalent_plastic_strain,3800,18,0.30045387,-0.522222197678965,3,2092326,860,0,47664,generated
209,dabashenliu_run_209\particle_positions_150000.csv,noise_5pct\c3800_phi18.00_logk-0.522222.png,equivalent_plastic_strain,3800,18,0.30045387,-0.522222197678965,5,2092526,860,0,47664,generated
210,dabashenliu_run_210\particle_positions_150000.csv,noise_0pct\c3800_phi18.00_logk-0.300000.png,equivalent_plastic_strain,3800,18,0.50118726,-0.299999977147204,0,2102026,860,0,57364,generated
210,dabashenliu_run_210\particle_positions_150000.csv,noise_1pct\c3800_phi18.00_logk-0.300000.png,equivalent_plastic_strain,3800,18,0.50118726,-0.299999977147204,1,2102126,860,0,57364,generated
210,dabashenliu_run_210\particle_positions_150000.csv,noise_3pct\c3800_phi18.00_logk-0.300000.png,equivalent_plastic_strain,3800,18,0.50118726,-0.299999977147204,3,2102326,860,0,57364,generated
210,dabashenliu_run_210\particle_positions_150000.csv,noise_5pct\c3800_phi18.00_logk-0.300000.png,equivalent_plastic_strain,3800,18,0.50118726,-0.299999977147204,5,2102526,860,0,57364,generated
211,dabashenliu_run_211\particle_positions_150000.csv,noise_0pct\c3800_phi19.00_logk-2.300000.png,equivalent_plastic_strain,3800,19,0.0050118724,-2.29999999447783,0,2112026,860,0,960,generated
211,dabashenliu_run_211\particle_positions_150000.csv,noise_1pct\c3800_phi19.00_logk-2.300000.png,equivalent_plastic_strain,3800,19,0.0050118724,-2.29999999447783,1,2112126,860,0,960,generated
211,dabashenliu_run_211\particle_positions_150000.csv,noise_3pct\c3800_phi19.00_logk-2.300000.png,equivalent_plastic_strain,3800,19,0.0050118724,-2.29999999447783,3,2112326,860,0,960,generated
211,dabashenliu_run_211\particle_positions_150000.csv,noise_5pct\c3800_phi19.00_logk-2.300000.png,equivalent_plastic_strain,3800,19,0.0050118724,-2.29999999447783,5,2112526,860,0,960,generated
212,dabashenliu_run_212\particle_positions_150000.csv,noise_0pct\c3800_phi19.00_logk-2.077778.png,equivalent_plastic_strain,3800,19,0.0083603095,-2.07777764461193,0,2122026,860,0,959,generated
212,dabashenliu_run_212\particle_positions_150000.csv,noise_1pct\c3800_phi19.00_logk-2.077778.png,equivalent_plastic_strain,3800,19,0.0083603095,-2.07777764461193,1,2122126,860,0,959,generated
212,dabashenliu_run_212\particle_positions_150000.csv,noise_3pct\c3800_phi19.00_logk-2.077778.png,equivalent_plastic_strain,3800,19,0.0083603095,-2.07777764461193,3,2122326,860,0,959,generated
212,dabashenliu_run_212\particle_positions_150000.csv,noise_5pct\c3800_phi19.00_logk-2.077778.png,equivalent_plastic_strain,3800,19,0.0083603095,-2.07777764461193,5,2122526,860,0,959,generated
213,dabashenliu_run_213\particle_positions_150000.csv,noise_0pct\c3800_phi19.00_logk-1.855556.png,equivalent_plastic_strain,3800,19,0.013945831,-1.85555560201739,0,2132026,860,0,964,generated
213,dabashenliu_run_213\particle_positions_150000.csv,noise_1pct\c3800_phi19.00_logk-1.855556.png,equivalent_plastic_strain,3800,19,0.013945831,-1.85555560201739,1,2132126,860,0,964,generated
213,dabashenliu_run_213\particle_positions_150000.csv,noise_3pct\c3800_phi19.00_logk-1.855556.png,equivalent_plastic_strain,3800,19,0.013945831,-1.85555560201739,3,2132326,860,0,964,generated
213,dabashenliu_run_213\particle_positions_150000.csv,noise_5pct\c3800_phi19.00_logk-1.855556.png,equivalent_plastic_strain,3800,19,0.013945831,-1.85555560201739,5,2132526,860,0,964,generated
214,dabashenliu_run_214\particle_positions_150000.csv,noise_0pct\c3800_phi19.00_logk-1.633333.png,equivalent_plastic_strain,3800,19,0.023263052,-1.63333330853244,0,2142026,860,0,935,generated
214,dabashenliu_run_214\particle_positions_150000.csv,noise_1pct\c3800_phi19.00_logk-1.633333.png,equivalent_plastic_strain,3800,19,0.023263052,-1.63333330853244,1,2142126,860,0,935,generated
214,dabashenliu_run_214\particle_positions_150000.csv,noise_3pct\c3800_phi19.00_logk-1.633333.png,equivalent_plastic_strain,3800,19,0.023263052,-1.63333330853244,3,2142326,860,0,935,generated
214,dabashenliu_run_214\particle_positions_150000.csv,noise_5pct\c3800_phi19.00_logk-1.633333.png,equivalent_plastic_strain,3800,19,0.023263052,-1.63333330853244,5,2142526,860,0,935,generated
215,dabashenliu_run_215\particle_positions_150000.csv,noise_0pct\c3800_phi19.00_logk-1.411111.png,equivalent_plastic_strain,3800,19,0.038805105,-1.41111113709934,0,2152026,860,0,1076,generated
215,dabashenliu_run_215\particle_positions_150000.csv,noise_1pct\c3800_phi19.00_logk-1.411111.png,equivalent_plastic_strain,3800,19,0.038805105,-1.41111113709934,1,2152126,860,0,1076,generated
215,dabashenliu_run_215\particle_positions_150000.csv,noise_3pct\c3800_phi19.00_logk-1.411111.png,equivalent_plastic_strain,3800,19,0.038805105,-1.41111113709934,3,2152326,860,0,1076,generated
215,dabashenliu_run_215\particle_positions_150000.csv,noise_5pct\c3800_phi19.00_logk-1.411111.png,equivalent_plastic_strain,3800,19,0.038805105,-1.41111113709934,5,2152526,860,0,1076,generated
216,dabashenliu_run_216\particle_positions_150000.csv,noise_0pct\c3800_phi19.00_logk-1.188889.png,equivalent_plastic_strain,3800,19,0.06473083,-1.18888882427963,0,2162026,860,0,2327,generated
216,dabashenliu_run_216\particle_positions_150000.csv,noise_1pct\c3800_phi19.00_logk-1.188889.png,equivalent_plastic_strain,3800,19,0.06473083,-1.18888882427963,1,2162126,860,0,2327,generated
216,dabashenliu_run_216\particle_positions_150000.csv,noise_3pct\c3800_phi19.00_logk-1.188889.png,equivalent_plastic_strain,3800,19,0.06473083,-1.18888882427963,3,2162326,860,0,2327,generated
216,dabashenliu_run_216\particle_positions_150000.csv,noise_5pct\c3800_phi19.00_logk-1.188889.png,equivalent_plastic_strain,3800,19,0.06473083,-1.18888882427963,5,2162526,860,0,2327,generated
217,dabashenliu_run_217\particle_positions_150000.csv,noise_0pct\c3800_phi19.00_logk-0.966667.png,equivalent_plastic_strain,3800,19,0.10797753,-0.966666611293739,0,2172026,860,0,4608,generated
217,dabashenliu_run_217\particle_positions_150000.csv,noise_1pct\c3800_phi19.00_logk-0.966667.png,equivalent_plastic_strain,3800,19,0.10797753,-0.966666611293739,1,2172126,860,0,4608,generated
217,dabashenliu_run_217\particle_positions_150000.csv,noise_3pct\c3800_phi19.00_logk-0.966667.png,equivalent_plastic_strain,3800,19,0.10797753,-0.966666611293739,3,2172326,860,0,4608,generated
217,dabashenliu_run_217\particle_positions_150000.csv,noise_5pct\c3800_phi19.00_logk-0.966667.png,equivalent_plastic_strain,3800,19,0.10797753,-0.966666611293739,5,2172526,860,0,4608,generated
218,dabashenliu_run_218\particle_positions_150000.csv,noise_0pct\c3800_phi19.00_logk-0.744444.png,equivalent_plastic_strain,3800,19,0.18011737,-0.744444403052799,0,2182026,860,0,27086,generated
218,dabashenliu_run_218\particle_positions_150000.csv,noise_1pct\c3800_phi19.00_logk-0.744444.png,equivalent_plastic_strain,3800,19,0.18011737,-0.744444403052799,1,2182126,860,0,27086,generated
218,dabashenliu_run_218\particle_positions_150000.csv,noise_3pct\c3800_phi19.00_logk-0.744444.png,equivalent_plastic_strain,3800,19,0.18011737,-0.744444403052799,3,2182326,860,0,27086,generated
218,dabashenliu_run_218\particle_positions_150000.csv,noise_5pct\c3800_phi19.00_logk-0.744444.png,equivalent_plastic_strain,3800,19,0.18011737,-0.744444403052799,5,2182526,860,0,27086,generated
219,dabashenliu_run_219\particle_positions_150000.csv,noise_0pct\c3800_phi19.00_logk-0.522222.png,equivalent_plastic_strain,3800,19,0.30045387,-0.522222197678965,0,2192026,860,0,39965,generated
219,dabashenliu_run_219\particle_positions_150000.csv,noise_1pct\c3800_phi19.00_logk-0.522222.png,equivalent_plastic_strain,3800,19,0.30045387,-0.522222197678965,1,2192126,860,0,39965,generated
219,dabashenliu_run_219\particle_positions_150000.csv,noise_3pct\c3800_phi19.00_logk-0.522222.png,equivalent_plastic_strain,3800,19,0.30045387,-0.522222197678965,3,2192326,860,0,39965,generated
219,dabashenliu_run_219\particle_positions_150000.csv,noise_5pct\c3800_phi19.00_logk-0.522222.png,equivalent_plastic_strain,3800,19,0.30045387,-0.522222197678965,5,2192526,860,0,39965,generated
220,dabashenliu_run_220\particle_positions_150000.csv,noise_0pct\c3800_phi19.00_logk-0.300000.png,equivalent_plastic_strain,3800,19,0.50118726,-0.299999977147204,0,2202026,860,0,49163,generated
220,dabashenliu_run_220\particle_positions_150000.csv,noise_1pct\c3800_phi19.00_logk-0.300000.png,equivalent_plastic_strain,3800,19,0.50118726,-0.299999977147204,1,2202126,860,0,49163,generated
220,dabashenliu_run_220\particle_positions_150000.csv,noise_3pct\c3800_phi19.00_logk-0.300000.png,equivalent_plastic_strain,3800,19,0.50118726,-0.299999977147204,3,2202326,860,0,49163,generated
220,dabashenliu_run_220\particle_positions_150000.csv,noise_5pct\c3800_phi19.00_logk-0.300000.png,equivalent_plastic_strain,3800,19,0.50118726,-0.299999977147204,5,2202526,860,0,49163,generated
221,dabashenliu_run_221\particle_positions_150000.csv,noise_0pct\c3800_phi20.00_logk-2.300000.png,equivalent_plastic_strain,3800,20,0.0050118724,-2.29999999447783,0,2212026,860,0,273,generated
221,dabashenliu_run_221\particle_positions_150000.csv,noise_1pct\c3800_phi20.00_logk-2.300000.png,equivalent_plastic_strain,3800,20,0.0050118724,-2.29999999447783,1,2212126,860,0,273,generated
221,dabashenliu_run_221\particle_positions_150000.csv,noise_3pct\c3800_phi20.00_logk-2.300000.png,equivalent_plastic_strain,3800,20,0.0050118724,-2.29999999447783,3,2212326,860,0,273,generated
221,dabashenliu_run_221\particle_positions_150000.csv,noise_5pct\c3800_phi20.00_logk-2.300000.png,equivalent_plastic_strain,3800,20,0.0050118724,-2.29999999447783,5,2212526,860,0,273,generated
222,dabashenliu_run_222\particle_positions_150000.csv,noise_0pct\c3800_phi20.00_logk-2.077778.png,equivalent_plastic_strain,3800,20,0.0083603095,-2.07777764461193,0,2222026,860,0,287,generated
222,dabashenliu_run_222\particle_positions_150000.csv,noise_1pct\c3800_phi20.00_logk-2.077778.png,equivalent_plastic_strain,3800,20,0.0083603095,-2.07777764461193,1,2222126,860,0,287,generated
222,dabashenliu_run_222\particle_positions_150000.csv,noise_3pct\c3800_phi20.00_logk-2.077778.png,equivalent_plastic_strain,3800,20,0.0083603095,-2.07777764461193,3,2222326,860,0,287,generated
222,dabashenliu_run_222\particle_positions_150000.csv,noise_5pct\c3800_phi20.00_logk-2.077778.png,equivalent_plastic_strain,3800,20,0.0083603095,-2.07777764461193,5,2222526,860,0,287,generated
223,dabashenliu_run_223\particle_positions_150000.csv,noise_0pct\c3800_phi20.00_logk-1.855556.png,equivalent_plastic_strain,3800,20,0.013945831,-1.85555560201739,0,2232026,860,0,290,generated
223,dabashenliu_run_223\particle_positions_150000.csv,noise_1pct\c3800_phi20.00_logk-1.855556.png,equivalent_plastic_strain,3800,20,0.013945831,-1.85555560201739,1,2232126,860,0,290,generated
223,dabashenliu_run_223\particle_positions_150000.csv,noise_3pct\c3800_phi20.00_logk-1.855556.png,equivalent_plastic_strain,3800,20,0.013945831,-1.85555560201739,3,2232326,860,0,290,generated
223,dabashenliu_run_223\particle_positions_150000.csv,noise_5pct\c3800_phi20.00_logk-1.855556.png,equivalent_plastic_strain,3800,20,0.013945831,-1.85555560201739,5,2232526,860,0,290,generated
224,dabashenliu_run_224\particle_positions_150000.csv,noise_0pct\c3800_phi20.00_logk-1.633333.png,equivalent_plastic_strain,3800,20,0.023263052,-1.63333330853244,0,2242026,860,0,287,generated
224,dabashenliu_run_224\particle_positions_150000.csv,noise_1pct\c3800_phi20.00_logk-1.633333.png,equivalent_plastic_strain,3800,20,0.023263052,-1.63333330853244,1,2242126,860,0,287,generated
224,dabashenliu_run_224\particle_positions_150000.csv,noise_3pct\c3800_phi20.00_logk-1.633333.png,equivalent_plastic_strain,3800,20,0.023263052,-1.63333330853244,3,2242326,860,0,287,generated
224,dabashenliu_run_224\particle_positions_150000.csv,noise_5pct\c3800_phi20.00_logk-1.633333.png,equivalent_plastic_strain,3800,20,0.023263052,-1.63333330853244,5,2242526,860,0,287,generated
225,dabashenliu_run_225\particle_positions_150000.csv,noise_0pct\c3800_phi20.00_logk-1.411111.png,equivalent_plastic_strain,3800,20,0.038805105,-1.41111113709934,0,2252026,860,0,297,generated
225,dabashenliu_run_225\particle_positions_150000.csv,noise_1pct\c3800_phi20.00_logk-1.411111.png,equivalent_plastic_strain,3800,20,0.038805105,-1.41111113709934,1,2252126,860,0,297,generated
225,dabashenliu_run_225\particle_positions_150000.csv,noise_3pct\c3800_phi20.00_logk-1.411111.png,equivalent_plastic_strain,3800,20,0.038805105,-1.41111113709934,3,2252326,860,0,297,generated
225,dabashenliu_run_225\particle_positions_150000.csv,noise_5pct\c3800_phi20.00_logk-1.411111.png,equivalent_plastic_strain,3800,20,0.038805105,-1.41111113709934,5,2252526,860,0,297,generated
226,dabashenliu_run_226\particle_positions_150000.csv,noise_0pct\c3800_phi20.00_logk-1.188889.png,equivalent_plastic_strain,3800,20,0.06473083,-1.18888882427963,0,2262026,860,0,632,generated
226,dabashenliu_run_226\particle_positions_150000.csv,noise_1pct\c3800_phi20.00_logk-1.188889.png,equivalent_plastic_strain,3800,20,0.06473083,-1.18888882427963,1,2262126,860,0,632,generated
226,dabashenliu_run_226\particle_positions_150000.csv,noise_3pct\c3800_phi20.00_logk-1.188889.png,equivalent_plastic_strain,3800,20,0.06473083,-1.18888882427963,3,2262326,860,0,632,generated
226,dabashenliu_run_226\particle_positions_150000.csv,noise_5pct\c3800_phi20.00_logk-1.188889.png,equivalent_plastic_strain,3800,20,0.06473083,-1.18888882427963,5,2262526,860,0,632,generated
227,dabashenliu_run_227\particle_positions_150000.csv,noise_0pct\c3800_phi20.00_logk-0.966667.png,equivalent_plastic_strain,3800,20,0.10797753,-0.966666611293739,0,2272026,860,0,2524,generated
227,dabashenliu_run_227\particle_positions_150000.csv,noise_1pct\c3800_phi20.00_logk-0.966667.png,equivalent_plastic_strain,3800,20,0.10797753,-0.966666611293739,1,2272126,860,0,2524,generated
227,dabashenliu_run_227\particle_positions_150000.csv,noise_3pct\c3800_phi20.00_logk-0.966667.png,equivalent_plastic_strain,3800,20,0.10797753,-0.966666611293739,3,2272326,860,0,2524,generated
227,dabashenliu_run_227\particle_positions_150000.csv,noise_5pct\c3800_phi20.00_logk-0.966667.png,equivalent_plastic_strain,3800,20,0.10797753,-0.966666611293739,5,2272526,860,0,2524,generated
228,dabashenliu_run_228\particle_positions_150000.csv,noise_0pct\c3800_phi20.00_logk-0.744444.png,equivalent_plastic_strain,3800,20,0.18011737,-0.744444403052799,0,2282026,860,0,19420,generated
228,dabashenliu_run_228\particle_positions_150000.csv,noise_1pct\c3800_phi20.00_logk-0.744444.png,equivalent_plastic_strain,3800,20,0.18011737,-0.744444403052799,1,2282126,860,0,19420,generated
228,dabashenliu_run_228\particle_positions_150000.csv,noise_3pct\c3800_phi20.00_logk-0.744444.png,equivalent_plastic_strain,3800,20,0.18011737,-0.744444403052799,3,2282326,860,0,19420,generated
228,dabashenliu_run_228\particle_positions_150000.csv,noise_5pct\c3800_phi20.00_logk-0.744444.png,equivalent_plastic_strain,3800,20,0.18011737,-0.744444403052799,5,2282526,860,0,19420,generated
229,dabashenliu_run_229\particle_positions_150000.csv,noise_0pct\c3800_phi20.00_logk-0.522222.png,equivalent_plastic_strain,3800,20,0.30045387,-0.522222197678965,0,2292026,860,0,34738,generated
229,dabashenliu_run_229\particle_positions_150000.csv,noise_1pct\c3800_phi20.00_logk-0.522222.png,equivalent_plastic_strain,3800,20,0.30045387,-0.522222197678965,1,2292126,860,0,34738,generated
229,dabashenliu_run_229\particle_positions_150000.csv,noise_3pct\c3800_phi20.00_logk-0.522222.png,equivalent_plastic_strain,3800,20,0.30045387,-0.522222197678965,3,2292326,860,0,34738,generated
229,dabashenliu_run_229\particle_positions_150000.csv,noise_5pct\c3800_phi20.00_logk-0.522222.png,equivalent_plastic_strain,3800,20,0.30045387,-0.522222197678965,5,2292526,860,0,34738,generated
230,dabashenliu_run_230\particle_positions_150000.csv,noise_0pct\c3800_phi20.00_logk-0.300000.png,equivalent_plastic_strain,3800,20,0.50118726,-0.299999977147204,0,2302026,860,0,42874,generated
230,dabashenliu_run_230\particle_positions_150000.csv,noise_1pct\c3800_phi20.00_logk-0.300000.png,equivalent_plastic_strain,3800,20,0.50118726,-0.299999977147204,1,2302126,860,0,42874,generated
230,dabashenliu_run_230\particle_positions_150000.csv,noise_3pct\c3800_phi20.00_logk-0.300000.png,equivalent_plastic_strain,3800,20,0.50118726,-0.299999977147204,3,2302326,860,0,42874,generated
230,dabashenliu_run_230\particle_positions_150000.csv,noise_5pct\c3800_phi20.00_logk-0.300000.png,equivalent_plastic_strain,3800,20,0.50118726,-0.299999977147204,5,2302526,860,0,42874,generated
231,dabashenliu_run_231\particle_positions_150000.csv,noise_0pct\c3800_phi21.00_logk-2.300000.png,equivalent_plastic_strain,3800,21,0.0050118724,-2.29999999447783,0,2312026,860,0,70,generated
231,dabashenliu_run_231\particle_positions_150000.csv,noise_1pct\c3800_phi21.00_logk-2.300000.png,equivalent_plastic_strain,3800,21,0.0050118724,-2.29999999447783,1,2312126,860,0,70,generated
231,dabashenliu_run_231\particle_positions_150000.csv,noise_3pct\c3800_phi21.00_logk-2.300000.png,equivalent_plastic_strain,3800,21,0.0050118724,-2.29999999447783,3,2312326,860,0,70,generated
231,dabashenliu_run_231\particle_positions_150000.csv,noise_5pct\c3800_phi21.00_logk-2.300000.png,equivalent_plastic_strain,3800,21,0.0050118724,-2.29999999447783,5,2312526,860,0,70,generated
232,dabashenliu_run_232\particle_positions_150000.csv,noise_0pct\c3800_phi21.00_logk-2.077778.png,equivalent_plastic_strain,3800,21,0.0083603095,-2.07777764461193,0,2322026,860,0,69,generated
232,dabashenliu_run_232\particle_positions_150000.csv,noise_1pct\c3800_phi21.00_logk-2.077778.png,equivalent_plastic_strain,3800,21,0.0083603095,-2.07777764461193,1,2322126,860,0,69,generated
232,dabashenliu_run_232\particle_positions_150000.csv,noise_3pct\c3800_phi21.00_logk-2.077778.png,equivalent_plastic_strain,3800,21,0.0083603095,-2.07777764461193,3,2322326,860,0,69,generated
232,dabashenliu_run_232\particle_positions_150000.csv,noise_5pct\c3800_phi21.00_logk-2.077778.png,equivalent_plastic_strain,3800,21,0.0083603095,-2.07777764461193,5,2322526,860,0,69,generated
233,dabashenliu_run_233\particle_positions_150000.csv,noise_0pct\c3800_phi21.00_logk-1.855556.png,equivalent_plastic_strain,3800,21,0.013945831,-1.85555560201739,0,2332026,860,0,87,generated
233,dabashenliu_run_233\particle_positions_150000.csv,noise_1pct\c3800_phi21.00_logk-1.855556.png,equivalent_plastic_strain,3800,21,0.013945831,-1.85555560201739,1,2332126,860,0,87,generated
233,dabashenliu_run_233\particle_positions_150000.csv,noise_3pct\c3800_phi21.00_logk-1.855556.png,equivalent_plastic_strain,3800,21,0.013945831,-1.85555560201739,3,2332326,860,0,87,generated
233,dabashenliu_run_233\particle_positions_150000.csv,noise_5pct\c3800_phi21.00_logk-1.855556.png,equivalent_plastic_strain,3800,21,0.013945831,-1.85555560201739,5,2332526,860,0,87,generated
234,dabashenliu_run_234\particle_positions_150000.csv,noise_0pct\c3800_phi21.00_logk-1.633333.png,equivalent_plastic_strain,3800,21,0.023263052,-1.63333330853244,0,2342026,860,0,74,generated
234,dabashenliu_run_234\particle_positions_150000.csv,noise_1pct\c3800_phi21.00_logk-1.633333.png,equivalent_plastic_strain,3800,21,0.023263052,-1.63333330853244,1,2342126,860,0,74,generated
234,dabashenliu_run_234\particle_positions_150000.csv,noise_3pct\c3800_phi21.00_logk-1.633333.png,equivalent_plastic_strain,3800,21,0.023263052,-1.63333330853244,3,2342326,860,0,74,generated
234,dabashenliu_run_234\particle_positions_150000.csv,noise_5pct\c3800_phi21.00_logk-1.633333.png,equivalent_plastic_strain,3800,21,0.023263052,-1.63333330853244,5,2342526,860,0,74,generated
235,dabashenliu_run_235\particle_positions_150000.csv,noise_0pct\c3800_phi21.00_logk-1.411111.png,equivalent_plastic_strain,3800,21,0.038805105,-1.41111113709934,0,2352026,860,0,70,generated
235,dabashenliu_run_235\particle_positions_150000.csv,noise_1pct\c3800_phi21.00_logk-1.411111.png,equivalent_plastic_strain,3800,21,0.038805105,-1.41111113709934,1,2352126,860,0,70,generated
235,dabashenliu_run_235\particle_positions_150000.csv,noise_3pct\c3800_phi21.00_logk-1.411111.png,equivalent_plastic_strain,3800,21,0.038805105,-1.41111113709934,3,2352326,860,0,70,generated
235,dabashenliu_run_235\particle_positions_150000.csv,noise_5pct\c3800_phi21.00_logk-1.411111.png,equivalent_plastic_strain,3800,21,0.038805105,-1.41111113709934,5,2352526,860,0,70,generated
236,dabashenliu_run_236\particle_positions_150000.csv,noise_0pct\c3800_phi21.00_logk-1.188889.png,equivalent_plastic_strain,3800,21,0.06473083,-1.18888882427963,0,2362026,860,0,168,generated
236,dabashenliu_run_236\particle_positions_150000.csv,noise_1pct\c3800_phi21.00_logk-1.188889.png,equivalent_plastic_strain,3800,21,0.06473083,-1.18888882427963,1,2362126,860,0,168,generated
236,dabashenliu_run_236\particle_positions_150000.csv,noise_3pct\c3800_phi21.00_logk-1.188889.png,equivalent_plastic_strain,3800,21,0.06473083,-1.18888882427963,3,2362326,860,0,168,generated
236,dabashenliu_run_236\particle_positions_150000.csv,noise_5pct\c3800_phi21.00_logk-1.188889.png,equivalent_plastic_strain,3800,21,0.06473083,-1.18888882427963,5,2362526,860,0,168,generated
237,dabashenliu_run_237\particle_positions_150000.csv,noise_0pct\c3800_phi21.00_logk-0.966667.png,equivalent_plastic_strain,3800,21,0.10797753,-0.966666611293739,0,2372026,860,0,709,generated
237,dabashenliu_run_237\particle_positions_150000.csv,noise_1pct\c3800_phi21.00_logk-0.966667.png,equivalent_plastic_strain,3800,21,0.10797753,-0.966666611293739,1,2372126,860,0,709,generated
237,dabashenliu_run_237\particle_positions_150000.csv,noise_3pct\c3800_phi21.00_logk-0.966667.png,equivalent_plastic_strain,3800,21,0.10797753,-0.966666611293739,3,2372326,860,0,709,generated
237,dabashenliu_run_237\particle_positions_150000.csv,noise_5pct\c3800_phi21.00_logk-0.966667.png,equivalent_plastic_strain,3800,21,0.10797753,-0.966666611293739,5,2372526,860,0,709,generated
238,dabashenliu_run_238\particle_positions_150000.csv,noise_0pct\c3800_phi21.00_logk-0.744444.png,equivalent_plastic_strain,3800,21,0.18011737,-0.744444403052799,0,2382026,860,0,14748,generated
238,dabashenliu_run_238\particle_positions_150000.csv,noise_1pct\c3800_phi21.00_logk-0.744444.png,equivalent_plastic_strain,3800,21,0.18011737,-0.744444403052799,1,2382126,860,0,14748,generated
238,dabashenliu_run_238\particle_positions_150000.csv,noise_3pct\c3800_phi21.00_logk-0.744444.png,equivalent_plastic_strain,3800,21,0.18011737,-0.744444403052799,3,2382326,860,0,14748,generated
238,dabashenliu_run_238\particle_positions_150000.csv,noise_5pct\c3800_phi21.00_logk-0.744444.png,equivalent_plastic_strain,3800,21,0.18011737,-0.744444403052799,5,2382526,860,0,14748,generated
239,dabashenliu_run_239\particle_positions_150000.csv,noise_0pct\c3800_phi21.00_logk-0.522222.png,equivalent_plastic_strain,3800,21,0.30045387,-0.522222197678965,0,2392026,860,0,34944,generated
239,dabashenliu_run_239\particle_positions_150000.csv,noise_1pct\c3800_phi21.00_logk-0.522222.png,equivalent_plastic_strain,3800,21,0.30045387,-0.522222197678965,1,2392126,860,0,34944,generated
239,dabashenliu_run_239\particle_positions_150000.csv,noise_3pct\c3800_phi21.00_logk-0.522222.png,equivalent_plastic_strain,3800,21,0.30045387,-0.522222197678965,3,2392326,860,0,34944,generated
239,dabashenliu_run_239\particle_positions_150000.csv,noise_5pct\c3800_phi21.00_logk-0.522222.png,equivalent_plastic_strain,3800,21,0.30045387,-0.522222197678965,5,2392526,860,0,34944,generated
240,dabashenliu_run_240\particle_positions_150000.csv,noise_0pct\c3800_phi21.00_logk-0.300000.png,equivalent_plastic_strain,3800,21,0.50118726,-0.299999977147204,0,2402026,860,0,42916,generated
240,dabashenliu_run_240\particle_positions_150000.csv,noise_1pct\c3800_phi21.00_logk-0.300000.png,equivalent_plastic_strain,3800,21,0.50118726,-0.299999977147204,1,2402126,860,0,42916,generated
240,dabashenliu_run_240\particle_positions_150000.csv,noise_3pct\c3800_phi21.00_logk-0.300000.png,equivalent_plastic_strain,3800,21,0.50118726,-0.299999977147204,3,2402326,860,0,42916,generated
240,dabashenliu_run_240\particle_positions_150000.csv,noise_5pct\c3800_phi21.00_logk-0.300000.png,equivalent_plastic_strain,3800,21,0.50118726,-0.299999977147204,5,2402526,860,0,42916,generated
241,dabashenliu_run_241\particle_positions_150000.csv,noise_0pct\c3800_phi22.00_logk-2.300000.png,equivalent_plastic_strain,3800,22,0.0050118724,-2.29999999447783,0,2412026,860,0,0,generated
241,dabashenliu_run_241\particle_positions_150000.csv,noise_1pct\c3800_phi22.00_logk-2.300000.png,equivalent_plastic_strain,3800,22,0.0050118724,-2.29999999447783,1,2412126,860,0,0,generated
241,dabashenliu_run_241\particle_positions_150000.csv,noise_3pct\c3800_phi22.00_logk-2.300000.png,equivalent_plastic_strain,3800,22,0.0050118724,-2.29999999447783,3,2412326,860,0,0,generated
241,dabashenliu_run_241\particle_positions_150000.csv,noise_5pct\c3800_phi22.00_logk-2.300000.png,equivalent_plastic_strain,3800,22,0.0050118724,-2.29999999447783,5,2412526,860,0,0,generated
242,dabashenliu_run_242\particle_positions_150000.csv,noise_0pct\c3800_phi22.00_logk-2.077778.png,equivalent_plastic_strain,3800,22,0.0083603095,-2.07777764461193,0,2422026,860,0,0,generated
242,dabashenliu_run_242\particle_positions_150000.csv,noise_1pct\c3800_phi22.00_logk-2.077778.png,equivalent_plastic_strain,3800,22,0.0083603095,-2.07777764461193,1,2422126,860,0,0,generated
242,dabashenliu_run_242\particle_positions_150000.csv,noise_3pct\c3800_phi22.00_logk-2.077778.png,equivalent_plastic_strain,3800,22,0.0083603095,-2.07777764461193,3,2422326,860,0,0,generated
242,dabashenliu_run_242\particle_positions_150000.csv,noise_5pct\c3800_phi22.00_logk-2.077778.png,equivalent_plastic_strain,3800,22,0.0083603095,-2.07777764461193,5,2422526,860,0,0,generated
243,dabashenliu_run_243\particle_positions_150000.csv,noise_0pct\c3800_phi22.00_logk-1.855556.png,equivalent_plastic_strain,3800,22,0.013945831,-1.85555560201739,0,2432026,860,0,0,generated
243,dabashenliu_run_243\particle_positions_150000.csv,noise_1pct\c3800_phi22.00_logk-1.855556.png,equivalent_plastic_strain,3800,22,0.013945831,-1.85555560201739,1,2432126,860,0,0,generated
243,dabashenliu_run_243\particle_positions_150000.csv,noise_3pct\c3800_phi22.00_logk-1.855556.png,equivalent_plastic_strain,3800,22,0.013945831,-1.85555560201739,3,2432326,860,0,0,generated
243,dabashenliu_run_243\particle_positions_150000.csv,noise_5pct\c3800_phi22.00_logk-1.855556.png,equivalent_plastic_strain,3800,22,0.013945831,-1.85555560201739,5,2432526,860,0,0,generated
244,dabashenliu_run_244\particle_positions_150000.csv,noise_0pct\c3800_phi22.00_logk-1.633333.png,equivalent_plastic_strain,3800,22,0.023263052,-1.63333330853244,0,2442026,860,0,0,generated
244,dabashenliu_run_244\particle_positions_150000.csv,noise_1pct\c3800_phi22.00_logk-1.633333.png,equivalent_plastic_strain,3800,22,0.023263052,-1.63333330853244,1,2442126,860,0,0,generated
244,dabashenliu_run_244\particle_positions_150000.csv,noise_3pct\c3800_phi22.00_logk-1.633333.png,equivalent_plastic_strain,3800,22,0.023263052,-1.63333330853244,3,2442326,860,0,0,generated
244,dabashenliu_run_244\particle_positions_150000.csv,noise_5pct\c3800_phi22.00_logk-1.633333.png,equivalent_plastic_strain,3800,22,0.023263052,-1.63333330853244,5,2442526,860,0,0,generated
245,dabashenliu_run_245\particle_positions_150000.csv,noise_0pct\c3800_phi22.00_logk-1.411111.png,equivalent_plastic_strain,3800,22,0.038805105,-1.41111113709934,0,2452026,860,0,0,generated
245,dabashenliu_run_245\particle_positions_150000.csv,noise_1pct\c3800_phi22.00_logk-1.411111.png,equivalent_plastic_strain,3800,22,0.038805105,-1.41111113709934,1,2452126,860,0,0,generated
245,dabashenliu_run_245\particle_positions_150000.csv,noise_3pct\c3800_phi22.00_logk-1.411111.png,equivalent_plastic_strain,3800,22,0.038805105,-1.41111113709934,3,2452326,860,0,0,generated
245,dabashenliu_run_245\particle_positions_150000.csv,noise_5pct\c3800_phi22.00_logk-1.411111.png,equivalent_plastic_strain,3800,22,0.038805105,-1.41111113709934,5,2452526,860,0,0,generated
246,dabashenliu_run_246\particle_positions_150000.csv,noise_0pct\c3800_phi22.00_logk-1.188889.png,equivalent_plastic_strain,3800,22,0.06473083,-1.18888882427963,0,2462026,860,0,0,generated
246,dabashenliu_run_246\particle_positions_150000.csv,noise_1pct\c3800_phi22.00_logk-1.188889.png,equivalent_plastic_strain,3800,22,0.06473083,-1.18888882427963,1,2462126,860,0,0,generated
246,dabashenliu_run_246\particle_positions_150000.csv,noise_3pct\c3800_phi22.00_logk-1.188889.png,equivalent_plastic_strain,3800,22,0.06473083,-1.18888882427963,3,2462326,860,0,0,generated
246,dabashenliu_run_246\particle_positions_150000.csv,noise_5pct\c3800_phi22.00_logk-1.188889.png,equivalent_plastic_strain,3800,22,0.06473083,-1.18888882427963,5,2462526,860,0,0,generated
247,dabashenliu_run_247\particle_positions_150000.csv,noise_0pct\c3800_phi22.00_logk-0.966667.png,equivalent_plastic_strain,3800,22,0.10797753,-0.966666611293739,0,2472026,860,0,183,generated
247,dabashenliu_run_247\particle_positions_150000.csv,noise_1pct\c3800_phi22.00_logk-0.966667.png,equivalent_plastic_strain,3800,22,0.10797753,-0.966666611293739,1,2472126,860,0,183,generated
247,dabashenliu_run_247\particle_positions_150000.csv,noise_3pct\c3800_phi22.00_logk-0.966667.png,equivalent_plastic_strain,3800,22,0.10797753,-0.966666611293739,3,2472326,860,0,183,generated
247,dabashenliu_run_247\particle_positions_150000.csv,noise_5pct\c3800_phi22.00_logk-0.966667.png,equivalent_plastic_strain,3800,22,0.10797753,-0.966666611293739,5,2472526,860,0,183,generated
248,dabashenliu_run_248\particle_positions_150000.csv,noise_0pct\c3800_phi22.00_logk-0.744444.png,equivalent_plastic_strain,3800,22,0.18011737,-0.744444403052799,0,2482026,860,0,13782,generated
248,dabashenliu_run_248\particle_positions_150000.csv,noise_1pct\c3800_phi22.00_logk-0.744444.png,equivalent_plastic_strain,3800,22,0.18011737,-0.744444403052799,1,2482126,860,0,13782,generated
248,dabashenliu_run_248\particle_positions_150000.csv,noise_3pct\c3800_phi22.00_logk-0.744444.png,equivalent_plastic_strain,3800,22,0.18011737,-0.744444403052799,3,2482326,860,0,13782,generated
248,dabashenliu_run_248\particle_positions_150000.csv,noise_5pct\c3800_phi22.00_logk-0.744444.png,equivalent_plastic_strain,3800,22,0.18011737,-0.744444403052799,5,2482526,860,0,13782,generated
249,dabashenliu_run_249\particle_positions_150000.csv,noise_0pct\c3800_phi22.00_logk-0.522222.png,equivalent_plastic_strain,3800,22,0.30045387,-0.522222197678965,0,2492026,860,0,29375,generated
249,dabashenliu_run_249\particle_positions_150000.csv,noise_1pct\c3800_phi22.00_logk-0.522222.png,equivalent_plastic_strain,3800,22,0.30045387,-0.522222197678965,1,2492126,860,0,29375,generated
249,dabashenliu_run_249\particle_positions_150000.csv,noise_3pct\c3800_phi22.00_logk-0.522222.png,equivalent_plastic_strain,3800,22,0.30045387,-0.522222197678965,3,2492326,860,0,29375,generated
249,dabashenliu_run_249\particle_positions_150000.csv,noise_5pct\c3800_phi22.00_logk-0.522222.png,equivalent_plastic_strain,3800,22,0.30045387,-0.522222197678965,5,2492526,860,0,29375,generated
250,dabashenliu_run_250\particle_positions_150000.csv,noise_0pct\c3800_phi22.00_logk-0.300000.png,equivalent_plastic_strain,3800,22,0.50118726,-0.299999977147204,0,2502026,860,0,36990,generated
250,dabashenliu_run_250\particle_positions_150000.csv,noise_1pct\c3800_phi22.00_logk-0.300000.png,equivalent_plastic_strain,3800,22,0.50118726,-0.299999977147204,1,2502126,860,0,36990,generated
250,dabashenliu_run_250\particle_positions_150000.csv,noise_3pct\c3800_phi22.00_logk-0.300000.png,equivalent_plastic_strain,3800,22,0.50118726,-0.299999977147204,3,2502326,860,0,36990,generated
250,dabashenliu_run_250\particle_positions_150000.csv,noise_5pct\c3800_phi22.00_logk-0.300000.png,equivalent_plastic_strain,3800,22,0.50118726,-0.299999977147204,5,2502526,860,0,36990,generated
251,dabashenliu_run_251\particle_positions_150000.csv,noise_0pct\c3800_phi23.00_logk-2.300000.png,equivalent_plastic_strain,3800,23,0.0050118724,-2.29999999447783,0,2512026,860,0,0,generated
251,dabashenliu_run_251\particle_positions_150000.csv,noise_1pct\c3800_phi23.00_logk-2.300000.png,equivalent_plastic_strain,3800,23,0.0050118724,-2.29999999447783,1,2512126,860,0,0,generated
251,dabashenliu_run_251\particle_positions_150000.csv,noise_3pct\c3800_phi23.00_logk-2.300000.png,equivalent_plastic_strain,3800,23,0.0050118724,-2.29999999447783,3,2512326,860,0,0,generated
251,dabashenliu_run_251\particle_positions_150000.csv,noise_5pct\c3800_phi23.00_logk-2.300000.png,equivalent_plastic_strain,3800,23,0.0050118724,-2.29999999447783,5,2512526,860,0,0,generated
252,dabashenliu_run_252\particle_positions_150000.csv,noise_0pct\c3800_phi23.00_logk-2.077778.png,equivalent_plastic_strain,3800,23,0.0083603095,-2.07777764461193,0,2522026,860,0,0,generated
252,dabashenliu_run_252\particle_positions_150000.csv,noise_1pct\c3800_phi23.00_logk-2.077778.png,equivalent_plastic_strain,3800,23,0.0083603095,-2.07777764461193,1,2522126,860,0,0,generated
252,dabashenliu_run_252\particle_positions_150000.csv,noise_3pct\c3800_phi23.00_logk-2.077778.png,equivalent_plastic_strain,3800,23,0.0083603095,-2.07777764461193,3,2522326,860,0,0,generated
252,dabashenliu_run_252\particle_positions_150000.csv,noise_5pct\c3800_phi23.00_logk-2.077778.png,equivalent_plastic_strain,3800,23,0.0083603095,-2.07777764461193,5,2522526,860,0,0,generated
253,dabashenliu_run_253\particle_positions_150000.csv,noise_0pct\c3800_phi23.00_logk-1.855556.png,equivalent_plastic_strain,3800,23,0.013945831,-1.85555560201739,0,2532026,860,0,0,generated
253,dabashenliu_run_253\particle_positions_150000.csv,noise_1pct\c3800_phi23.00_logk-1.855556.png,equivalent_plastic_strain,3800,23,0.013945831,-1.85555560201739,1,2532126,860,0,0,generated
253,dabashenliu_run_253\particle_positions_150000.csv,noise_3pct\c3800_phi23.00_logk-1.855556.png,equivalent_plastic_strain,3800,23,0.013945831,-1.85555560201739,3,2532326,860,0,0,generated
253,dabashenliu_run_253\particle_positions_150000.csv,noise_5pct\c3800_phi23.00_logk-1.855556.png,equivalent_plastic_strain,3800,23,0.013945831,-1.85555560201739,5,2532526,860,0,0,generated
254,dabashenliu_run_254\particle_positions_150000.csv,noise_0pct\c3800_phi23.00_logk-1.633333.png,equivalent_plastic_strain,3800,23,0.023263052,-1.63333330853244,0,2542026,860,0,0,generated
254,dabashenliu_run_254\particle_positions_150000.csv,noise_1pct\c3800_phi23.00_logk-1.633333.png,equivalent_plastic_strain,3800,23,0.023263052,-1.63333330853244,1,2542126,860,0,0,generated
254,dabashenliu_run_254\particle_positions_150000.csv,noise_3pct\c3800_phi23.00_logk-1.633333.png,equivalent_plastic_strain,3800,23,0.023263052,-1.63333330853244,3,2542326,860,0,0,generated
254,dabashenliu_run_254\particle_positions_150000.csv,noise_5pct\c3800_phi23.00_logk-1.633333.png,equivalent_plastic_strain,3800,23,0.023263052,-1.63333330853244,5,2542526,860,0,0,generated
255,dabashenliu_run_255\particle_positions_150000.csv,noise_0pct\c3800_phi23.00_logk-1.411111.png,equivalent_plastic_strain,3800,23,0.038805105,-1.41111113709934,0,2552026,860,0,0,generated
255,dabashenliu_run_255\particle_positions_150000.csv,noise_1pct\c3800_phi23.00_logk-1.411111.png,equivalent_plastic_strain,3800,23,0.038805105,-1.41111113709934,1,2552126,860,0,0,generated
255,dabashenliu_run_255\particle_positions_150000.csv,noise_3pct\c3800_phi23.00_logk-1.411111.png,equivalent_plastic_strain,3800,23,0.038805105,-1.41111113709934,3,2552326,860,0,0,generated
255,dabashenliu_run_255\particle_positions_150000.csv,noise_5pct\c3800_phi23.00_logk-1.411111.png,equivalent_plastic_strain,3800,23,0.038805105,-1.41111113709934,5,2552526,860,0,0,generated
256,dabashenliu_run_256\particle_positions_150000.csv,noise_0pct\c3800_phi23.00_logk-1.188889.png,equivalent_plastic_strain,3800,23,0.06473083,-1.18888882427963,0,2562026,860,0,0,generated
256,dabashenliu_run_256\particle_positions_150000.csv,noise_1pct\c3800_phi23.00_logk-1.188889.png,equivalent_plastic_strain,3800,23,0.06473083,-1.18888882427963,1,2562126,860,0,0,generated
256,dabashenliu_run_256\particle_positions_150000.csv,noise_3pct\c3800_phi23.00_logk-1.188889.png,equivalent_plastic_strain,3800,23,0.06473083,-1.18888882427963,3,2562326,860,0,0,generated
256,dabashenliu_run_256\particle_positions_150000.csv,noise_5pct\c3800_phi23.00_logk-1.188889.png,equivalent_plastic_strain,3800,23,0.06473083,-1.18888882427963,5,2562526,860,0,0,generated
257,dabashenliu_run_257\particle_positions_150000.csv,noise_0pct\c3800_phi23.00_logk-0.966667.png,equivalent_plastic_strain,3800,23,0.10797753,-0.966666611293739,0,2572026,860,0,32,generated
257,dabashenliu_run_257\particle_positions_150000.csv,noise_1pct\c3800_phi23.00_logk-0.966667.png,equivalent_plastic_strain,3800,23,0.10797753,-0.966666611293739,1,2572126,860,0,32,generated
257,dabashenliu_run_257\particle_positions_150000.csv,noise_3pct\c3800_phi23.00_logk-0.966667.png,equivalent_plastic_strain,3800,23,0.10797753,-0.966666611293739,3,2572326,860,0,32,generated
257,dabashenliu_run_257\particle_positions_150000.csv,noise_5pct\c3800_phi23.00_logk-0.966667.png,equivalent_plastic_strain,3800,23,0.10797753,-0.966666611293739,5,2572526,860,0,32,generated
258,dabashenliu_run_258\particle_positions_150000.csv,noise_0pct\c3800_phi23.00_logk-0.744444.png,equivalent_plastic_strain,3800,23,0.18011737,-0.744444403052799,0,2582026,860,0,5119,generated
258,dabashenliu_run_258\particle_positions_150000.csv,noise_1pct\c3800_phi23.00_logk-0.744444.png,equivalent_plastic_strain,3800,23,0.18011737,-0.744444403052799,1,2582126,860,0,5119,generated
258,dabashenliu_run_258\particle_positions_150000.csv,noise_3pct\c3800_phi23.00_logk-0.744444.png,equivalent_plastic_strain,3800,23,0.18011737,-0.744444403052799,3,2582326,860,0,5119,generated
258,dabashenliu_run_258\particle_positions_150000.csv,noise_5pct\c3800_phi23.00_logk-0.744444.png,equivalent_plastic_strain,3800,23,0.18011737,-0.744444403052799,5,2582526,860,0,5119,generated
259,dabashenliu_run_259\particle_positions_150000.csv,noise_0pct\c3800_phi23.00_logk-0.522222.png,equivalent_plastic_strain,3800,23,0.30045387,-0.522222197678965,0,2592026,860,0,35323,generated
259,dabashenliu_run_259\particle_positions_150000.csv,noise_1pct\c3800_phi23.00_logk-0.522222.png,equivalent_plastic_strain,3800,23,0.30045387,-0.522222197678965,1,2592126,860,0,35323,generated
259,dabashenliu_run_259\particle_positions_150000.csv,noise_3pct\c3800_phi23.00_logk-0.522222.png,equivalent_plastic_strain,3800,23,0.30045387,-0.522222197678965,3,2592326,860,0,35323,generated
259,dabashenliu_run_259\particle_positions_150000.csv,noise_5pct\c3800_phi23.00_logk-0.522222.png,equivalent_plastic_strain,3800,23,0.30045387,-0.522222197678965,5,2592526,860,0,35323,generated
260,dabashenliu_run_260\particle_positions_150000.csv,noise_0pct\c3800_phi23.00_logk-0.300000.png,equivalent_plastic_strain,3800,23,0.50118726,-0.299999977147204,0,2602026,860,0,39139,generated
260,dabashenliu_run_260\particle_positions_150000.csv,noise_1pct\c3800_phi23.00_logk-0.300000.png,equivalent_plastic_strain,3800,23,0.50118726,-0.299999977147204,1,2602126,860,0,39139,generated
260,dabashenliu_run_260\particle_positions_150000.csv,noise_3pct\c3800_phi23.00_logk-0.300000.png,equivalent_plastic_strain,3800,23,0.50118726,-0.299999977147204,3,2602326,860,0,39139,generated
260,dabashenliu_run_260\particle_positions_150000.csv,noise_5pct\c3800_phi23.00_logk-0.300000.png,equivalent_plastic_strain,3800,23,0.50118726,-0.299999977147204,5,2602526,860,0,39139,generated
261,dabashenliu_run_261\particle_positions_150000.csv,noise_0pct\c3800_phi24.00_logk-2.300000.png,equivalent_plastic_strain,3800,24,0.0050118724,-2.29999999447783,0,2612026,860,0,0,generated
261,dabashenliu_run_261\particle_positions_150000.csv,noise_1pct\c3800_phi24.00_logk-2.300000.png,equivalent_plastic_strain,3800,24,0.0050118724,-2.29999999447783,1,2612126,860,0,0,generated
261,dabashenliu_run_261\particle_positions_150000.csv,noise_3pct\c3800_phi24.00_logk-2.300000.png,equivalent_plastic_strain,3800,24,0.0050118724,-2.29999999447783,3,2612326,860,0,0,generated
261,dabashenliu_run_261\particle_positions_150000.csv,noise_5pct\c3800_phi24.00_logk-2.300000.png,equivalent_plastic_strain,3800,24,0.0050118724,-2.29999999447783,5,2612526,860,0,0,generated
262,dabashenliu_run_262\particle_positions_150000.csv,noise_0pct\c3800_phi24.00_logk-2.077778.png,equivalent_plastic_strain,3800,24,0.0083603095,-2.07777764461193,0,2622026,860,0,0,generated
262,dabashenliu_run_262\particle_positions_150000.csv,noise_1pct\c3800_phi24.00_logk-2.077778.png,equivalent_plastic_strain,3800,24,0.0083603095,-2.07777764461193,1,2622126,860,0,0,generated
262,dabashenliu_run_262\particle_positions_150000.csv,noise_3pct\c3800_phi24.00_logk-2.077778.png,equivalent_plastic_strain,3800,24,0.0083603095,-2.07777764461193,3,2622326,860,0,0,generated
262,dabashenliu_run_262\particle_positions_150000.csv,noise_5pct\c3800_phi24.00_logk-2.077778.png,equivalent_plastic_strain,3800,24,0.0083603095,-2.07777764461193,5,2622526,860,0,0,generated
263,dabashenliu_run_263\particle_positions_150000.csv,noise_0pct\c3800_phi24.00_logk-1.855556.png,equivalent_plastic_strain,3800,24,0.013945831,-1.85555560201739,0,2632026,860,0,0,generated
263,dabashenliu_run_263\particle_positions_150000.csv,noise_1pct\c3800_phi24.00_logk-1.855556.png,equivalent_plastic_strain,3800,24,0.013945831,-1.85555560201739,1,2632126,860,0,0,generated
263,dabashenliu_run_263\particle_positions_150000.csv,noise_3pct\c3800_phi24.00_logk-1.855556.png,equivalent_plastic_strain,3800,24,0.013945831,-1.85555560201739,3,2632326,860,0,0,generated
263,dabashenliu_run_263\particle_positions_150000.csv,noise_5pct\c3800_phi24.00_logk-1.855556.png,equivalent_plastic_strain,3800,24,0.013945831,-1.85555560201739,5,2632526,860,0,0,generated
264,dabashenliu_run_264\particle_positions_150000.csv,noise_0pct\c3800_phi24.00_logk-1.633333.png,equivalent_plastic_strain,3800,24,0.023263052,-1.63333330853244,0,2642026,860,0,0,generated
264,dabashenliu_run_264\particle_positions_150000.csv,noise_1pct\c3800_phi24.00_logk-1.633333.png,equivalent_plastic_strain,3800,24,0.023263052,-1.63333330853244,1,2642126,860,0,0,generated
264,dabashenliu_run_264\particle_positions_150000.csv,noise_3pct\c3800_phi24.00_logk-1.633333.png,equivalent_plastic_strain,3800,24,0.023263052,-1.63333330853244,3,2642326,860,0,0,generated
264,dabashenliu_run_264\particle_positions_150000.csv,noise_5pct\c3800_phi24.00_logk-1.633333.png,equivalent_plastic_strain,3800,24,0.023263052,-1.63333330853244,5,2642526,860,0,0,generated
265,dabashenliu_run_265\particle_positions_150000.csv,noise_0pct\c3800_phi24.00_logk-1.411111.png,equivalent_plastic_strain,3800,24,0.038805105,-1.41111113709934,0,2652026,860,0,0,generated
265,dabashenliu_run_265\particle_positions_150000.csv,noise_1pct\c3800_phi24.00_logk-1.411111.png,equivalent_plastic_strain,3800,24,0.038805105,-1.41111113709934,1,2652126,860,0,0,generated
265,dabashenliu_run_265\particle_positions_150000.csv,noise_3pct\c3800_phi24.00_logk-1.411111.png,equivalent_plastic_strain,3800,24,0.038805105,-1.41111113709934,3,2652326,860,0,0,generated
265,dabashenliu_run_265\particle_positions_150000.csv,noise_5pct\c3800_phi24.00_logk-1.411111.png,equivalent_plastic_strain,3800,24,0.038805105,-1.41111113709934,5,2652526,860,0,0,generated
266,dabashenliu_run_266\particle_positions_150000.csv,noise_0pct\c3800_phi24.00_logk-1.188889.png,equivalent_plastic_strain,3800,24,0.06473083,-1.18888882427963,0,2662026,860,0,0,generated
266,dabashenliu_run_266\particle_positions_150000.csv,noise_1pct\c3800_phi24.00_logk-1.188889.png,equivalent_plastic_strain,3800,24,0.06473083,-1.18888882427963,1,2662126,860,0,0,generated
266,dabashenliu_run_266\particle_positions_150000.csv,noise_3pct\c3800_phi24.00_logk-1.188889.png,equivalent_plastic_strain,3800,24,0.06473083,-1.18888882427963,3,2662326,860,0,0,generated
266,dabashenliu_run_266\particle_positions_150000.csv,noise_5pct\c3800_phi24.00_logk-1.188889.png,equivalent_plastic_strain,3800,24,0.06473083,-1.18888882427963,5,2662526,860,0,0,generated
267,dabashenliu_run_267\particle_positions_150000.csv,noise_0pct\c3800_phi24.00_logk-0.966667.png,equivalent_plastic_strain,3800,24,0.10797753,-0.966666611293739,0,2672026,860,0,40,generated
267,dabashenliu_run_267\particle_positions_150000.csv,noise_1pct\c3800_phi24.00_logk-0.966667.png,equivalent_plastic_strain,3800,24,0.10797753,-0.966666611293739,1,2672126,860,0,40,generated
267,dabashenliu_run_267\particle_positions_150000.csv,noise_3pct\c3800_phi24.00_logk-0.966667.png,equivalent_plastic_strain,3800,24,0.10797753,-0.966666611293739,3,2672326,860,0,40,generated
267,dabashenliu_run_267\particle_positions_150000.csv,noise_5pct\c3800_phi24.00_logk-0.966667.png,equivalent_plastic_strain,3800,24,0.10797753,-0.966666611293739,5,2672526,860,0,40,generated
268,dabashenliu_run_268\particle_positions_150000.csv,noise_0pct\c3800_phi24.00_logk-0.744444.png,equivalent_plastic_strain,3800,24,0.18011737,-0.744444403052799,0,2682026,860,0,11490,generated
268,dabashenliu_run_268\particle_positions_150000.csv,noise_1pct\c3800_phi24.00_logk-0.744444.png,equivalent_plastic_strain,3800,24,0.18011737,-0.744444403052799,1,2682126,860,0,11490,generated
268,dabashenliu_run_268\particle_positions_150000.csv,noise_3pct\c3800_phi24.00_logk-0.744444.png,equivalent_plastic_strain,3800,24,0.18011737,-0.744444403052799,3,2682326,860,0,11490,generated
268,dabashenliu_run_268\particle_positions_150000.csv,noise_5pct\c3800_phi24.00_logk-0.744444.png,equivalent_plastic_strain,3800,24,0.18011737,-0.744444403052799,5,2682526,860,0,11490,generated
269,dabashenliu_run_269\particle_positions_150000.csv,noise_0pct\c3800_phi24.00_logk-0.522222.png,equivalent_plastic_strain,3800,24,0.30045387,-0.522222197678965,0,2692026,860,0,31057,generated
269,dabashenliu_run_269\particle_positions_150000.csv,noise_1pct\c3800_phi24.00_logk-0.522222.png,equivalent_plastic_strain,3800,24,0.30045387,-0.522222197678965,1,2692126,860,0,31057,generated
269,dabashenliu_run_269\particle_positions_150000.csv,noise_3pct\c3800_phi24.00_logk-0.522222.png,equivalent_plastic_strain,3800,24,0.30045387,-0.522222197678965,3,2692326,860,0,31057,generated
269,dabashenliu_run_269\particle_positions_150000.csv,noise_5pct\c3800_phi24.00_logk-0.522222.png,equivalent_plastic_strain,3800,24,0.30045387,-0.522222197678965,5,2692526,860,0,31057,generated
270,dabashenliu_run_270\particle_positions_150000.csv,noise_0pct\c3800_phi24.00_logk-0.300000.png,equivalent_plastic_strain,3800,24,0.50118726,-0.299999977147204,0,2702026,860,0,36459,generated
270,dabashenliu_run_270\particle_positions_150000.csv,noise_1pct\c3800_phi24.00_logk-0.300000.png,equivalent_plastic_strain,3800,24,0.50118726,-0.299999977147204,1,2702126,860,0,36459,generated
270,dabashenliu_run_270\particle_positions_150000.csv,noise_3pct\c3800_phi24.00_logk-0.300000.png,equivalent_plastic_strain,3800,24,0.50118726,-0.299999977147204,3,2702326,860,0,36459,generated
270,dabashenliu_run_270\particle_positions_150000.csv,noise_5pct\c3800_phi24.00_logk-0.300000.png,equivalent_plastic_strain,3800,24,0.50118726,-0.299999977147204,5,2702526,860,0,36459,generated
271,dabashenliu_run_271\particle_positions_150000.csv,noise_0pct\c3800_phi25.00_logk-2.300000.png,equivalent_plastic_strain,3800,25,0.0050118724,-2.29999999447783,0,2712026,860,0,0,generated
271,dabashenliu_run_271\particle_positions_150000.csv,noise_1pct\c3800_phi25.00_logk-2.300000.png,equivalent_plastic_strain,3800,25,0.0050118724,-2.29999999447783,1,2712126,860,0,0,generated
271,dabashenliu_run_271\particle_positions_150000.csv,noise_3pct\c3800_phi25.00_logk-2.300000.png,equivalent_plastic_strain,3800,25,0.0050118724,-2.29999999447783,3,2712326,860,0,0,generated
271,dabashenliu_run_271\particle_positions_150000.csv,noise_5pct\c3800_phi25.00_logk-2.300000.png,equivalent_plastic_strain,3800,25,0.0050118724,-2.29999999447783,5,2712526,860,0,0,generated
272,dabashenliu_run_272\particle_positions_150000.csv,noise_0pct\c3800_phi25.00_logk-2.077778.png,equivalent_plastic_strain,3800,25,0.0083603095,-2.07777764461193,0,2722026,860,0,0,generated
272,dabashenliu_run_272\particle_positions_150000.csv,noise_1pct\c3800_phi25.00_logk-2.077778.png,equivalent_plastic_strain,3800,25,0.0083603095,-2.07777764461193,1,2722126,860,0,0,generated
272,dabashenliu_run_272\particle_positions_150000.csv,noise_3pct\c3800_phi25.00_logk-2.077778.png,equivalent_plastic_strain,3800,25,0.0083603095,-2.07777764461193,3,2722326,860,0,0,generated
272,dabashenliu_run_272\particle_positions_150000.csv,noise_5pct\c3800_phi25.00_logk-2.077778.png,equivalent_plastic_strain,3800,25,0.0083603095,-2.07777764461193,5,2722526,860,0,0,generated
273,dabashenliu_run_273\particle_positions_150000.csv,noise_0pct\c3800_phi25.00_logk-1.855556.png,equivalent_plastic_strain,3800,25,0.013945831,-1.85555560201739,0,2732026,860,0,0,generated
273,dabashenliu_run_273\particle_positions_150000.csv,noise_1pct\c3800_phi25.00_logk-1.855556.png,equivalent_plastic_strain,3800,25,0.013945831,-1.85555560201739,1,2732126,860,0,0,generated
273,dabashenliu_run_273\particle_positions_150000.csv,noise_3pct\c3800_phi25.00_logk-1.855556.png,equivalent_plastic_strain,3800,25,0.013945831,-1.85555560201739,3,2732326,860,0,0,generated
273,dabashenliu_run_273\particle_positions_150000.csv,noise_5pct\c3800_phi25.00_logk-1.855556.png,equivalent_plastic_strain,3800,25,0.013945831,-1.85555560201739,5,2732526,860,0,0,generated
274,dabashenliu_run_274\particle_positions_150000.csv,noise_0pct\c3800_phi25.00_logk-1.633333.png,equivalent_plastic_strain,3800,25,0.023263052,-1.63333330853244,0,2742026,860,0,0,generated
274,dabashenliu_run_274\particle_positions_150000.csv,noise_1pct\c3800_phi25.00_logk-1.633333.png,equivalent_plastic_strain,3800,25,0.023263052,-1.63333330853244,1,2742126,860,0,0,generated
274,dabashenliu_run_274\particle_positions_150000.csv,noise_3pct\c3800_phi25.00_logk-1.633333.png,equivalent_plastic_strain,3800,25,0.023263052,-1.63333330853244,3,2742326,860,0,0,generated
274,dabashenliu_run_274\particle_positions_150000.csv,noise_5pct\c3800_phi25.00_logk-1.633333.png,equivalent_plastic_strain,3800,25,0.023263052,-1.63333330853244,5,2742526,860,0,0,generated
275,dabashenliu_run_275\particle_positions_150000.csv,noise_0pct\c3800_phi25.00_logk-1.411111.png,equivalent_plastic_strain,3800,25,0.038805105,-1.41111113709934,0,2752026,860,0,0,generated
275,dabashenliu_run_275\particle_positions_150000.csv,noise_1pct\c3800_phi25.00_logk-1.411111.png,equivalent_plastic_strain,3800,25,0.038805105,-1.41111113709934,1,2752126,860,0,0,generated
275,dabashenliu_run_275\particle_positions_150000.csv,noise_3pct\c3800_phi25.00_logk-1.411111.png,equivalent_plastic_strain,3800,25,0.038805105,-1.41111113709934,3,2752326,860,0,0,generated
275,dabashenliu_run_275\particle_positions_150000.csv,noise_5pct\c3800_phi25.00_logk-1.411111.png,equivalent_plastic_strain,3800,25,0.038805105,-1.41111113709934,5,2752526,860,0,0,generated
276,dabashenliu_run_276\particle_positions_150000.csv,noise_0pct\c3800_phi25.00_logk-1.188889.png,equivalent_plastic_strain,3800,25,0.06473083,-1.18888882427963,0,2762026,860,0,0,generated
276,dabashenliu_run_276\particle_positions_150000.csv,noise_1pct\c3800_phi25.00_logk-1.188889.png,equivalent_plastic_strain,3800,25,0.06473083,-1.18888882427963,1,2762126,860,0,0,generated
276,dabashenliu_run_276\particle_positions_150000.csv,noise_3pct\c3800_phi25.00_logk-1.188889.png,equivalent_plastic_strain,3800,25,0.06473083,-1.18888882427963,3,2762326,860,0,0,generated
276,dabashenliu_run_276\particle_positions_150000.csv,noise_5pct\c3800_phi25.00_logk-1.188889.png,equivalent_plastic_strain,3800,25,0.06473083,-1.18888882427963,5,2762526,860,0,0,generated
277,dabashenliu_run_277\particle_positions_150000.csv,noise_0pct\c3800_phi25.00_logk-0.966667.png,equivalent_plastic_strain,3800,25,0.10797753,-0.966666611293739,0,2772026,860,0,0,generated
277,dabashenliu_run_277\particle_positions_150000.csv,noise_1pct\c3800_phi25.00_logk-0.966667.png,equivalent_plastic_strain,3800,25,0.10797753,-0.966666611293739,1,2772126,860,0,0,generated
277,dabashenliu_run_277\particle_positions_150000.csv,noise_3pct\c3800_phi25.00_logk-0.966667.png,equivalent_plastic_strain,3800,25,0.10797753,-0.966666611293739,3,2772326,860,0,0,generated
277,dabashenliu_run_277\particle_positions_150000.csv,noise_5pct\c3800_phi25.00_logk-0.966667.png,equivalent_plastic_strain,3800,25,0.10797753,-0.966666611293739,5,2772526,860,0,0,generated
278,dabashenliu_run_278\particle_positions_150000.csv,noise_0pct\c3800_phi25.00_logk-0.744444.png,equivalent_plastic_strain,3800,25,0.18011737,-0.744444403052799,0,2782026,860,0,5543,generated
278,dabashenliu_run_278\particle_positions_150000.csv,noise_1pct\c3800_phi25.00_logk-0.744444.png,equivalent_plastic_strain,3800,25,0.18011737,-0.744444403052799,1,2782126,860,0,5543,generated
278,dabashenliu_run_278\particle_positions_150000.csv,noise_3pct\c3800_phi25.00_logk-0.744444.png,equivalent_plastic_strain,3800,25,0.18011737,-0.744444403052799,3,2782326,860,0,5543,generated
278,dabashenliu_run_278\particle_positions_150000.csv,noise_5pct\c3800_phi25.00_logk-0.744444.png,equivalent_plastic_strain,3800,25,0.18011737,-0.744444403052799,5,2782526,860,0,5543,generated
279,dabashenliu_run_279\particle_positions_150000.csv,noise_0pct\c3800_phi25.00_logk-0.522222.png,equivalent_plastic_strain,3800,25,0.30045387,-0.522222197678965,0,2792026,860,0,28402,generated
279,dabashenliu_run_279\particle_positions_150000.csv,noise_1pct\c3800_phi25.00_logk-0.522222.png,equivalent_plastic_strain,3800,25,0.30045387,-0.522222197678965,1,2792126,860,0,28402,generated
279,dabashenliu_run_279\particle_positions_150000.csv,noise_3pct\c3800_phi25.00_logk-0.522222.png,equivalent_plastic_strain,3800,25,0.30045387,-0.522222197678965,3,2792326,860,0,28402,generated
279,dabashenliu_run_279\particle_positions_150000.csv,noise_5pct\c3800_phi25.00_logk-0.522222.png,equivalent_plastic_strain,3800,25,0.30045387,-0.522222197678965,5,2792526,860,0,28402,generated
280,dabashenliu_run_280\particle_positions_150000.csv,noise_0pct\c3800_phi25.00_logk-0.300000.png,equivalent_plastic_strain,3800,25,0.50118726,-0.299999977147204,0,2802026,860,0,31845,generated
280,dabashenliu_run_280\particle_positions_150000.csv,noise_1pct\c3800_phi25.00_logk-0.300000.png,equivalent_plastic_strain,3800,25,0.50118726,-0.299999977147204,1,2802126,860,0,31845,generated
280,dabashenliu_run_280\particle_positions_150000.csv,noise_3pct\c3800_phi25.00_logk-0.300000.png,equivalent_plastic_strain,3800,25,0.50118726,-0.299999977147204,3,2802326,860,0,31845,generated
280,dabashenliu_run_280\particle_positions_150000.csv,noise_5pct\c3800_phi25.00_logk-0.300000.png,equivalent_plastic_strain,3800,25,0.50118726,-0.299999977147204,5,2802526,860,0,31845,generated
281,dabashenliu_run_281\particle_positions_150000.csv,noise_0pct\c3800_phi26.00_logk-2.300000.png,equivalent_plastic_strain,3800,26,0.0050118724,-2.29999999447783,0,2812026,860,0,0,generated
281,dabashenliu_run_281\particle_positions_150000.csv,noise_1pct\c3800_phi26.00_logk-2.300000.png,equivalent_plastic_strain,3800,26,0.0050118724,-2.29999999447783,1,2812126,860,0,0,generated
281,dabashenliu_run_281\particle_positions_150000.csv,noise_3pct\c3800_phi26.00_logk-2.300000.png,equivalent_plastic_strain,3800,26,0.0050118724,-2.29999999447783,3,2812326,860,0,0,generated
281,dabashenliu_run_281\particle_positions_150000.csv,noise_5pct\c3800_phi26.00_logk-2.300000.png,equivalent_plastic_strain,3800,26,0.0050118724,-2.29999999447783,5,2812526,860,0,0,generated
282,dabashenliu_run_282\particle_positions_150000.csv,noise_0pct\c3800_phi26.00_logk-2.077778.png,equivalent_plastic_strain,3800,26,0.0083603095,-2.07777764461193,0,2822026,860,0,0,generated
282,dabashenliu_run_282\particle_positions_150000.csv,noise_1pct\c3800_phi26.00_logk-2.077778.png,equivalent_plastic_strain,3800,26,0.0083603095,-2.07777764461193,1,2822126,860,0,0,generated
282,dabashenliu_run_282\particle_positions_150000.csv,noise_3pct\c3800_phi26.00_logk-2.077778.png,equivalent_plastic_strain,3800,26,0.0083603095,-2.07777764461193,3,2822326,860,0,0,generated
282,dabashenliu_run_282\particle_positions_150000.csv,noise_5pct\c3800_phi26.00_logk-2.077778.png,equivalent_plastic_strain,3800,26,0.0083603095,-2.07777764461193,5,2822526,860,0,0,generated
283,dabashenliu_run_283\particle_positions_150000.csv,noise_0pct\c3800_phi26.00_logk-1.855556.png,equivalent_plastic_strain,3800,26,0.013945831,-1.85555560201739,0,2832026,860,0,0,generated
283,dabashenliu_run_283\particle_positions_150000.csv,noise_1pct\c3800_phi26.00_logk-1.855556.png,equivalent_plastic_strain,3800,26,0.013945831,-1.85555560201739,1,2832126,860,0,0,generated
283,dabashenliu_run_283\particle_positions_150000.csv,noise_3pct\c3800_phi26.00_logk-1.855556.png,equivalent_plastic_strain,3800,26,0.013945831,-1.85555560201739,3,2832326,860,0,0,generated
283,dabashenliu_run_283\particle_positions_150000.csv,noise_5pct\c3800_phi26.00_logk-1.855556.png,equivalent_plastic_strain,3800,26,0.013945831,-1.85555560201739,5,2832526,860,0,0,generated
284,dabashenliu_run_284\particle_positions_150000.csv,noise_0pct\c3800_phi26.00_logk-1.633333.png,equivalent_plastic_strain,3800,26,0.023263052,-1.63333330853244,0,2842026,860,0,0,generated
284,dabashenliu_run_284\particle_positions_150000.csv,noise_1pct\c3800_phi26.00_logk-1.633333.png,equivalent_plastic_strain,3800,26,0.023263052,-1.63333330853244,1,2842126,860,0,0,generated
284,dabashenliu_run_284\particle_positions_150000.csv,noise_3pct\c3800_phi26.00_logk-1.633333.png,equivalent_plastic_strain,3800,26,0.023263052,-1.63333330853244,3,2842326,860,0,0,generated
284,dabashenliu_run_284\particle_positions_150000.csv,noise_5pct\c3800_phi26.00_logk-1.633333.png,equivalent_plastic_strain,3800,26,0.023263052,-1.63333330853244,5,2842526,860,0,0,generated
285,dabashenliu_run_285\particle_positions_150000.csv,noise_0pct\c3800_phi26.00_logk-1.411111.png,equivalent_plastic_strain,3800,26,0.038805105,-1.41111113709934,0,2852026,860,0,0,generated
285,dabashenliu_run_285\particle_positions_150000.csv,noise_1pct\c3800_phi26.00_logk-1.411111.png,equivalent_plastic_strain,3800,26,0.038805105,-1.41111113709934,1,2852126,860,0,0,generated
285,dabashenliu_run_285\particle_positions_150000.csv,noise_3pct\c3800_phi26.00_logk-1.411111.png,equivalent_plastic_strain,3800,26,0.038805105,-1.41111113709934,3,2852326,860,0,0,generated
285,dabashenliu_run_285\particle_positions_150000.csv,noise_5pct\c3800_phi26.00_logk-1.411111.png,equivalent_plastic_strain,3800,26,0.038805105,-1.41111113709934,5,2852526,860,0,0,generated
286,dabashenliu_run_286\particle_positions_150000.csv,noise_0pct\c3800_phi26.00_logk-1.188889.png,equivalent_plastic_strain,3800,26,0.06473083,-1.18888882427963,0,2862026,860,0,0,generated
286,dabashenliu_run_286\particle_positions_150000.csv,noise_1pct\c3800_phi26.00_logk-1.188889.png,equivalent_plastic_strain,3800,26,0.06473083,-1.18888882427963,1,2862126,860,0,0,generated
286,dabashenliu_run_286\particle_positions_150000.csv,noise_3pct\c3800_phi26.00_logk-1.188889.png,equivalent_plastic_strain,3800,26,0.06473083,-1.18888882427963,3,2862326,860,0,0,generated
286,dabashenliu_run_286\particle_positions_150000.csv,noise_5pct\c3800_phi26.00_logk-1.188889.png,equivalent_plastic_strain,3800,26,0.06473083,-1.18888882427963,5,2862526,860,0,0,generated
287,dabashenliu_run_287\particle_positions_150000.csv,noise_0pct\c3800_phi26.00_logk-0.966667.png,equivalent_plastic_strain,3800,26,0.10797753,-0.966666611293739,0,2872026,860,0,0,generated
287,dabashenliu_run_287\particle_positions_150000.csv,noise_1pct\c3800_phi26.00_logk-0.966667.png,equivalent_plastic_strain,3800,26,0.10797753,-0.966666611293739,1,2872126,860,0,0,generated
287,dabashenliu_run_287\particle_positions_150000.csv,noise_3pct\c3800_phi26.00_logk-0.966667.png,equivalent_plastic_strain,3800,26,0.10797753,-0.966666611293739,3,2872326,860,0,0,generated
287,dabashenliu_run_287\particle_positions_150000.csv,noise_5pct\c3800_phi26.00_logk-0.966667.png,equivalent_plastic_strain,3800,26,0.10797753,-0.966666611293739,5,2872526,860,0,0,generated
288,dabashenliu_run_288\particle_positions_150000.csv,noise_0pct\c3800_phi26.00_logk-0.744444.png,equivalent_plastic_strain,3800,26,0.18011737,-0.744444403052799,0,2882026,860,0,2974,generated
288,dabashenliu_run_288\particle_positions_150000.csv,noise_1pct\c3800_phi26.00_logk-0.744444.png,equivalent_plastic_strain,3800,26,0.18011737,-0.744444403052799,1,2882126,860,0,2974,generated
288,dabashenliu_run_288\particle_positions_150000.csv,noise_3pct\c3800_phi26.00_logk-0.744444.png,equivalent_plastic_strain,3800,26,0.18011737,-0.744444403052799,3,2882326,860,0,2974,generated
288,dabashenliu_run_288\particle_positions_150000.csv,noise_5pct\c3800_phi26.00_logk-0.744444.png,equivalent_plastic_strain,3800,26,0.18011737,-0.744444403052799,5,2882526,860,0,2974,generated
289,dabashenliu_run_289\particle_positions_150000.csv,noise_0pct\c3800_phi26.00_logk-0.522222.png,equivalent_plastic_strain,3800,26,0.30045387,-0.522222197678965,0,2892026,860,0,25196,generated
289,dabashenliu_run_289\particle_positions_150000.csv,noise_1pct\c3800_phi26.00_logk-0.522222.png,equivalent_plastic_strain,3800,26,0.30045387,-0.522222197678965,1,2892126,860,0,25196,generated
289,dabashenliu_run_289\particle_positions_150000.csv,noise_3pct\c3800_phi26.00_logk-0.522222.png,equivalent_plastic_strain,3800,26,0.30045387,-0.522222197678965,3,2892326,860,0,25196,generated
289,dabashenliu_run_289\particle_positions_150000.csv,noise_5pct\c3800_phi26.00_logk-0.522222.png,equivalent_plastic_strain,3800,26,0.30045387,-0.522222197678965,5,2892526,860,0,25196,generated
290,dabashenliu_run_290\particle_positions_150000.csv,noise_0pct\c3800_phi26.00_logk-0.300000.png,equivalent_plastic_strain,3800,26,0.50118726,-0.299999977147204,0,2902026,860,0,28171,generated
290,dabashenliu_run_290\particle_positions_150000.csv,noise_1pct\c3800_phi26.00_logk-0.300000.png,equivalent_plastic_strain,3800,26,0.50118726,-0.299999977147204,1,2902126,860,0,28171,generated
290,dabashenliu_run_290\particle_positions_150000.csv,noise_3pct\c3800_phi26.00_logk-0.300000.png,equivalent_plastic_strain,3800,26,0.50118726,-0.299999977147204,3,2902326,860,0,28171,generated
290,dabashenliu_run_290\particle_positions_150000.csv,noise_5pct\c3800_phi26.00_logk-0.300000.png,equivalent_plastic_strain,3800,26,0.50118726,-0.299999977147204,5,2902526,860,0,28171,generated
291,dabashenliu_run_291\particle_positions_150000.csv,noise_0pct\c3800_phi27.00_logk-2.300000.png,equivalent_plastic_strain,3800,27,0.0050118724,-2.29999999447783,0,2912026,860,0,0,generated
291,dabashenliu_run_291\particle_positions_150000.csv,noise_1pct\c3800_phi27.00_logk-2.300000.png,equivalent_plastic_strain,3800,27,0.0050118724,-2.29999999447783,1,2912126,860,0,0,generated
291,dabashenliu_run_291\particle_positions_150000.csv,noise_3pct\c3800_phi27.00_logk-2.300000.png,equivalent_plastic_strain,3800,27,0.0050118724,-2.29999999447783,3,2912326,860,0,0,generated
291,dabashenliu_run_291\particle_positions_150000.csv,noise_5pct\c3800_phi27.00_logk-2.300000.png,equivalent_plastic_strain,3800,27,0.0050118724,-2.29999999447783,5,2912526,860,0,0,generated
292,dabashenliu_run_292\particle_positions_150000.csv,noise_0pct\c3800_phi27.00_logk-2.077778.png,equivalent_plastic_strain,3800,27,0.0083603095,-2.07777764461193,0,2922026,860,0,0,generated
292,dabashenliu_run_292\particle_positions_150000.csv,noise_1pct\c3800_phi27.00_logk-2.077778.png,equivalent_plastic_strain,3800,27,0.0083603095,-2.07777764461193,1,2922126,860,0,0,generated
292,dabashenliu_run_292\particle_positions_150000.csv,noise_3pct\c3800_phi27.00_logk-2.077778.png,equivalent_plastic_strain,3800,27,0.0083603095,-2.07777764461193,3,2922326,860,0,0,generated
292,dabashenliu_run_292\particle_positions_150000.csv,noise_5pct\c3800_phi27.00_logk-2.077778.png,equivalent_plastic_strain,3800,27,0.0083603095,-2.07777764461193,5,2922526,860,0,0,generated
293,dabashenliu_run_293\particle_positions_150000.csv,noise_0pct\c3800_phi27.00_logk-1.855556.png,equivalent_plastic_strain,3800,27,0.013945831,-1.85555560201739,0,2932026,860,0,0,generated
293,dabashenliu_run_293\particle_positions_150000.csv,noise_1pct\c3800_phi27.00_logk-1.855556.png,equivalent_plastic_strain,3800,27,0.013945831,-1.85555560201739,1,2932126,860,0,0,generated
293,dabashenliu_run_293\particle_positions_150000.csv,noise_3pct\c3800_phi27.00_logk-1.855556.png,equivalent_plastic_strain,3800,27,0.013945831,-1.85555560201739,3,2932326,860,0,0,generated
293,dabashenliu_run_293\particle_positions_150000.csv,noise_5pct\c3800_phi27.00_logk-1.855556.png,equivalent_plastic_strain,3800,27,0.013945831,-1.85555560201739,5,2932526,860,0,0,generated
294,dabashenliu_run_294\particle_positions_150000.csv,noise_0pct\c3800_phi27.00_logk-1.633333.png,equivalent_plastic_strain,3800,27,0.023263052,-1.63333330853244,0,2942026,860,0,0,generated
294,dabashenliu_run_294\particle_positions_150000.csv,noise_1pct\c3800_phi27.00_logk-1.633333.png,equivalent_plastic_strain,3800,27,0.023263052,-1.63333330853244,1,2942126,860,0,0,generated
294,dabashenliu_run_294\particle_positions_150000.csv,noise_3pct\c3800_phi27.00_logk-1.633333.png,equivalent_plastic_strain,3800,27,0.023263052,-1.63333330853244,3,2942326,860,0,0,generated
294,dabashenliu_run_294\particle_positions_150000.csv,noise_5pct\c3800_phi27.00_logk-1.633333.png,equivalent_plastic_strain,3800,27,0.023263052,-1.63333330853244,5,2942526,860,0,0,generated
295,dabashenliu_run_295\particle_positions_150000.csv,noise_0pct\c3800_phi27.00_logk-1.411111.png,equivalent_plastic_strain,3800,27,0.038805105,-1.41111113709934,0,2952026,860,0,0,generated
295,dabashenliu_run_295\particle_positions_150000.csv,noise_1pct\c3800_phi27.00_logk-1.411111.png,equivalent_plastic_strain,3800,27,0.038805105,-1.41111113709934,1,2952126,860,0,0,generated
295,dabashenliu_run_295\particle_positions_150000.csv,noise_3pct\c3800_phi27.00_logk-1.411111.png,equivalent_plastic_strain,3800,27,0.038805105,-1.41111113709934,3,2952326,860,0,0,generated
295,dabashenliu_run_295\particle_positions_150000.csv,noise_5pct\c3800_phi27.00_logk-1.411111.png,equivalent_plastic_strain,3800,27,0.038805105,-1.41111113709934,5,2952526,860,0,0,generated
296,dabashenliu_run_296\particle_positions_150000.csv,noise_0pct\c3800_phi27.00_logk-1.188889.png,equivalent_plastic_strain,3800,27,0.06473083,-1.18888882427963,0,2962026,860,0,0,generated
296,dabashenliu_run_296\particle_positions_150000.csv,noise_1pct\c3800_phi27.00_logk-1.188889.png,equivalent_plastic_strain,3800,27,0.06473083,-1.18888882427963,1,2962126,860,0,0,generated
296,dabashenliu_run_296\particle_positions_150000.csv,noise_3pct\c3800_phi27.00_logk-1.188889.png,equivalent_plastic_strain,3800,27,0.06473083,-1.18888882427963,3,2962326,860,0,0,generated
296,dabashenliu_run_296\particle_positions_150000.csv,noise_5pct\c3800_phi27.00_logk-1.188889.png,equivalent_plastic_strain,3800,27,0.06473083,-1.18888882427963,5,2962526,860,0,0,generated
297,dabashenliu_run_297\particle_positions_150000.csv,noise_0pct\c3800_phi27.00_logk-0.966667.png,equivalent_plastic_strain,3800,27,0.10797753,-0.966666611293739,0,2972026,860,0,0,generated
297,dabashenliu_run_297\particle_positions_150000.csv,noise_1pct\c3800_phi27.00_logk-0.966667.png,equivalent_plastic_strain,3800,27,0.10797753,-0.966666611293739,1,2972126,860,0,0,generated
297,dabashenliu_run_297\particle_positions_150000.csv,noise_3pct\c3800_phi27.00_logk-0.966667.png,equivalent_plastic_strain,3800,27,0.10797753,-0.966666611293739,3,2972326,860,0,0,generated
297,dabashenliu_run_297\particle_positions_150000.csv,noise_5pct\c3800_phi27.00_logk-0.966667.png,equivalent_plastic_strain,3800,27,0.10797753,-0.966666611293739,5,2972526,860,0,0,generated
298,dabashenliu_run_298\particle_positions_150000.csv,noise_0pct\c3800_phi27.00_logk-0.744444.png,equivalent_plastic_strain,3800,27,0.18011737,-0.744444403052799,0,2982026,860,0,2681,generated
298,dabashenliu_run_298\particle_positions_150000.csv,noise_1pct\c3800_phi27.00_logk-0.744444.png,equivalent_plastic_strain,3800,27,0.18011737,-0.744444403052799,1,2982126,860,0,2681,generated
298,dabashenliu_run_298\particle_positions_150000.csv,noise_3pct\c3800_phi27.00_logk-0.744444.png,equivalent_plastic_strain,3800,27,0.18011737,-0.744444403052799,3,2982326,860,0,2681,generated
298,dabashenliu_run_298\particle_positions_150000.csv,noise_5pct\c3800_phi27.00_logk-0.744444.png,equivalent_plastic_strain,3800,27,0.18011737,-0.744444403052799,5,2982526,860,0,2681,generated
299,dabashenliu_run_299\particle_positions_150000.csv,noise_0pct\c3800_phi27.00_logk-0.522222.png,equivalent_plastic_strain,3800,27,0.30045387,-0.522222197678965,0,2992026,860,0,21919,generated
299,dabashenliu_run_299\particle_positions_150000.csv,noise_1pct\c3800_phi27.00_logk-0.522222.png,equivalent_plastic_strain,3800,27,0.30045387,-0.522222197678965,1,2992126,860,0,21919,generated
299,dabashenliu_run_299\particle_positions_150000.csv,noise_3pct\c3800_phi27.00_logk-0.522222.png,equivalent_plastic_strain,3800,27,0.30045387,-0.522222197678965,3,2992326,860,0,21919,generated
299,dabashenliu_run_299\particle_positions_150000.csv,noise_5pct\c3800_phi27.00_logk-0.522222.png,equivalent_plastic_strain,3800,27,0.30045387,-0.522222197678965,5,2992526,860,0,21919,generated
300,dabashenliu_run_300\particle_positions_150000.csv,noise_0pct\c3800_phi27.00_logk-0.300000.png,equivalent_plastic_strain,3800,27,0.50118726,-0.299999977147204,0,3002026,860,0,29403,generated
300,dabashenliu_run_300\particle_positions_150000.csv,noise_1pct\c3800_phi27.00_logk-0.300000.png,equivalent_plastic_strain,3800,27,0.50118726,-0.299999977147204,1,3002126,860,0,29403,generated
300,dabashenliu_run_300\particle_positions_150000.csv,noise_3pct\c3800_phi27.00_logk-0.300000.png,equivalent_plastic_strain,3800,27,0.50118726,-0.299999977147204,3,3002326,860,0,29403,generated
300,dabashenliu_run_300\particle_positions_150000.csv,noise_5pct\c3800_phi27.00_logk-0.300000.png,equivalent_plastic_strain,3800,27,0.50118726,-0.299999977147204,5,3002526,860,0,29403,generated
301,dabashenliu_run_301\particle_positions_150000.csv,noise_0pct\c4200_phi18.00_logk-2.300000.png,equivalent_plastic_strain,4200,18,0.0050118724,-2.29999999447783,0,3012026,860,0,222,generated
301,dabashenliu_run_301\particle_positions_150000.csv,noise_1pct\c4200_phi18.00_logk-2.300000.png,equivalent_plastic_strain,4200,18,0.0050118724,-2.29999999447783,1,3012126,860,0,222,generated
301,dabashenliu_run_301\particle_positions_150000.csv,noise_3pct\c4200_phi18.00_logk-2.300000.png,equivalent_plastic_strain,4200,18,0.0050118724,-2.29999999447783,3,3012326,860,0,222,generated
301,dabashenliu_run_301\particle_positions_150000.csv,noise_5pct\c4200_phi18.00_logk-2.300000.png,equivalent_plastic_strain,4200,18,0.0050118724,-2.29999999447783,5,3012526,860,0,222,generated
302,dabashenliu_run_302\particle_positions_150000.csv,noise_0pct\c4200_phi18.00_logk-2.077778.png,equivalent_plastic_strain,4200,18,0.0083603095,-2.07777764461193,0,3022026,860,0,235,generated
302,dabashenliu_run_302\particle_positions_150000.csv,noise_1pct\c4200_phi18.00_logk-2.077778.png,equivalent_plastic_strain,4200,18,0.0083603095,-2.07777764461193,1,3022126,860,0,235,generated
302,dabashenliu_run_302\particle_positions_150000.csv,noise_3pct\c4200_phi18.00_logk-2.077778.png,equivalent_plastic_strain,4200,18,0.0083603095,-2.07777764461193,3,3022326,860,0,235,generated
302,dabashenliu_run_302\particle_positions_150000.csv,noise_5pct\c4200_phi18.00_logk-2.077778.png,equivalent_plastic_strain,4200,18,0.0083603095,-2.07777764461193,5,3022526,860,0,235,generated
303,dabashenliu_run_303\particle_positions_150000.csv,noise_0pct\c4200_phi18.00_logk-1.855556.png,equivalent_plastic_strain,4200,18,0.013945831,-1.85555560201739,0,3032026,860,0,228,generated
303,dabashenliu_run_303\particle_positions_150000.csv,noise_1pct\c4200_phi18.00_logk-1.855556.png,equivalent_plastic_strain,4200,18,0.013945831,-1.85555560201739,1,3032126,860,0,228,generated
303,dabashenliu_run_303\particle_positions_150000.csv,noise_3pct\c4200_phi18.00_logk-1.855556.png,equivalent_plastic_strain,4200,18,0.013945831,-1.85555560201739,3,3032326,860,0,228,generated
303,dabashenliu_run_303\particle_positions_150000.csv,noise_5pct\c4200_phi18.00_logk-1.855556.png,equivalent_plastic_strain,4200,18,0.013945831,-1.85555560201739,5,3032526,860,0,228,generated
304,dabashenliu_run_304\particle_positions_150000.csv,noise_0pct\c4200_phi18.00_logk-1.633333.png,equivalent_plastic_strain,4200,18,0.023263052,-1.63333330853244,0,3042026,860,0,249,generated
304,dabashenliu_run_304\particle_positions_150000.csv,noise_1pct\c4200_phi18.00_logk-1.633333.png,equivalent_plastic_strain,4200,18,0.023263052,-1.63333330853244,1,3042126,860,0,249,generated
304,dabashenliu_run_304\particle_positions_150000.csv,noise_3pct\c4200_phi18.00_logk-1.633333.png,equivalent_plastic_strain,4200,18,0.023263052,-1.63333330853244,3,3042326,860,0,249,generated
304,dabashenliu_run_304\particle_positions_150000.csv,noise_5pct\c4200_phi18.00_logk-1.633333.png,equivalent_plastic_strain,4200,18,0.023263052,-1.63333330853244,5,3042526,860,0,249,generated
305,dabashenliu_run_305\particle_positions_150000.csv,noise_0pct\c4200_phi18.00_logk-1.411111.png,equivalent_plastic_strain,4200,18,0.038805105,-1.41111113709934,0,3052026,860,0,235,generated
305,dabashenliu_run_305\particle_positions_150000.csv,noise_1pct\c4200_phi18.00_logk-1.411111.png,equivalent_plastic_strain,4200,18,0.038805105,-1.41111113709934,1,3052126,860,0,235,generated
305,dabashenliu_run_305\particle_positions_150000.csv,noise_3pct\c4200_phi18.00_logk-1.411111.png,equivalent_plastic_strain,4200,18,0.038805105,-1.41111113709934,3,3052326,860,0,235,generated
305,dabashenliu_run_305\particle_positions_150000.csv,noise_5pct\c4200_phi18.00_logk-1.411111.png,equivalent_plastic_strain,4200,18,0.038805105,-1.41111113709934,5,3052526,860,0,235,generated
306,dabashenliu_run_306\particle_positions_150000.csv,noise_0pct\c4200_phi18.00_logk-1.188889.png,equivalent_plastic_strain,4200,18,0.06473083,-1.18888882427963,0,3062026,860,0,701,generated
306,dabashenliu_run_306\particle_positions_150000.csv,noise_1pct\c4200_phi18.00_logk-1.188889.png,equivalent_plastic_strain,4200,18,0.06473083,-1.18888882427963,1,3062126,860,0,701,generated
306,dabashenliu_run_306\particle_positions_150000.csv,noise_3pct\c4200_phi18.00_logk-1.188889.png,equivalent_plastic_strain,4200,18,0.06473083,-1.18888882427963,3,3062326,860,0,701,generated
306,dabashenliu_run_306\particle_positions_150000.csv,noise_5pct\c4200_phi18.00_logk-1.188889.png,equivalent_plastic_strain,4200,18,0.06473083,-1.18888882427963,5,3062526,860,0,701,generated
307,dabashenliu_run_307\particle_positions_150000.csv,noise_0pct\c4200_phi18.00_logk-0.966667.png,equivalent_plastic_strain,4200,18,0.10797753,-0.966666611293739,0,3072026,860,0,2610,generated
307,dabashenliu_run_307\particle_positions_150000.csv,noise_1pct\c4200_phi18.00_logk-0.966667.png,equivalent_plastic_strain,4200,18,0.10797753,-0.966666611293739,1,3072126,860,0,2610,generated
307,dabashenliu_run_307\particle_positions_150000.csv,noise_3pct\c4200_phi18.00_logk-0.966667.png,equivalent_plastic_strain,4200,18,0.10797753,-0.966666611293739,3,3072326,860,0,2610,generated
307,dabashenliu_run_307\particle_positions_150000.csv,noise_5pct\c4200_phi18.00_logk-0.966667.png,equivalent_plastic_strain,4200,18,0.10797753,-0.966666611293739,5,3072526,860,0,2610,generated
308,dabashenliu_run_308\particle_positions_150000.csv,noise_0pct\c4200_phi18.00_logk-0.744444.png,equivalent_plastic_strain,4200,18,0.18011737,-0.744444403052799,0,3082026,860,0,17123,generated
308,dabashenliu_run_308\particle_positions_150000.csv,noise_1pct\c4200_phi18.00_logk-0.744444.png,equivalent_plastic_strain,4200,18,0.18011737,-0.744444403052799,1,3082126,860,0,17123,generated
308,dabashenliu_run_308\particle_positions_150000.csv,noise_3pct\c4200_phi18.00_logk-0.744444.png,equivalent_plastic_strain,4200,18,0.18011737,-0.744444403052799,3,3082326,860,0,17123,generated
308,dabashenliu_run_308\particle_positions_150000.csv,noise_5pct\c4200_phi18.00_logk-0.744444.png,equivalent_plastic_strain,4200,18,0.18011737,-0.744444403052799,5,3082526,860,0,17123,generated
309,dabashenliu_run_309\particle_positions_150000.csv,noise_0pct\c4200_phi18.00_logk-0.522222.png,equivalent_plastic_strain,4200,18,0.30045387,-0.522222197678965,0,3092026,860,0,43074,generated
309,dabashenliu_run_309\particle_positions_150000.csv,noise_1pct\c4200_phi18.00_logk-0.522222.png,equivalent_plastic_strain,4200,18,0.30045387,-0.522222197678965,1,3092126,860,0,43074,generated
309,dabashenliu_run_309\particle_positions_150000.csv,noise_3pct\c4200_phi18.00_logk-0.522222.png,equivalent_plastic_strain,4200,18,0.30045387,-0.522222197678965,3,3092326,860,0,43074,generated
309,dabashenliu_run_309\particle_positions_150000.csv,noise_5pct\c4200_phi18.00_logk-0.522222.png,equivalent_plastic_strain,4200,18,0.30045387,-0.522222197678965,5,3092526,860,0,43074,generated
310,dabashenliu_run_310\particle_positions_150000.csv,noise_0pct\c4200_phi18.00_logk-0.300000.png,equivalent_plastic_strain,4200,18,0.50118726,-0.299999977147204,0,3102026,860,0,43531,generated
310,dabashenliu_run_310\particle_positions_150000.csv,noise_1pct\c4200_phi18.00_logk-0.300000.png,equivalent_plastic_strain,4200,18,0.50118726,-0.299999977147204,1,3102126,860,0,43531,generated
310,dabashenliu_run_310\particle_positions_150000.csv,noise_3pct\c4200_phi18.00_logk-0.300000.png,equivalent_plastic_strain,4200,18,0.50118726,-0.299999977147204,3,3102326,860,0,43531,generated
310,dabashenliu_run_310\particle_positions_150000.csv,noise_5pct\c4200_phi18.00_logk-0.300000.png,equivalent_plastic_strain,4200,18,0.50118726,-0.299999977147204,5,3102526,860,0,43531,generated
311,dabashenliu_run_311\particle_positions_150000.csv,noise_0pct\c4200_phi19.00_logk-2.300000.png,equivalent_plastic_strain,4200,19,0.0050118724,-2.29999999447783,0,3112026,860,0,196,generated
311,dabashenliu_run_311\particle_positions_150000.csv,noise_1pct\c4200_phi19.00_logk-2.300000.png,equivalent_plastic_strain,4200,19,0.0050118724,-2.29999999447783,1,3112126,860,0,196,generated
311,dabashenliu_run_311\particle_positions_150000.csv,noise_3pct\c4200_phi19.00_logk-2.300000.png,equivalent_plastic_strain,4200,19,0.0050118724,-2.29999999447783,3,3112326,860,0,196,generated
311,dabashenliu_run_311\particle_positions_150000.csv,noise_5pct\c4200_phi19.00_logk-2.300000.png,equivalent_plastic_strain,4200,19,0.0050118724,-2.29999999447783,5,3112526,860,0,196,generated
312,dabashenliu_run_312\particle_positions_150000.csv,noise_0pct\c4200_phi19.00_logk-2.077778.png,equivalent_plastic_strain,4200,19,0.0083603095,-2.07777764461193,0,3122026,860,0,193,generated
312,dabashenliu_run_312\particle_positions_150000.csv,noise_1pct\c4200_phi19.00_logk-2.077778.png,equivalent_plastic_strain,4200,19,0.0083603095,-2.07777764461193,1,3122126,860,0,193,generated
312,dabashenliu_run_312\particle_positions_150000.csv,noise_3pct\c4200_phi19.00_logk-2.077778.png,equivalent_plastic_strain,4200,19,0.0083603095,-2.07777764461193,3,3122326,860,0,193,generated
312,dabashenliu_run_312\particle_positions_150000.csv,noise_5pct\c4200_phi19.00_logk-2.077778.png,equivalent_plastic_strain,4200,19,0.0083603095,-2.07777764461193,5,3122526,860,0,193,generated
313,dabashenliu_run_313\particle_positions_150000.csv,noise_0pct\c4200_phi19.00_logk-1.855556.png,equivalent_plastic_strain,4200,19,0.013945831,-1.85555560201739,0,3132026,860,0,177,generated
313,dabashenliu_run_313\particle_positions_150000.csv,noise_1pct\c4200_phi19.00_logk-1.855556.png,equivalent_plastic_strain,4200,19,0.013945831,-1.85555560201739,1,3132126,860,0,177,generated
313,dabashenliu_run_313\particle_positions_150000.csv,noise_3pct\c4200_phi19.00_logk-1.855556.png,equivalent_plastic_strain,4200,19,0.013945831,-1.85555560201739,3,3132326,860,0,177,generated
313,dabashenliu_run_313\particle_positions_150000.csv,noise_5pct\c4200_phi19.00_logk-1.855556.png,equivalent_plastic_strain,4200,19,0.013945831,-1.85555560201739,5,3132526,860,0,177,generated
314,dabashenliu_run_314\particle_positions_150000.csv,noise_0pct\c4200_phi19.00_logk-1.633333.png,equivalent_plastic_strain,4200,19,0.023263052,-1.63333330853244,0,3142026,860,0,192,generated
314,dabashenliu_run_314\particle_positions_150000.csv,noise_1pct\c4200_phi19.00_logk-1.633333.png,equivalent_plastic_strain,4200,19,0.023263052,-1.63333330853244,1,3142126,860,0,192,generated
314,dabashenliu_run_314\particle_positions_150000.csv,noise_3pct\c4200_phi19.00_logk-1.633333.png,equivalent_plastic_strain,4200,19,0.023263052,-1.63333330853244,3,3142326,860,0,192,generated
314,dabashenliu_run_314\particle_positions_150000.csv,noise_5pct\c4200_phi19.00_logk-1.633333.png,equivalent_plastic_strain,4200,19,0.023263052,-1.63333330853244,5,3142526,860,0,192,generated
315,dabashenliu_run_315\particle_positions_150000.csv,noise_0pct\c4200_phi19.00_logk-1.411111.png,equivalent_plastic_strain,4200,19,0.038805105,-1.41111113709934,0,3152026,860,0,236,generated
315,dabashenliu_run_315\particle_positions_150000.csv,noise_1pct\c4200_phi19.00_logk-1.411111.png,equivalent_plastic_strain,4200,19,0.038805105,-1.41111113709934,1,3152126,860,0,236,generated
315,dabashenliu_run_315\particle_positions_150000.csv,noise_3pct\c4200_phi19.00_logk-1.411111.png,equivalent_plastic_strain,4200,19,0.038805105,-1.41111113709934,3,3152326,860,0,236,generated
315,dabashenliu_run_315\particle_positions_150000.csv,noise_5pct\c4200_phi19.00_logk-1.411111.png,equivalent_plastic_strain,4200,19,0.038805105,-1.41111113709934,5,3152526,860,0,236,generated
316,dabashenliu_run_316\particle_positions_150000.csv,noise_0pct\c4200_phi19.00_logk-1.188889.png,equivalent_plastic_strain,4200,19,0.06473083,-1.18888882427963,0,3162026,860,0,466,generated
316,dabashenliu_run_316\particle_positions_150000.csv,noise_1pct\c4200_phi19.00_logk-1.188889.png,equivalent_plastic_strain,4200,19,0.06473083,-1.18888882427963,1,3162126,860,0,466,generated
316,dabashenliu_run_316\particle_positions_150000.csv,noise_3pct\c4200_phi19.00_logk-1.188889.png,equivalent_plastic_strain,4200,19,0.06473083,-1.18888882427963,3,3162326,860,0,466,generated
316,dabashenliu_run_316\particle_positions_150000.csv,noise_5pct\c4200_phi19.00_logk-1.188889.png,equivalent_plastic_strain,4200,19,0.06473083,-1.18888882427963,5,3162526,860,0,466,generated
317,dabashenliu_run_317\particle_positions_150000.csv,noise_0pct\c4200_phi19.00_logk-0.966667.png,equivalent_plastic_strain,4200,19,0.10797753,-0.966666611293739,0,3172026,860,0,1213,generated
317,dabashenliu_run_317\particle_positions_150000.csv,noise_1pct\c4200_phi19.00_logk-0.966667.png,equivalent_plastic_strain,4200,19,0.10797753,-0.966666611293739,1,3172126,860,0,1213,generated
317,dabashenliu_run_317\particle_positions_150000.csv,noise_3pct\c4200_phi19.00_logk-0.966667.png,equivalent_plastic_strain,4200,19,0.10797753,-0.966666611293739,3,3172326,860,0,1213,generated
317,dabashenliu_run_317\particle_positions_150000.csv,noise_5pct\c4200_phi19.00_logk-0.966667.png,equivalent_plastic_strain,4200,19,0.10797753,-0.966666611293739,5,3172526,860,0,1213,generated
318,dabashenliu_run_318\particle_positions_150000.csv,noise_0pct\c4200_phi19.00_logk-0.744444.png,equivalent_plastic_strain,4200,19,0.18011737,-0.744444403052799,0,3182026,860,0,15184,generated
318,dabashenliu_run_318\particle_positions_150000.csv,noise_1pct\c4200_phi19.00_logk-0.744444.png,equivalent_plastic_strain,4200,19,0.18011737,-0.744444403052799,1,3182126,860,0,15184,generated
318,dabashenliu_run_318\particle_positions_150000.csv,noise_3pct\c4200_phi19.00_logk-0.744444.png,equivalent_plastic_strain,4200,19,0.18011737,-0.744444403052799,3,3182326,860,0,15184,generated
318,dabashenliu_run_318\particle_positions_150000.csv,noise_5pct\c4200_phi19.00_logk-0.744444.png,equivalent_plastic_strain,4200,19,0.18011737,-0.744444403052799,5,3182526,860,0,15184,generated
319,dabashenliu_run_319\particle_positions_150000.csv,noise_0pct\c4200_phi19.00_logk-0.522222.png,equivalent_plastic_strain,4200,19,0.30045387,-0.522222197678965,0,3192026,860,0,36197,generated
319,dabashenliu_run_319\particle_positions_150000.csv,noise_1pct\c4200_phi19.00_logk-0.522222.png,equivalent_plastic_strain,4200,19,0.30045387,-0.522222197678965,1,3192126,860,0,36197,generated
319,dabashenliu_run_319\particle_positions_150000.csv,noise_3pct\c4200_phi19.00_logk-0.522222.png,equivalent_plastic_strain,4200,19,0.30045387,-0.522222197678965,3,3192326,860,0,36197,generated
319,dabashenliu_run_319\particle_positions_150000.csv,noise_5pct\c4200_phi19.00_logk-0.522222.png,equivalent_plastic_strain,4200,19,0.30045387,-0.522222197678965,5,3192526,860,0,36197,generated
320,dabashenliu_run_320\particle_positions_150000.csv,noise_0pct\c4200_phi19.00_logk-0.300000.png,equivalent_plastic_strain,4200,19,0.50118726,-0.299999977147204,0,3202026,860,0,41405,generated
320,dabashenliu_run_320\particle_positions_150000.csv,noise_1pct\c4200_phi19.00_logk-0.300000.png,equivalent_plastic_strain,4200,19,0.50118726,-0.299999977147204,1,3202126,860,0,41405,generated
320,dabashenliu_run_320\particle_positions_150000.csv,noise_3pct\c4200_phi19.00_logk-0.300000.png,equivalent_plastic_strain,4200,19,0.50118726,-0.299999977147204,3,3202326,860,0,41405,generated
320,dabashenliu_run_320\particle_positions_150000.csv,noise_5pct\c4200_phi19.00_logk-0.300000.png,equivalent_plastic_strain,4200,19,0.50118726,-0.299999977147204,5,3202526,860,0,41405,generated
321,dabashenliu_run_321\particle_positions_150000.csv,noise_0pct\c4200_phi20.00_logk-2.300000.png,equivalent_plastic_strain,4200,20,0.0050118724,-2.29999999447783,0,3212026,860,0,0,generated
321,dabashenliu_run_321\particle_positions_150000.csv,noise_1pct\c4200_phi20.00_logk-2.300000.png,equivalent_plastic_strain,4200,20,0.0050118724,-2.29999999447783,1,3212126,860,0,0,generated
321,dabashenliu_run_321\particle_positions_150000.csv,noise_3pct\c4200_phi20.00_logk-2.300000.png,equivalent_plastic_strain,4200,20,0.0050118724,-2.29999999447783,3,3212326,860,0,0,generated
321,dabashenliu_run_321\particle_positions_150000.csv,noise_5pct\c4200_phi20.00_logk-2.300000.png,equivalent_plastic_strain,4200,20,0.0050118724,-2.29999999447783,5,3212526,860,0,0,generated
322,dabashenliu_run_322\particle_positions_150000.csv,noise_0pct\c4200_phi20.00_logk-2.077778.png,equivalent_plastic_strain,4200,20,0.0083603095,-2.07777764461193,0,3222026,860,0,0,generated
322,dabashenliu_run_322\particle_positions_150000.csv,noise_1pct\c4200_phi20.00_logk-2.077778.png,equivalent_plastic_strain,4200,20,0.0083603095,-2.07777764461193,1,3222126,860,0,0,generated
322,dabashenliu_run_322\particle_positions_150000.csv,noise_3pct\c4200_phi20.00_logk-2.077778.png,equivalent_plastic_strain,4200,20,0.0083603095,-2.07777764461193,3,3222326,860,0,0,generated
322,dabashenliu_run_322\particle_positions_150000.csv,noise_5pct\c4200_phi20.00_logk-2.077778.png,equivalent_plastic_strain,4200,20,0.0083603095,-2.07777764461193,5,3222526,860,0,0,generated
323,dabashenliu_run_323\particle_positions_150000.csv,noise_0pct\c4200_phi20.00_logk-1.855556.png,equivalent_plastic_strain,4200,20,0.013945831,-1.85555560201739,0,3232026,860,0,0,generated
323,dabashenliu_run_323\particle_positions_150000.csv,noise_1pct\c4200_phi20.00_logk-1.855556.png,equivalent_plastic_strain,4200,20,0.013945831,-1.85555560201739,1,3232126,860,0,0,generated
323,dabashenliu_run_323\particle_positions_150000.csv,noise_3pct\c4200_phi20.00_logk-1.855556.png,equivalent_plastic_strain,4200,20,0.013945831,-1.85555560201739,3,3232326,860,0,0,generated
323,dabashenliu_run_323\particle_positions_150000.csv,noise_5pct\c4200_phi20.00_logk-1.855556.png,equivalent_plastic_strain,4200,20,0.013945831,-1.85555560201739,5,3232526,860,0,0,generated
324,dabashenliu_run_324\particle_positions_150000.csv,noise_0pct\c4200_phi20.00_logk-1.633333.png,equivalent_plastic_strain,4200,20,0.023263052,-1.63333330853244,0,3242026,860,0,0,generated
324,dabashenliu_run_324\particle_positions_150000.csv,noise_1pct\c4200_phi20.00_logk-1.633333.png,equivalent_plastic_strain,4200,20,0.023263052,-1.63333330853244,1,3242126,860,0,0,generated
324,dabashenliu_run_324\particle_positions_150000.csv,noise_3pct\c4200_phi20.00_logk-1.633333.png,equivalent_plastic_strain,4200,20,0.023263052,-1.63333330853244,3,3242326,860,0,0,generated
324,dabashenliu_run_324\particle_positions_150000.csv,noise_5pct\c4200_phi20.00_logk-1.633333.png,equivalent_plastic_strain,4200,20,0.023263052,-1.63333330853244,5,3242526,860,0,0,generated
325,dabashenliu_run_325\particle_positions_150000.csv,noise_0pct\c4200_phi20.00_logk-1.411111.png,equivalent_plastic_strain,4200,20,0.038805105,-1.41111113709934,0,3252026,860,0,0,generated
325,dabashenliu_run_325\particle_positions_150000.csv,noise_1pct\c4200_phi20.00_logk-1.411111.png,equivalent_plastic_strain,4200,20,0.038805105,-1.41111113709934,1,3252126,860,0,0,generated
325,dabashenliu_run_325\particle_positions_150000.csv,noise_3pct\c4200_phi20.00_logk-1.411111.png,equivalent_plastic_strain,4200,20,0.038805105,-1.41111113709934,3,3252326,860,0,0,generated
325,dabashenliu_run_325\particle_positions_150000.csv,noise_5pct\c4200_phi20.00_logk-1.411111.png,equivalent_plastic_strain,4200,20,0.038805105,-1.41111113709934,5,3252526,860,0,0,generated
326,dabashenliu_run_326\particle_positions_150000.csv,noise_0pct\c4200_phi20.00_logk-1.188889.png,equivalent_plastic_strain,4200,20,0.06473083,-1.18888882427963,0,3262026,860,0,28,generated
326,dabashenliu_run_326\particle_positions_150000.csv,noise_1pct\c4200_phi20.00_logk-1.188889.png,equivalent_plastic_strain,4200,20,0.06473083,-1.18888882427963,1,3262126,860,0,28,generated
326,dabashenliu_run_326\particle_positions_150000.csv,noise_3pct\c4200_phi20.00_logk-1.188889.png,equivalent_plastic_strain,4200,20,0.06473083,-1.18888882427963,3,3262326,860,0,28,generated
326,dabashenliu_run_326\particle_positions_150000.csv,noise_5pct\c4200_phi20.00_logk-1.188889.png,equivalent_plastic_strain,4200,20,0.06473083,-1.18888882427963,5,3262526,860,0,28,generated
327,dabashenliu_run_327\particle_positions_150000.csv,noise_0pct\c4200_phi20.00_logk-0.966667.png,equivalent_plastic_strain,4200,20,0.10797753,-0.966666611293739,0,3272026,860,0,649,generated
327,dabashenliu_run_327\particle_positions_150000.csv,noise_1pct\c4200_phi20.00_logk-0.966667.png,equivalent_plastic_strain,4200,20,0.10797753,-0.966666611293739,1,3272126,860,0,649,generated
327,dabashenliu_run_327\particle_positions_150000.csv,noise_3pct\c4200_phi20.00_logk-0.966667.png,equivalent_plastic_strain,4200,20,0.10797753,-0.966666611293739,3,3272326,860,0,649,generated
327,dabashenliu_run_327\particle_positions_150000.csv,noise_5pct\c4200_phi20.00_logk-0.966667.png,equivalent_plastic_strain,4200,20,0.10797753,-0.966666611293739,5,3272526,860,0,649,generated
328,dabashenliu_run_328\particle_positions_150000.csv,noise_0pct\c4200_phi20.00_logk-0.744444.png,equivalent_plastic_strain,4200,20,0.18011737,-0.744444403052799,0,3282026,860,0,13297,generated
328,dabashenliu_run_328\particle_positions_150000.csv,noise_1pct\c4200_phi20.00_logk-0.744444.png,equivalent_plastic_strain,4200,20,0.18011737,-0.744444403052799,1,3282126,860,0,13297,generated
328,dabashenliu_run_328\particle_positions_150000.csv,noise_3pct\c4200_phi20.00_logk-0.744444.png,equivalent_plastic_strain,4200,20,0.18011737,-0.744444403052799,3,3282326,860,0,13297,generated
328,dabashenliu_run_328\particle_positions_150000.csv,noise_5pct\c4200_phi20.00_logk-0.744444.png,equivalent_plastic_strain,4200,20,0.18011737,-0.744444403052799,5,3282526,860,0,13297,generated
329,dabashenliu_run_329\particle_positions_150000.csv,noise_0pct\c4200_phi20.00_logk-0.522222.png,equivalent_plastic_strain,4200,20,0.30045387,-0.522222197678965,0,3292026,860,0,31965,generated
329,dabashenliu_run_329\particle_positions_150000.csv,noise_1pct\c4200_phi20.00_logk-0.522222.png,equivalent_plastic_strain,4200,20,0.30045387,-0.522222197678965,1,3292126,860,0,31965,generated
329,dabashenliu_run_329\particle_positions_150000.csv,noise_3pct\c4200_phi20.00_logk-0.522222.png,equivalent_plastic_strain,4200,20,0.30045387,-0.522222197678965,3,3292326,860,0,31965,generated
329,dabashenliu_run_329\particle_positions_150000.csv,noise_5pct\c4200_phi20.00_logk-0.522222.png,equivalent_plastic_strain,4200,20,0.30045387,-0.522222197678965,5,3292526,860,0,31965,generated
330,dabashenliu_run_330\particle_positions_150000.csv,noise_0pct\c4200_phi20.00_logk-0.300000.png,equivalent_plastic_strain,4200,20,0.50118726,-0.299999977147204,0,3302026,860,0,38547,generated
330,dabashenliu_run_330\particle_positions_150000.csv,noise_1pct\c4200_phi20.00_logk-0.300000.png,equivalent_plastic_strain,4200,20,0.50118726,-0.299999977147204,1,3302126,860,0,38547,generated
330,dabashenliu_run_330\particle_positions_150000.csv,noise_3pct\c4200_phi20.00_logk-0.300000.png,equivalent_plastic_strain,4200,20,0.50118726,-0.299999977147204,3,3302326,860,0,38547,generated
330,dabashenliu_run_330\particle_positions_150000.csv,noise_5pct\c4200_phi20.00_logk-0.300000.png,equivalent_plastic_strain,4200,20,0.50118726,-0.299999977147204,5,3302526,860,0,38547,generated
331,dabashenliu_run_331\particle_positions_150000.csv,noise_0pct\c4200_phi21.00_logk-2.300000.png,equivalent_plastic_strain,4200,21,0.0050118724,-2.29999999447783,0,3312026,860,0,0,generated
331,dabashenliu_run_331\particle_positions_150000.csv,noise_1pct\c4200_phi21.00_logk-2.300000.png,equivalent_plastic_strain,4200,21,0.0050118724,-2.29999999447783,1,3312126,860,0,0,generated
331,dabashenliu_run_331\particle_positions_150000.csv,noise_3pct\c4200_phi21.00_logk-2.300000.png,equivalent_plastic_strain,4200,21,0.0050118724,-2.29999999447783,3,3312326,860,0,0,generated
331,dabashenliu_run_331\particle_positions_150000.csv,noise_5pct\c4200_phi21.00_logk-2.300000.png,equivalent_plastic_strain,4200,21,0.0050118724,-2.29999999447783,5,3312526,860,0,0,generated
332,dabashenliu_run_332\particle_positions_150000.csv,noise_0pct\c4200_phi21.00_logk-2.077778.png,equivalent_plastic_strain,4200,21,0.0083603095,-2.07777764461193,0,3322026,860,0,0,generated
332,dabashenliu_run_332\particle_positions_150000.csv,noise_1pct\c4200_phi21.00_logk-2.077778.png,equivalent_plastic_strain,4200,21,0.0083603095,-2.07777764461193,1,3322126,860,0,0,generated
332,dabashenliu_run_332\particle_positions_150000.csv,noise_3pct\c4200_phi21.00_logk-2.077778.png,equivalent_plastic_strain,4200,21,0.0083603095,-2.07777764461193,3,3322326,860,0,0,generated
332,dabashenliu_run_332\particle_positions_150000.csv,noise_5pct\c4200_phi21.00_logk-2.077778.png,equivalent_plastic_strain,4200,21,0.0083603095,-2.07777764461193,5,3322526,860,0,0,generated
333,dabashenliu_run_333\particle_positions_150000.csv,noise_0pct\c4200_phi21.00_logk-1.855556.png,equivalent_plastic_strain,4200,21,0.013945831,-1.85555560201739,0,3332026,860,0,0,generated
333,dabashenliu_run_333\particle_positions_150000.csv,noise_1pct\c4200_phi21.00_logk-1.855556.png,equivalent_plastic_strain,4200,21,0.013945831,-1.85555560201739,1,3332126,860,0,0,generated
333,dabashenliu_run_333\particle_positions_150000.csv,noise_3pct\c4200_phi21.00_logk-1.855556.png,equivalent_plastic_strain,4200,21,0.013945831,-1.85555560201739,3,3332326,860,0,0,generated
333,dabashenliu_run_333\particle_positions_150000.csv,noise_5pct\c4200_phi21.00_logk-1.855556.png,equivalent_plastic_strain,4200,21,0.013945831,-1.85555560201739,5,3332526,860,0,0,generated
334,dabashenliu_run_334\particle_positions_150000.csv,noise_0pct\c4200_phi21.00_logk-1.633333.png,equivalent_plastic_strain,4200,21,0.023263052,-1.63333330853244,0,3342026,860,0,0,generated
334,dabashenliu_run_334\particle_positions_150000.csv,noise_1pct\c4200_phi21.00_logk-1.633333.png,equivalent_plastic_strain,4200,21,0.023263052,-1.63333330853244,1,3342126,860,0,0,generated
334,dabashenliu_run_334\particle_positions_150000.csv,noise_3pct\c4200_phi21.00_logk-1.633333.png,equivalent_plastic_strain,4200,21,0.023263052,-1.63333330853244,3,3342326,860,0,0,generated
334,dabashenliu_run_334\particle_positions_150000.csv,noise_5pct\c4200_phi21.00_logk-1.633333.png,equivalent_plastic_strain,4200,21,0.023263052,-1.63333330853244,5,3342526,860,0,0,generated
335,dabashenliu_run_335\particle_positions_150000.csv,noise_0pct\c4200_phi21.00_logk-1.411111.png,equivalent_plastic_strain,4200,21,0.038805105,-1.41111113709934,0,3352026,860,0,0,generated
335,dabashenliu_run_335\particle_positions_150000.csv,noise_1pct\c4200_phi21.00_logk-1.411111.png,equivalent_plastic_strain,4200,21,0.038805105,-1.41111113709934,1,3352126,860,0,0,generated
335,dabashenliu_run_335\particle_positions_150000.csv,noise_3pct\c4200_phi21.00_logk-1.411111.png,equivalent_plastic_strain,4200,21,0.038805105,-1.41111113709934,3,3352326,860,0,0,generated
335,dabashenliu_run_335\particle_positions_150000.csv,noise_5pct\c4200_phi21.00_logk-1.411111.png,equivalent_plastic_strain,4200,21,0.038805105,-1.41111113709934,5,3352526,860,0,0,generated
336,dabashenliu_run_336\particle_positions_150000.csv,noise_0pct\c4200_phi21.00_logk-1.188889.png,equivalent_plastic_strain,4200,21,0.06473083,-1.18888882427963,0,3362026,860,0,0,generated
336,dabashenliu_run_336\particle_positions_150000.csv,noise_1pct\c4200_phi21.00_logk-1.188889.png,equivalent_plastic_strain,4200,21,0.06473083,-1.18888882427963,1,3362126,860,0,0,generated
336,dabashenliu_run_336\particle_positions_150000.csv,noise_3pct\c4200_phi21.00_logk-1.188889.png,equivalent_plastic_strain,4200,21,0.06473083,-1.18888882427963,3,3362326,860,0,0,generated
336,dabashenliu_run_336\particle_positions_150000.csv,noise_5pct\c4200_phi21.00_logk-1.188889.png,equivalent_plastic_strain,4200,21,0.06473083,-1.18888882427963,5,3362526,860,0,0,generated
337,dabashenliu_run_337\particle_positions_150000.csv,noise_0pct\c4200_phi21.00_logk-0.966667.png,equivalent_plastic_strain,4200,21,0.10797753,-0.966666611293739,0,3372026,860,0,267,generated
337,dabashenliu_run_337\particle_positions_150000.csv,noise_1pct\c4200_phi21.00_logk-0.966667.png,equivalent_plastic_strain,4200,21,0.10797753,-0.966666611293739,1,3372126,860,0,267,generated
337,dabashenliu_run_337\particle_positions_150000.csv,noise_3pct\c4200_phi21.00_logk-0.966667.png,equivalent_plastic_strain,4200,21,0.10797753,-0.966666611293739,3,3372326,860,0,267,generated
337,dabashenliu_run_337\particle_positions_150000.csv,noise_5pct\c4200_phi21.00_logk-0.966667.png,equivalent_plastic_strain,4200,21,0.10797753,-0.966666611293739,5,3372526,860,0,267,generated
338,dabashenliu_run_338\particle_positions_150000.csv,noise_0pct\c4200_phi21.00_logk-0.744444.png,equivalent_plastic_strain,4200,21,0.18011737,-0.744444403052799,0,3382026,860,0,10526,generated
338,dabashenliu_run_338\particle_positions_150000.csv,noise_1pct\c4200_phi21.00_logk-0.744444.png,equivalent_plastic_strain,4200,21,0.18011737,-0.744444403052799,1,3382126,860,0,10526,generated
338,dabashenliu_run_338\particle_positions_150000.csv,noise_3pct\c4200_phi21.00_logk-0.744444.png,equivalent_plastic_strain,4200,21,0.18011737,-0.744444403052799,3,3382326,860,0,10526,generated
338,dabashenliu_run_338\particle_positions_150000.csv,noise_5pct\c4200_phi21.00_logk-0.744444.png,equivalent_plastic_strain,4200,21,0.18011737,-0.744444403052799,5,3382526,860,0,10526,generated
339,dabashenliu_run_339\particle_positions_150000.csv,noise_0pct\c4200_phi21.00_logk-0.522222.png,equivalent_plastic_strain,4200,21,0.30045387,-0.522222197678965,0,3392026,860,0,29357,generated
339,dabashenliu_run_339\particle_positions_150000.csv,noise_1pct\c4200_phi21.00_logk-0.522222.png,equivalent_plastic_strain,4200,21,0.30045387,-0.522222197678965,1,3392126,860,0,29357,generated
339,dabashenliu_run_339\particle_positions_150000.csv,noise_3pct\c4200_phi21.00_logk-0.522222.png,equivalent_plastic_strain,4200,21,0.30045387,-0.522222197678965,3,3392326,860,0,29357,generated
339,dabashenliu_run_339\particle_positions_150000.csv,noise_5pct\c4200_phi21.00_logk-0.522222.png,equivalent_plastic_strain,4200,21,0.30045387,-0.522222197678965,5,3392526,860,0,29357,generated
340,dabashenliu_run_340\particle_positions_150000.csv,noise_0pct\c4200_phi21.00_logk-0.300000.png,equivalent_plastic_strain,4200,21,0.50118726,-0.299999977147204,0,3402026,860,0,31005,generated
340,dabashenliu_run_340\particle_positions_150000.csv,noise_1pct\c4200_phi21.00_logk-0.300000.png,equivalent_plastic_strain,4200,21,0.50118726,-0.299999977147204,1,3402126,860,0,31005,generated
340,dabashenliu_run_340\particle_positions_150000.csv,noise_3pct\c4200_phi21.00_logk-0.300000.png,equivalent_plastic_strain,4200,21,0.50118726,-0.299999977147204,3,3402326,860,0,31005,generated
340,dabashenliu_run_340\particle_positions_150000.csv,noise_5pct\c4200_phi21.00_logk-0.300000.png,equivalent_plastic_strain,4200,21,0.50118726,-0.299999977147204,5,3402526,860,0,31005,generated
341,dabashenliu_run_341\particle_positions_150000.csv,noise_0pct\c4200_phi22.00_logk-2.300000.png,equivalent_plastic_strain,4200,22,0.0050118724,-2.29999999447783,0,3412026,860,0,0,generated
341,dabashenliu_run_341\particle_positions_150000.csv,noise_1pct\c4200_phi22.00_logk-2.300000.png,equivalent_plastic_strain,4200,22,0.0050118724,-2.29999999447783,1,3412126,860,0,0,generated
341,dabashenliu_run_341\particle_positions_150000.csv,noise_3pct\c4200_phi22.00_logk-2.300000.png,equivalent_plastic_strain,4200,22,0.0050118724,-2.29999999447783,3,3412326,860,0,0,generated
341,dabashenliu_run_341\particle_positions_150000.csv,noise_5pct\c4200_phi22.00_logk-2.300000.png,equivalent_plastic_strain,4200,22,0.0050118724,-2.29999999447783,5,3412526,860,0,0,generated
342,dabashenliu_run_342\particle_positions_150000.csv,noise_0pct\c4200_phi22.00_logk-2.077778.png,equivalent_plastic_strain,4200,22,0.0083603095,-2.07777764461193,0,3422026,860,0,0,generated
342,dabashenliu_run_342\particle_positions_150000.csv,noise_1pct\c4200_phi22.00_logk-2.077778.png,equivalent_plastic_strain,4200,22,0.0083603095,-2.07777764461193,1,3422126,860,0,0,generated
342,dabashenliu_run_342\particle_positions_150000.csv,noise_3pct\c4200_phi22.00_logk-2.077778.png,equivalent_plastic_strain,4200,22,0.0083603095,-2.07777764461193,3,3422326,860,0,0,generated
342,dabashenliu_run_342\particle_positions_150000.csv,noise_5pct\c4200_phi22.00_logk-2.077778.png,equivalent_plastic_strain,4200,22,0.0083603095,-2.07777764461193,5,3422526,860,0,0,generated
343,dabashenliu_run_343\particle_positions_150000.csv,noise_0pct\c4200_phi22.00_logk-1.855556.png,equivalent_plastic_strain,4200,22,0.013945831,-1.85555560201739,0,3432026,860,0,0,generated
343,dabashenliu_run_343\particle_positions_150000.csv,noise_1pct\c4200_phi22.00_logk-1.855556.png,equivalent_plastic_strain,4200,22,0.013945831,-1.85555560201739,1,3432126,860,0,0,generated
343,dabashenliu_run_343\particle_positions_150000.csv,noise_3pct\c4200_phi22.00_logk-1.855556.png,equivalent_plastic_strain,4200,22,0.013945831,-1.85555560201739,3,3432326,860,0,0,generated
343,dabashenliu_run_343\particle_positions_150000.csv,noise_5pct\c4200_phi22.00_logk-1.855556.png,equivalent_plastic_strain,4200,22,0.013945831,-1.85555560201739,5,3432526,860,0,0,generated
344,dabashenliu_run_344\particle_positions_150000.csv,noise_0pct\c4200_phi22.00_logk-1.633333.png,equivalent_plastic_strain,4200,22,0.023263052,-1.63333330853244,0,3442026,860,0,0,generated
344,dabashenliu_run_344\particle_positions_150000.csv,noise_1pct\c4200_phi22.00_logk-1.633333.png,equivalent_plastic_strain,4200,22,0.023263052,-1.63333330853244,1,3442126,860,0,0,generated
344,dabashenliu_run_344\particle_positions_150000.csv,noise_3pct\c4200_phi22.00_logk-1.633333.png,equivalent_plastic_strain,4200,22,0.023263052,-1.63333330853244,3,3442326,860,0,0,generated
344,dabashenliu_run_344\particle_positions_150000.csv,noise_5pct\c4200_phi22.00_logk-1.633333.png,equivalent_plastic_strain,4200,22,0.023263052,-1.63333330853244,5,3442526,860,0,0,generated
345,dabashenliu_run_345\particle_positions_150000.csv,noise_0pct\c4200_phi22.00_logk-1.411111.png,equivalent_plastic_strain,4200,22,0.038805105,-1.41111113709934,0,3452026,860,0,0,generated
345,dabashenliu_run_345\particle_positions_150000.csv,noise_1pct\c4200_phi22.00_logk-1.411111.png,equivalent_plastic_strain,4200,22,0.038805105,-1.41111113709934,1,3452126,860,0,0,generated
345,dabashenliu_run_345\particle_positions_150000.csv,noise_3pct\c4200_phi22.00_logk-1.411111.png,equivalent_plastic_strain,4200,22,0.038805105,-1.41111113709934,3,3452326,860,0,0,generated
345,dabashenliu_run_345\particle_positions_150000.csv,noise_5pct\c4200_phi22.00_logk-1.411111.png,equivalent_plastic_strain,4200,22,0.038805105,-1.41111113709934,5,3452526,860,0,0,generated
346,dabashenliu_run_346\particle_positions_150000.csv,noise_0pct\c4200_phi22.00_logk-1.188889.png,equivalent_plastic_strain,4200,22,0.06473083,-1.18888882427963,0,3462026,860,0,0,generated
346,dabashenliu_run_346\particle_positions_150000.csv,noise_1pct\c4200_phi22.00_logk-1.188889.png,equivalent_plastic_strain,4200,22,0.06473083,-1.18888882427963,1,3462126,860,0,0,generated
346,dabashenliu_run_346\particle_positions_150000.csv,noise_3pct\c4200_phi22.00_logk-1.188889.png,equivalent_plastic_strain,4200,22,0.06473083,-1.18888882427963,3,3462326,860,0,0,generated
346,dabashenliu_run_346\particle_positions_150000.csv,noise_5pct\c4200_phi22.00_logk-1.188889.png,equivalent_plastic_strain,4200,22,0.06473083,-1.18888882427963,5,3462526,860,0,0,generated
347,dabashenliu_run_347\particle_positions_150000.csv,noise_0pct\c4200_phi22.00_logk-0.966667.png,equivalent_plastic_strain,4200,22,0.10797753,-0.966666611293739,0,3472026,860,0,0,generated
347,dabashenliu_run_347\particle_positions_150000.csv,noise_1pct\c4200_phi22.00_logk-0.966667.png,equivalent_plastic_strain,4200,22,0.10797753,-0.966666611293739,1,3472126,860,0,0,generated
347,dabashenliu_run_347\particle_positions_150000.csv,noise_3pct\c4200_phi22.00_logk-0.966667.png,equivalent_plastic_strain,4200,22,0.10797753,-0.966666611293739,3,3472326,860,0,0,generated
347,dabashenliu_run_347\particle_positions_150000.csv,noise_5pct\c4200_phi22.00_logk-0.966667.png,equivalent_plastic_strain,4200,22,0.10797753,-0.966666611293739,5,3472526,860,0,0,generated
348,dabashenliu_run_348\particle_positions_150000.csv,noise_0pct\c4200_phi22.00_logk-0.744444.png,equivalent_plastic_strain,4200,22,0.18011737,-0.744444403052799,0,3482026,860,0,7776,generated
348,dabashenliu_run_348\particle_positions_150000.csv,noise_1pct\c4200_phi22.00_logk-0.744444.png,equivalent_plastic_strain,4200,22,0.18011737,-0.744444403052799,1,3482126,860,0,7776,generated
348,dabashenliu_run_348\particle_positions_150000.csv,noise_3pct\c4200_phi22.00_logk-0.744444.png,equivalent_plastic_strain,4200,22,0.18011737,-0.744444403052799,3,3482326,860,0,7776,generated
348,dabashenliu_run_348\particle_positions_150000.csv,noise_5pct\c4200_phi22.00_logk-0.744444.png,equivalent_plastic_strain,4200,22,0.18011737,-0.744444403052799,5,3482526,860,0,7776,generated
349,dabashenliu_run_349\particle_positions_150000.csv,noise_0pct\c4200_phi22.00_logk-0.522222.png,equivalent_plastic_strain,4200,22,0.30045387,-0.522222197678965,0,3492026,860,0,28329,generated
349,dabashenliu_run_349\particle_positions_150000.csv,noise_1pct\c4200_phi22.00_logk-0.522222.png,equivalent_plastic_strain,4200,22,0.30045387,-0.522222197678965,1,3492126,860,0,28329,generated
349,dabashenliu_run_349\particle_positions_150000.csv,noise_3pct\c4200_phi22.00_logk-0.522222.png,equivalent_plastic_strain,4200,22,0.30045387,-0.522222197678965,3,3492326,860,0,28329,generated
349,dabashenliu_run_349\particle_positions_150000.csv,noise_5pct\c4200_phi22.00_logk-0.522222.png,equivalent_plastic_strain,4200,22,0.30045387,-0.522222197678965,5,3492526,860,0,28329,generated
350,dabashenliu_run_350\particle_positions_150000.csv,noise_0pct\c4200_phi22.00_logk-0.300000.png,equivalent_plastic_strain,4200,22,0.50118726,-0.299999977147204,0,3502026,860,0,35951,generated
350,dabashenliu_run_350\particle_positions_150000.csv,noise_1pct\c4200_phi22.00_logk-0.300000.png,equivalent_plastic_strain,4200,22,0.50118726,-0.299999977147204,1,3502126,860,0,35951,generated
350,dabashenliu_run_350\particle_positions_150000.csv,noise_3pct\c4200_phi22.00_logk-0.300000.png,equivalent_plastic_strain,4200,22,0.50118726,-0.299999977147204,3,3502326,860,0,35951,generated
350,dabashenliu_run_350\particle_positions_150000.csv,noise_5pct\c4200_phi22.00_logk-0.300000.png,equivalent_plastic_strain,4200,22,0.50118726,-0.299999977147204,5,3502526,860,0,35951,generated
351,dabashenliu_run_351\particle_positions_150000.csv,noise_0pct\c4200_phi23.00_logk-2.300000.png,equivalent_plastic_strain,4200,23,0.0050118724,-2.29999999447783,0,3512026,860,0,0,generated
351,dabashenliu_run_351\particle_positions_150000.csv,noise_1pct\c4200_phi23.00_logk-2.300000.png,equivalent_plastic_strain,4200,23,0.0050118724,-2.29999999447783,1,3512126,860,0,0,generated
351,dabashenliu_run_351\particle_positions_150000.csv,noise_3pct\c4200_phi23.00_logk-2.300000.png,equivalent_plastic_strain,4200,23,0.0050118724,-2.29999999447783,3,3512326,860,0,0,generated
351,dabashenliu_run_351\particle_positions_150000.csv,noise_5pct\c4200_phi23.00_logk-2.300000.png,equivalent_plastic_strain,4200,23,0.0050118724,-2.29999999447783,5,3512526,860,0,0,generated
352,dabashenliu_run_352\particle_positions_150000.csv,noise_0pct\c4200_phi23.00_logk-2.077778.png,equivalent_plastic_strain,4200,23,0.0083603095,-2.07777764461193,0,3522026,860,0,0,generated
352,dabashenliu_run_352\particle_positions_150000.csv,noise_1pct\c4200_phi23.00_logk-2.077778.png,equivalent_plastic_strain,4200,23,0.0083603095,-2.07777764461193,1,3522126,860,0,0,generated
352,dabashenliu_run_352\particle_positions_150000.csv,noise_3pct\c4200_phi23.00_logk-2.077778.png,equivalent_plastic_strain,4200,23,0.0083603095,-2.07777764461193,3,3522326,860,0,0,generated
352,dabashenliu_run_352\particle_positions_150000.csv,noise_5pct\c4200_phi23.00_logk-2.077778.png,equivalent_plastic_strain,4200,23,0.0083603095,-2.07777764461193,5,3522526,860,0,0,generated
353,dabashenliu_run_353\particle_positions_150000.csv,noise_0pct\c4200_phi23.00_logk-1.855556.png,equivalent_plastic_strain,4200,23,0.013945831,-1.85555560201739,0,3532026,860,0,0,generated
353,dabashenliu_run_353\particle_positions_150000.csv,noise_1pct\c4200_phi23.00_logk-1.855556.png,equivalent_plastic_strain,4200,23,0.013945831,-1.85555560201739,1,3532126,860,0,0,generated
353,dabashenliu_run_353\particle_positions_150000.csv,noise_3pct\c4200_phi23.00_logk-1.855556.png,equivalent_plastic_strain,4200,23,0.013945831,-1.85555560201739,3,3532326,860,0,0,generated
353,dabashenliu_run_353\particle_positions_150000.csv,noise_5pct\c4200_phi23.00_logk-1.855556.png,equivalent_plastic_strain,4200,23,0.013945831,-1.85555560201739,5,3532526,860,0,0,generated
354,dabashenliu_run_354\particle_positions_150000.csv,noise_0pct\c4200_phi23.00_logk-1.633333.png,equivalent_plastic_strain,4200,23,0.023263052,-1.63333330853244,0,3542026,860,0,0,generated
354,dabashenliu_run_354\particle_positions_150000.csv,noise_1pct\c4200_phi23.00_logk-1.633333.png,equivalent_plastic_strain,4200,23,0.023263052,-1.63333330853244,1,3542126,860,0,0,generated
354,dabashenliu_run_354\particle_positions_150000.csv,noise_3pct\c4200_phi23.00_logk-1.633333.png,equivalent_plastic_strain,4200,23,0.023263052,-1.63333330853244,3,3542326,860,0,0,generated
354,dabashenliu_run_354\particle_positions_150000.csv,noise_5pct\c4200_phi23.00_logk-1.633333.png,equivalent_plastic_strain,4200,23,0.023263052,-1.63333330853244,5,3542526,860,0,0,generated
355,dabashenliu_run_355\particle_positions_150000.csv,noise_0pct\c4200_phi23.00_logk-1.411111.png,equivalent_plastic_strain,4200,23,0.038805105,-1.41111113709934,0,3552026,860,0,0,generated
355,dabashenliu_run_355\particle_positions_150000.csv,noise_1pct\c4200_phi23.00_logk-1.411111.png,equivalent_plastic_strain,4200,23,0.038805105,-1.41111113709934,1,3552126,860,0,0,generated
355,dabashenliu_run_355\particle_positions_150000.csv,noise_3pct\c4200_phi23.00_logk-1.411111.png,equivalent_plastic_strain,4200,23,0.038805105,-1.41111113709934,3,3552326,860,0,0,generated
355,dabashenliu_run_355\particle_positions_150000.csv,noise_5pct\c4200_phi23.00_logk-1.411111.png,equivalent_plastic_strain,4200,23,0.038805105,-1.41111113709934,5,3552526,860,0,0,generated
356,dabashenliu_run_356\particle_positions_150000.csv,noise_0pct\c4200_phi23.00_logk-1.188889.png,equivalent_plastic_strain,4200,23,0.06473083,-1.18888882427963,0,3562026,860,0,0,generated
356,dabashenliu_run_356\particle_positions_150000.csv,noise_1pct\c4200_phi23.00_logk-1.188889.png,equivalent_plastic_strain,4200,23,0.06473083,-1.18888882427963,1,3562126,860,0,0,generated
356,dabashenliu_run_356\particle_positions_150000.csv,noise_3pct\c4200_phi23.00_logk-1.188889.png,equivalent_plastic_strain,4200,23,0.06473083,-1.18888882427963,3,3562326,860,0,0,generated
356,dabashenliu_run_356\particle_positions_150000.csv,noise_5pct\c4200_phi23.00_logk-1.188889.png,equivalent_plastic_strain,4200,23,0.06473083,-1.18888882427963,5,3562526,860,0,0,generated
357,dabashenliu_run_357\particle_positions_150000.csv,noise_0pct\c4200_phi23.00_logk-0.966667.png,equivalent_plastic_strain,4200,23,0.10797753,-0.966666611293739,0,3572026,860,0,0,generated
357,dabashenliu_run_357\particle_positions_150000.csv,noise_1pct\c4200_phi23.00_logk-0.966667.png,equivalent_plastic_strain,4200,23,0.10797753,-0.966666611293739,1,3572126,860,0,0,generated
357,dabashenliu_run_357\particle_positions_150000.csv,noise_3pct\c4200_phi23.00_logk-0.966667.png,equivalent_plastic_strain,4200,23,0.10797753,-0.966666611293739,3,3572326,860,0,0,generated
357,dabashenliu_run_357\particle_positions_150000.csv,noise_5pct\c4200_phi23.00_logk-0.966667.png,equivalent_plastic_strain,4200,23,0.10797753,-0.966666611293739,5,3572526,860,0,0,generated
358,dabashenliu_run_358\particle_positions_150000.csv,noise_0pct\c4200_phi23.00_logk-0.744444.png,equivalent_plastic_strain,4200,23,0.18011737,-0.744444403052799,0,3582026,860,0,4267,generated
358,dabashenliu_run_358\particle_positions_150000.csv,noise_1pct\c4200_phi23.00_logk-0.744444.png,equivalent_plastic_strain,4200,23,0.18011737,-0.744444403052799,1,3582126,860,0,4267,generated
358,dabashenliu_run_358\particle_positions_150000.csv,noise_3pct\c4200_phi23.00_logk-0.744444.png,equivalent_plastic_strain,4200,23,0.18011737,-0.744444403052799,3,3582326,860,0,4267,generated
358,dabashenliu_run_358\particle_positions_150000.csv,noise_5pct\c4200_phi23.00_logk-0.744444.png,equivalent_plastic_strain,4200,23,0.18011737,-0.744444403052799,5,3582526,860,0,4267,generated
359,dabashenliu_run_359\particle_positions_150000.csv,noise_0pct\c4200_phi23.00_logk-0.522222.png,equivalent_plastic_strain,4200,23,0.30045387,-0.522222197678965,0,3592026,860,0,24832,generated
359,dabashenliu_run_359\particle_positions_150000.csv,noise_1pct\c4200_phi23.00_logk-0.522222.png,equivalent_plastic_strain,4200,23,0.30045387,-0.522222197678965,1,3592126,860,0,24832,generated
359,dabashenliu_run_359\particle_positions_150000.csv,noise_3pct\c4200_phi23.00_logk-0.522222.png,equivalent_plastic_strain,4200,23,0.30045387,-0.522222197678965,3,3592326,860,0,24832,generated
359,dabashenliu_run_359\particle_positions_150000.csv,noise_5pct\c4200_phi23.00_logk-0.522222.png,equivalent_plastic_strain,4200,23,0.30045387,-0.522222197678965,5,3592526,860,0,24832,generated
360,dabashenliu_run_360\particle_positions_150000.csv,noise_0pct\c4200_phi23.00_logk-0.300000.png,equivalent_plastic_strain,4200,23,0.50118726,-0.299999977147204,0,3602026,860,0,33263,generated
360,dabashenliu_run_360\particle_positions_150000.csv,noise_1pct\c4200_phi23.00_logk-0.300000.png,equivalent_plastic_strain,4200,23,0.50118726,-0.299999977147204,1,3602126,860,0,33263,generated
360,dabashenliu_run_360\particle_positions_150000.csv,noise_3pct\c4200_phi23.00_logk-0.300000.png,equivalent_plastic_strain,4200,23,0.50118726,-0.299999977147204,3,3602326,860,0,33263,generated
360,dabashenliu_run_360\particle_positions_150000.csv,noise_5pct\c4200_phi23.00_logk-0.300000.png,equivalent_plastic_strain,4200,23,0.50118726,-0.299999977147204,5,3602526,860,0,33263,generated
361,dabashenliu_run_361\particle_positions_150000.csv,noise_0pct\c4200_phi24.00_logk-2.300000.png,equivalent_plastic_strain,4200,24,0.0050118724,-2.29999999447783,0,3612026,860,0,0,generated
361,dabashenliu_run_361\particle_positions_150000.csv,noise_1pct\c4200_phi24.00_logk-2.300000.png,equivalent_plastic_strain,4200,24,0.0050118724,-2.29999999447783,1,3612126,860,0,0,generated
361,dabashenliu_run_361\particle_positions_150000.csv,noise_3pct\c4200_phi24.00_logk-2.300000.png,equivalent_plastic_strain,4200,24,0.0050118724,-2.29999999447783,3,3612326,860,0,0,generated
361,dabashenliu_run_361\particle_positions_150000.csv,noise_5pct\c4200_phi24.00_logk-2.300000.png,equivalent_plastic_strain,4200,24,0.0050118724,-2.29999999447783,5,3612526,860,0,0,generated
362,dabashenliu_run_362\particle_positions_150000.csv,noise_0pct\c4200_phi24.00_logk-2.077778.png,equivalent_plastic_strain,4200,24,0.0083603095,-2.07777764461193,0,3622026,860,0,0,generated
362,dabashenliu_run_362\particle_positions_150000.csv,noise_1pct\c4200_phi24.00_logk-2.077778.png,equivalent_plastic_strain,4200,24,0.0083603095,-2.07777764461193,1,3622126,860,0,0,generated
362,dabashenliu_run_362\particle_positions_150000.csv,noise_3pct\c4200_phi24.00_logk-2.077778.png,equivalent_plastic_strain,4200,24,0.0083603095,-2.07777764461193,3,3622326,860,0,0,generated
362,dabashenliu_run_362\particle_positions_150000.csv,noise_5pct\c4200_phi24.00_logk-2.077778.png,equivalent_plastic_strain,4200,24,0.0083603095,-2.07777764461193,5,3622526,860,0,0,generated
363,dabashenliu_run_363\particle_positions_150000.csv,noise_0pct\c4200_phi24.00_logk-1.855556.png,equivalent_plastic_strain,4200,24,0.013945831,-1.85555560201739,0,3632026,860,0,0,generated
363,dabashenliu_run_363\particle_positions_150000.csv,noise_1pct\c4200_phi24.00_logk-1.855556.png,equivalent_plastic_strain,4200,24,0.013945831,-1.85555560201739,1,3632126,860,0,0,generated
363,dabashenliu_run_363\particle_positions_150000.csv,noise_3pct\c4200_phi24.00_logk-1.855556.png,equivalent_plastic_strain,4200,24,0.013945831,-1.85555560201739,3,3632326,860,0,0,generated
363,dabashenliu_run_363\particle_positions_150000.csv,noise_5pct\c4200_phi24.00_logk-1.855556.png,equivalent_plastic_strain,4200,24,0.013945831,-1.85555560201739,5,3632526,860,0,0,generated
364,dabashenliu_run_364\particle_positions_150000.csv,noise_0pct\c4200_phi24.00_logk-1.633333.png,equivalent_plastic_strain,4200,24,0.023263052,-1.63333330853244,0,3642026,860,0,0,generated
364,dabashenliu_run_364\particle_positions_150000.csv,noise_1pct\c4200_phi24.00_logk-1.633333.png,equivalent_plastic_strain,4200,24,0.023263052,-1.63333330853244,1,3642126,860,0,0,generated
364,dabashenliu_run_364\particle_positions_150000.csv,noise_3pct\c4200_phi24.00_logk-1.633333.png,equivalent_plastic_strain,4200,24,0.023263052,-1.63333330853244,3,3642326,860,0,0,generated
364,dabashenliu_run_364\particle_positions_150000.csv,noise_5pct\c4200_phi24.00_logk-1.633333.png,equivalent_plastic_strain,4200,24,0.023263052,-1.63333330853244,5,3642526,860,0,0,generated
365,dabashenliu_run_365\particle_positions_150000.csv,noise_0pct\c4200_phi24.00_logk-1.411111.png,equivalent_plastic_strain,4200,24,0.038805105,-1.41111113709934,0,3652026,860,0,0,generated
365,dabashenliu_run_365\particle_positions_150000.csv,noise_1pct\c4200_phi24.00_logk-1.411111.png,equivalent_plastic_strain,4200,24,0.038805105,-1.41111113709934,1,3652126,860,0,0,generated
365,dabashenliu_run_365\particle_positions_150000.csv,noise_3pct\c4200_phi24.00_logk-1.411111.png,equivalent_plastic_strain,4200,24,0.038805105,-1.41111113709934,3,3652326,860,0,0,generated
365,dabashenliu_run_365\particle_positions_150000.csv,noise_5pct\c4200_phi24.00_logk-1.411111.png,equivalent_plastic_strain,4200,24,0.038805105,-1.41111113709934,5,3652526,860,0,0,generated
366,dabashenliu_run_366\particle_positions_150000.csv,noise_0pct\c4200_phi24.00_logk-1.188889.png,equivalent_plastic_strain,4200,24,0.06473083,-1.18888882427963,0,3662026,860,0,0,generated
366,dabashenliu_run_366\particle_positions_150000.csv,noise_1pct\c4200_phi24.00_logk-1.188889.png,equivalent_plastic_strain,4200,24,0.06473083,-1.18888882427963,1,3662126,860,0,0,generated
366,dabashenliu_run_366\particle_positions_150000.csv,noise_3pct\c4200_phi24.00_logk-1.188889.png,equivalent_plastic_strain,4200,24,0.06473083,-1.18888882427963,3,3662326,860,0,0,generated
366,dabashenliu_run_366\particle_positions_150000.csv,noise_5pct\c4200_phi24.00_logk-1.188889.png,equivalent_plastic_strain,4200,24,0.06473083,-1.18888882427963,5,3662526,860,0,0,generated
367,dabashenliu_run_367\particle_positions_150000.csv,noise_0pct\c4200_phi24.00_logk-0.966667.png,equivalent_plastic_strain,4200,24,0.10797753,-0.966666611293739,0,3672026,860,0,0,generated
367,dabashenliu_run_367\particle_positions_150000.csv,noise_1pct\c4200_phi24.00_logk-0.966667.png,equivalent_plastic_strain,4200,24,0.10797753,-0.966666611293739,1,3672126,860,0,0,generated
367,dabashenliu_run_367\particle_positions_150000.csv,noise_3pct\c4200_phi24.00_logk-0.966667.png,equivalent_plastic_strain,4200,24,0.10797753,-0.966666611293739,3,3672326,860,0,0,generated
367,dabashenliu_run_367\particle_positions_150000.csv,noise_5pct\c4200_phi24.00_logk-0.966667.png,equivalent_plastic_strain,4200,24,0.10797753,-0.966666611293739,5,3672526,860,0,0,generated
368,dabashenliu_run_368\particle_positions_150000.csv,noise_0pct\c4200_phi24.00_logk-0.744444.png,equivalent_plastic_strain,4200,24,0.18011737,-0.744444403052799,0,3682026,860,0,3994,generated
368,dabashenliu_run_368\particle_positions_150000.csv,noise_1pct\c4200_phi24.00_logk-0.744444.png,equivalent_plastic_strain,4200,24,0.18011737,-0.744444403052799,1,3682126,860,0,3994,generated
368,dabashenliu_run_368\particle_positions_150000.csv,noise_3pct\c4200_phi24.00_logk-0.744444.png,equivalent_plastic_strain,4200,24,0.18011737,-0.744444403052799,3,3682326,860,0,3994,generated
368,dabashenliu_run_368\particle_positions_150000.csv,noise_5pct\c4200_phi24.00_logk-0.744444.png,equivalent_plastic_strain,4200,24,0.18011737,-0.744444403052799,5,3682526,860,0,3994,generated
369,dabashenliu_run_369\particle_positions_150000.csv,noise_0pct\c4200_phi24.00_logk-0.522222.png,equivalent_plastic_strain,4200,24,0.30045387,-0.522222197678965,0,3692026,860,0,18807,generated
369,dabashenliu_run_369\particle_positions_150000.csv,noise_1pct\c4200_phi24.00_logk-0.522222.png,equivalent_plastic_strain,4200,24,0.30045387,-0.522222197678965,1,3692126,860,0,18807,generated
369,dabashenliu_run_369\particle_positions_150000.csv,noise_3pct\c4200_phi24.00_logk-0.522222.png,equivalent_plastic_strain,4200,24,0.30045387,-0.522222197678965,3,3692326,860,0,18807,generated
369,dabashenliu_run_369\particle_positions_150000.csv,noise_5pct\c4200_phi24.00_logk-0.522222.png,equivalent_plastic_strain,4200,24,0.30045387,-0.522222197678965,5,3692526,860,0,18807,generated
370,dabashenliu_run_370\particle_positions_150000.csv,noise_0pct\c4200_phi24.00_logk-0.300000.png,equivalent_plastic_strain,4200,24,0.50118726,-0.299999977147204,0,3702026,860,0,32488,generated
370,dabashenliu_run_370\particle_positions_150000.csv,noise_1pct\c4200_phi24.00_logk-0.300000.png,equivalent_plastic_strain,4200,24,0.50118726,-0.299999977147204,1,3702126,860,0,32488,generated
370,dabashenliu_run_370\particle_positions_150000.csv,noise_3pct\c4200_phi24.00_logk-0.300000.png,equivalent_plastic_strain,4200,24,0.50118726,-0.299999977147204,3,3702326,860,0,32488,generated
370,dabashenliu_run_370\particle_positions_150000.csv,noise_5pct\c4200_phi24.00_logk-0.300000.png,equivalent_plastic_strain,4200,24,0.50118726,-0.299999977147204,5,3702526,860,0,32488,generated
371,dabashenliu_run_371\particle_positions_150000.csv,noise_0pct\c4200_phi25.00_logk-2.300000.png,equivalent_plastic_strain,4200,25,0.0050118724,-2.29999999447783,0,3712026,860,0,0,generated
371,dabashenliu_run_371\particle_positions_150000.csv,noise_1pct\c4200_phi25.00_logk-2.300000.png,equivalent_plastic_strain,4200,25,0.0050118724,-2.29999999447783,1,3712126,860,0,0,generated
371,dabashenliu_run_371\particle_positions_150000.csv,noise_3pct\c4200_phi25.00_logk-2.300000.png,equivalent_plastic_strain,4200,25,0.0050118724,-2.29999999447783,3,3712326,860,0,0,generated
371,dabashenliu_run_371\particle_positions_150000.csv,noise_5pct\c4200_phi25.00_logk-2.300000.png,equivalent_plastic_strain,4200,25,0.0050118724,-2.29999999447783,5,3712526,860,0,0,generated
372,dabashenliu_run_372\particle_positions_150000.csv,noise_0pct\c4200_phi25.00_logk-2.077778.png,equivalent_plastic_strain,4200,25,0.0083603095,-2.07777764461193,0,3722026,860,0,0,generated
372,dabashenliu_run_372\particle_positions_150000.csv,noise_1pct\c4200_phi25.00_logk-2.077778.png,equivalent_plastic_strain,4200,25,0.0083603095,-2.07777764461193,1,3722126,860,0,0,generated
372,dabashenliu_run_372\particle_positions_150000.csv,noise_3pct\c4200_phi25.00_logk-2.077778.png,equivalent_plastic_strain,4200,25,0.0083603095,-2.07777764461193,3,3722326,860,0,0,generated
372,dabashenliu_run_372\particle_positions_150000.csv,noise_5pct\c4200_phi25.00_logk-2.077778.png,equivalent_plastic_strain,4200,25,0.0083603095,-2.07777764461193,5,3722526,860,0,0,generated
373,dabashenliu_run_373\particle_positions_150000.csv,noise_0pct\c4200_phi25.00_logk-1.855556.png,equivalent_plastic_strain,4200,25,0.013945831,-1.85555560201739,0,3732026,860,0,0,generated
373,dabashenliu_run_373\particle_positions_150000.csv,noise_1pct\c4200_phi25.00_logk-1.855556.png,equivalent_plastic_strain,4200,25,0.013945831,-1.85555560201739,1,3732126,860,0,0,generated
373,dabashenliu_run_373\particle_positions_150000.csv,noise_3pct\c4200_phi25.00_logk-1.855556.png,equivalent_plastic_strain,4200,25,0.013945831,-1.85555560201739,3,3732326,860,0,0,generated
373,dabashenliu_run_373\particle_positions_150000.csv,noise_5pct\c4200_phi25.00_logk-1.855556.png,equivalent_plastic_strain,4200,25,0.013945831,-1.85555560201739,5,3732526,860,0,0,generated
374,dabashenliu_run_374\particle_positions_150000.csv,noise_0pct\c4200_phi25.00_logk-1.633333.png,equivalent_plastic_strain,4200,25,0.023263052,-1.63333330853244,0,3742026,860,0,0,generated
374,dabashenliu_run_374\particle_positions_150000.csv,noise_1pct\c4200_phi25.00_logk-1.633333.png,equivalent_plastic_strain,4200,25,0.023263052,-1.63333330853244,1,3742126,860,0,0,generated
374,dabashenliu_run_374\particle_positions_150000.csv,noise_3pct\c4200_phi25.00_logk-1.633333.png,equivalent_plastic_strain,4200,25,0.023263052,-1.63333330853244,3,3742326,860,0,0,generated
374,dabashenliu_run_374\particle_positions_150000.csv,noise_5pct\c4200_phi25.00_logk-1.633333.png,equivalent_plastic_strain,4200,25,0.023263052,-1.63333330853244,5,3742526,860,0,0,generated
375,dabashenliu_run_375\particle_positions_150000.csv,noise_0pct\c4200_phi25.00_logk-1.411111.png,equivalent_plastic_strain,4200,25,0.038805105,-1.41111113709934,0,3752026,860,0,0,generated
375,dabashenliu_run_375\particle_positions_150000.csv,noise_1pct\c4200_phi25.00_logk-1.411111.png,equivalent_plastic_strain,4200,25,0.038805105,-1.41111113709934,1,3752126,860,0,0,generated
375,dabashenliu_run_375\particle_positions_150000.csv,noise_3pct\c4200_phi25.00_logk-1.411111.png,equivalent_plastic_strain,4200,25,0.038805105,-1.41111113709934,3,3752326,860,0,0,generated
375,dabashenliu_run_375\particle_positions_150000.csv,noise_5pct\c4200_phi25.00_logk-1.411111.png,equivalent_plastic_strain,4200,25,0.038805105,-1.41111113709934,5,3752526,860,0,0,generated
376,dabashenliu_run_376\particle_positions_150000.csv,noise_0pct\c4200_phi25.00_logk-1.188889.png,equivalent_plastic_strain,4200,25,0.06473083,-1.18888882427963,0,3762026,860,0,0,generated
376,dabashenliu_run_376\particle_positions_150000.csv,noise_1pct\c4200_phi25.00_logk-1.188889.png,equivalent_plastic_strain,4200,25,0.06473083,-1.18888882427963,1,3762126,860,0,0,generated
376,dabashenliu_run_376\particle_positions_150000.csv,noise_3pct\c4200_phi25.00_logk-1.188889.png,equivalent_plastic_strain,4200,25,0.06473083,-1.18888882427963,3,3762326,860,0,0,generated
376,dabashenliu_run_376\particle_positions_150000.csv,noise_5pct\c4200_phi25.00_logk-1.188889.png,equivalent_plastic_strain,4200,25,0.06473083,-1.18888882427963,5,3762526,860,0,0,generated
377,dabashenliu_run_377\particle_positions_150000.csv,noise_0pct\c4200_phi25.00_logk-0.966667.png,equivalent_plastic_strain,4200,25,0.10797753,-0.966666611293739,0,3772026,860,0,0,generated
377,dabashenliu_run_377\particle_positions_150000.csv,noise_1pct\c4200_phi25.00_logk-0.966667.png,equivalent_plastic_strain,4200,25,0.10797753,-0.966666611293739,1,3772126,860,0,0,generated
377,dabashenliu_run_377\particle_positions_150000.csv,noise_3pct\c4200_phi25.00_logk-0.966667.png,equivalent_plastic_strain,4200,25,0.10797753,-0.966666611293739,3,3772326,860,0,0,generated
377,dabashenliu_run_377\particle_positions_150000.csv,noise_5pct\c4200_phi25.00_logk-0.966667.png,equivalent_plastic_strain,4200,25,0.10797753,-0.966666611293739,5,3772526,860,0,0,generated
378,dabashenliu_run_378\particle_positions_150000.csv,noise_0pct\c4200_phi25.00_logk-0.744444.png,equivalent_plastic_strain,4200,25,0.18011737,-0.744444403052799,0,3782026,860,0,2700,generated
378,dabashenliu_run_378\particle_positions_150000.csv,noise_1pct\c4200_phi25.00_logk-0.744444.png,equivalent_plastic_strain,4200,25,0.18011737,-0.744444403052799,1,3782126,860,0,2700,generated
378,dabashenliu_run_378\particle_positions_150000.csv,noise_3pct\c4200_phi25.00_logk-0.744444.png,equivalent_plastic_strain,4200,25,0.18011737,-0.744444403052799,3,3782326,860,0,2700,generated
378,dabashenliu_run_378\particle_positions_150000.csv,noise_5pct\c4200_phi25.00_logk-0.744444.png,equivalent_plastic_strain,4200,25,0.18011737,-0.744444403052799,5,3782526,860,0,2700,generated
379,dabashenliu_run_379\particle_positions_150000.csv,noise_0pct\c4200_phi25.00_logk-0.522222.png,equivalent_plastic_strain,4200,25,0.30045387,-0.522222197678965,0,3792026,860,0,21964,generated
379,dabashenliu_run_379\particle_positions_150000.csv,noise_1pct\c4200_phi25.00_logk-0.522222.png,equivalent_plastic_strain,4200,25,0.30045387,-0.522222197678965,1,3792126,860,0,21964,generated
379,dabashenliu_run_379\particle_positions_150000.csv,noise_3pct\c4200_phi25.00_logk-0.522222.png,equivalent_plastic_strain,4200,25,0.30045387,-0.522222197678965,3,3792326,860,0,21964,generated
379,dabashenliu_run_379\particle_positions_150000.csv,noise_5pct\c4200_phi25.00_logk-0.522222.png,equivalent_plastic_strain,4200,25,0.30045387,-0.522222197678965,5,3792526,860,0,21964,generated
380,dabashenliu_run_380\particle_positions_150000.csv,noise_0pct\c4200_phi25.00_logk-0.300000.png,equivalent_plastic_strain,4200,25,0.50118726,-0.299999977147204,0,3802026,860,0,26694,generated
380,dabashenliu_run_380\particle_positions_150000.csv,noise_1pct\c4200_phi25.00_logk-0.300000.png,equivalent_plastic_strain,4200,25,0.50118726,-0.299999977147204,1,3802126,860,0,26694,generated
380,dabashenliu_run_380\particle_positions_150000.csv,noise_3pct\c4200_phi25.00_logk-0.300000.png,equivalent_plastic_strain,4200,25,0.50118726,-0.299999977147204,3,3802326,860,0,26694,generated
380,dabashenliu_run_380\particle_positions_150000.csv,noise_5pct\c4200_phi25.00_logk-0.300000.png,equivalent_plastic_strain,4200,25,0.50118726,-0.299999977147204,5,3802526,860,0,26694,generated
381,dabashenliu_run_381\particle_positions_150000.csv,noise_0pct\c4200_phi26.00_logk-2.300000.png,equivalent_plastic_strain,4200,26,0.0050118724,-2.29999999447783,0,3812026,860,0,0,generated
381,dabashenliu_run_381\particle_positions_150000.csv,noise_1pct\c4200_phi26.00_logk-2.300000.png,equivalent_plastic_strain,4200,26,0.0050118724,-2.29999999447783,1,3812126,860,0,0,generated
381,dabashenliu_run_381\particle_positions_150000.csv,noise_3pct\c4200_phi26.00_logk-2.300000.png,equivalent_plastic_strain,4200,26,0.0050118724,-2.29999999447783,3,3812326,860,0,0,generated
381,dabashenliu_run_381\particle_positions_150000.csv,noise_5pct\c4200_phi26.00_logk-2.300000.png,equivalent_plastic_strain,4200,26,0.0050118724,-2.29999999447783,5,3812526,860,0,0,generated
382,dabashenliu_run_382\particle_positions_150000.csv,noise_0pct\c4200_phi26.00_logk-2.077778.png,equivalent_plastic_strain,4200,26,0.0083603095,-2.07777764461193,0,3822026,860,0,0,generated
382,dabashenliu_run_382\particle_positions_150000.csv,noise_1pct\c4200_phi26.00_logk-2.077778.png,equivalent_plastic_strain,4200,26,0.0083603095,-2.07777764461193,1,3822126,860,0,0,generated
382,dabashenliu_run_382\particle_positions_150000.csv,noise_3pct\c4200_phi26.00_logk-2.077778.png,equivalent_plastic_strain,4200,26,0.0083603095,-2.07777764461193,3,3822326,860,0,0,generated
382,dabashenliu_run_382\particle_positions_150000.csv,noise_5pct\c4200_phi26.00_logk-2.077778.png,equivalent_plastic_strain,4200,26,0.0083603095,-2.07777764461193,5,3822526,860,0,0,generated
383,dabashenliu_run_383\particle_positions_150000.csv,noise_0pct\c4200_phi26.00_logk-1.855556.png,equivalent_plastic_strain,4200,26,0.013945831,-1.85555560201739,0,3832026,860,0,0,generated
383,dabashenliu_run_383\particle_positions_150000.csv,noise_1pct\c4200_phi26.00_logk-1.855556.png,equivalent_plastic_strain,4200,26,0.013945831,-1.85555560201739,1,3832126,860,0,0,generated
383,dabashenliu_run_383\particle_positions_150000.csv,noise_3pct\c4200_phi26.00_logk-1.855556.png,equivalent_plastic_strain,4200,26,0.013945831,-1.85555560201739,3,3832326,860,0,0,generated
383,dabashenliu_run_383\particle_positions_150000.csv,noise_5pct\c4200_phi26.00_logk-1.855556.png,equivalent_plastic_strain,4200,26,0.013945831,-1.85555560201739,5,3832526,860,0,0,generated
384,dabashenliu_run_384\particle_positions_150000.csv,noise_0pct\c4200_phi26.00_logk-1.633333.png,equivalent_plastic_strain,4200,26,0.023263052,-1.63333330853244,0,3842026,860,0,0,generated
384,dabashenliu_run_384\particle_positions_150000.csv,noise_1pct\c4200_phi26.00_logk-1.633333.png,equivalent_plastic_strain,4200,26,0.023263052,-1.63333330853244,1,3842126,860,0,0,generated
384,dabashenliu_run_384\particle_positions_150000.csv,noise_3pct\c4200_phi26.00_logk-1.633333.png,equivalent_plastic_strain,4200,26,0.023263052,-1.63333330853244,3,3842326,860,0,0,generated
384,dabashenliu_run_384\particle_positions_150000.csv,noise_5pct\c4200_phi26.00_logk-1.633333.png,equivalent_plastic_strain,4200,26,0.023263052,-1.63333330853244,5,3842526,860,0,0,generated
385,dabashenliu_run_385\particle_positions_150000.csv,noise_0pct\c4200_phi26.00_logk-1.411111.png,equivalent_plastic_strain,4200,26,0.038805105,-1.41111113709934,0,3852026,860,0,0,generated
385,dabashenliu_run_385\particle_positions_150000.csv,noise_1pct\c4200_phi26.00_logk-1.411111.png,equivalent_plastic_strain,4200,26,0.038805105,-1.41111113709934,1,3852126,860,0,0,generated
385,dabashenliu_run_385\particle_positions_150000.csv,noise_3pct\c4200_phi26.00_logk-1.411111.png,equivalent_plastic_strain,4200,26,0.038805105,-1.41111113709934,3,3852326,860,0,0,generated
385,dabashenliu_run_385\particle_positions_150000.csv,noise_5pct\c4200_phi26.00_logk-1.411111.png,equivalent_plastic_strain,4200,26,0.038805105,-1.41111113709934,5,3852526,860,0,0,generated
386,dabashenliu_run_386\particle_positions_150000.csv,noise_0pct\c4200_phi26.00_logk-1.188889.png,equivalent_plastic_strain,4200,26,0.06473083,-1.18888882427963,0,3862026,860,0,0,generated
386,dabashenliu_run_386\particle_positions_150000.csv,noise_1pct\c4200_phi26.00_logk-1.188889.png,equivalent_plastic_strain,4200,26,0.06473083,-1.18888882427963,1,3862126,860,0,0,generated
386,dabashenliu_run_386\particle_positions_150000.csv,noise_3pct\c4200_phi26.00_logk-1.188889.png,equivalent_plastic_strain,4200,26,0.06473083,-1.18888882427963,3,3862326,860,0,0,generated
386,dabashenliu_run_386\particle_positions_150000.csv,noise_5pct\c4200_phi26.00_logk-1.188889.png,equivalent_plastic_strain,4200,26,0.06473083,-1.18888882427963,5,3862526,860,0,0,generated
387,dabashenliu_run_387\particle_positions_150000.csv,noise_0pct\c4200_phi26.00_logk-0.966667.png,equivalent_plastic_strain,4200,26,0.10797753,-0.966666611293739,0,3872026,860,0,0,generated
387,dabashenliu_run_387\particle_positions_150000.csv,noise_1pct\c4200_phi26.00_logk-0.966667.png,equivalent_plastic_strain,4200,26,0.10797753,-0.966666611293739,1,3872126,860,0,0,generated
387,dabashenliu_run_387\particle_positions_150000.csv,noise_3pct\c4200_phi26.00_logk-0.966667.png,equivalent_plastic_strain,4200,26,0.10797753,-0.966666611293739,3,3872326,860,0,0,generated
387,dabashenliu_run_387\particle_positions_150000.csv,noise_5pct\c4200_phi26.00_logk-0.966667.png,equivalent_plastic_strain,4200,26,0.10797753,-0.966666611293739,5,3872526,860,0,0,generated
388,dabashenliu_run_388\particle_positions_150000.csv,noise_0pct\c4200_phi26.00_logk-0.744444.png,equivalent_plastic_strain,4200,26,0.18011737,-0.744444403052799,0,3882026,860,0,2303,generated
388,dabashenliu_run_388\particle_positions_150000.csv,noise_1pct\c4200_phi26.00_logk-0.744444.png,equivalent_plastic_strain,4200,26,0.18011737,-0.744444403052799,1,3882126,860,0,2303,generated
388,dabashenliu_run_388\particle_positions_150000.csv,noise_3pct\c4200_phi26.00_logk-0.744444.png,equivalent_plastic_strain,4200,26,0.18011737,-0.744444403052799,3,3882326,860,0,2303,generated
388,dabashenliu_run_388\particle_positions_150000.csv,noise_5pct\c4200_phi26.00_logk-0.744444.png,equivalent_plastic_strain,4200,26,0.18011737,-0.744444403052799,5,3882526,860,0,2303,generated
389,dabashenliu_run_389\particle_positions_150000.csv,noise_0pct\c4200_phi26.00_logk-0.522222.png,equivalent_plastic_strain,4200,26,0.30045387,-0.522222197678965,0,3892026,860,0,16510,generated
389,dabashenliu_run_389\particle_positions_150000.csv,noise_1pct\c4200_phi26.00_logk-0.522222.png,equivalent_plastic_strain,4200,26,0.30045387,-0.522222197678965,1,3892126,860,0,16510,generated
389,dabashenliu_run_389\particle_positions_150000.csv,noise_3pct\c4200_phi26.00_logk-0.522222.png,equivalent_plastic_strain,4200,26,0.30045387,-0.522222197678965,3,3892326,860,0,16510,generated
389,dabashenliu_run_389\particle_positions_150000.csv,noise_5pct\c4200_phi26.00_logk-0.522222.png,equivalent_plastic_strain,4200,26,0.30045387,-0.522222197678965,5,3892526,860,0,16510,generated
390,dabashenliu_run_390\particle_positions_150000.csv,noise_0pct\c4200_phi26.00_logk-0.300000.png,equivalent_plastic_strain,4200,26,0.50118726,-0.299999977147204,0,3902026,860,0,27353,generated
390,dabashenliu_run_390\particle_positions_150000.csv,noise_1pct\c4200_phi26.00_logk-0.300000.png,equivalent_plastic_strain,4200,26,0.50118726,-0.299999977147204,1,3902126,860,0,27353,generated
390,dabashenliu_run_390\particle_positions_150000.csv,noise_3pct\c4200_phi26.00_logk-0.300000.png,equivalent_plastic_strain,4200,26,0.50118726,-0.299999977147204,3,3902326,860,0,27353,generated
390,dabashenliu_run_390\particle_positions_150000.csv,noise_5pct\c4200_phi26.00_logk-0.300000.png,equivalent_plastic_strain,4200,26,0.50118726,-0.299999977147204,5,3902526,860,0,27353,generated
391,dabashenliu_run_391\particle_positions_150000.csv,noise_0pct\c4200_phi27.00_logk-2.300000.png,equivalent_plastic_strain,4200,27,0.0050118724,-2.29999999447783,0,3912026,860,0,0,generated
391,dabashenliu_run_391\particle_positions_150000.csv,noise_1pct\c4200_phi27.00_logk-2.300000.png,equivalent_plastic_strain,4200,27,0.0050118724,-2.29999999447783,1,3912126,860,0,0,generated
391,dabashenliu_run_391\particle_positions_150000.csv,noise_3pct\c4200_phi27.00_logk-2.300000.png,equivalent_plastic_strain,4200,27,0.0050118724,-2.29999999447783,3,3912326,860,0,0,generated
391,dabashenliu_run_391\particle_positions_150000.csv,noise_5pct\c4200_phi27.00_logk-2.300000.png,equivalent_plastic_strain,4200,27,0.0050118724,-2.29999999447783,5,3912526,860,0,0,generated
392,dabashenliu_run_392\particle_positions_150000.csv,noise_0pct\c4200_phi27.00_logk-2.077778.png,equivalent_plastic_strain,4200,27,0.0083603095,-2.07777764461193,0,3922026,860,0,0,generated
392,dabashenliu_run_392\particle_positions_150000.csv,noise_1pct\c4200_phi27.00_logk-2.077778.png,equivalent_plastic_strain,4200,27,0.0083603095,-2.07777764461193,1,3922126,860,0,0,generated
392,dabashenliu_run_392\particle_positions_150000.csv,noise_3pct\c4200_phi27.00_logk-2.077778.png,equivalent_plastic_strain,4200,27,0.0083603095,-2.07777764461193,3,3922326,860,0,0,generated
392,dabashenliu_run_392\particle_positions_150000.csv,noise_5pct\c4200_phi27.00_logk-2.077778.png,equivalent_plastic_strain,4200,27,0.0083603095,-2.07777764461193,5,3922526,860,0,0,generated
393,dabashenliu_run_393\particle_positions_150000.csv,noise_0pct\c4200_phi27.00_logk-1.855556.png,equivalent_plastic_strain,4200,27,0.013945831,-1.85555560201739,0,3932026,860,0,0,generated
393,dabashenliu_run_393\particle_positions_150000.csv,noise_1pct\c4200_phi27.00_logk-1.855556.png,equivalent_plastic_strain,4200,27,0.013945831,-1.85555560201739,1,3932126,860,0,0,generated
393,dabashenliu_run_393\particle_positions_150000.csv,noise_3pct\c4200_phi27.00_logk-1.855556.png,equivalent_plastic_strain,4200,27,0.013945831,-1.85555560201739,3,3932326,860,0,0,generated
393,dabashenliu_run_393\particle_positions_150000.csv,noise_5pct\c4200_phi27.00_logk-1.855556.png,equivalent_plastic_strain,4200,27,0.013945831,-1.85555560201739,5,3932526,860,0,0,generated
394,dabashenliu_run_394\particle_positions_150000.csv,noise_0pct\c4200_phi27.00_logk-1.633333.png,equivalent_plastic_strain,4200,27,0.023263052,-1.63333330853244,0,3942026,860,0,0,generated
394,dabashenliu_run_394\particle_positions_150000.csv,noise_1pct\c4200_phi27.00_logk-1.633333.png,equivalent_plastic_strain,4200,27,0.023263052,-1.63333330853244,1,3942126,860,0,0,generated
394,dabashenliu_run_394\particle_positions_150000.csv,noise_3pct\c4200_phi27.00_logk-1.633333.png,equivalent_plastic_strain,4200,27,0.023263052,-1.63333330853244,3,3942326,860,0,0,generated
394,dabashenliu_run_394\particle_positions_150000.csv,noise_5pct\c4200_phi27.00_logk-1.633333.png,equivalent_plastic_strain,4200,27,0.023263052,-1.63333330853244,5,3942526,860,0,0,generated
395,dabashenliu_run_395\particle_positions_150000.csv,noise_0pct\c4200_phi27.00_logk-1.411111.png,equivalent_plastic_strain,4200,27,0.038805105,-1.41111113709934,0,3952026,860,0,0,generated
395,dabashenliu_run_395\particle_positions_150000.csv,noise_1pct\c4200_phi27.00_logk-1.411111.png,equivalent_plastic_strain,4200,27,0.038805105,-1.41111113709934,1,3952126,860,0,0,generated
395,dabashenliu_run_395\particle_positions_150000.csv,noise_3pct\c4200_phi27.00_logk-1.411111.png,equivalent_plastic_strain,4200,27,0.038805105,-1.41111113709934,3,3952326,860,0,0,generated
395,dabashenliu_run_395\particle_positions_150000.csv,noise_5pct\c4200_phi27.00_logk-1.411111.png,equivalent_plastic_strain,4200,27,0.038805105,-1.41111113709934,5,3952526,860,0,0,generated
396,dabashenliu_run_396\particle_positions_150000.csv,noise_0pct\c4200_phi27.00_logk-1.188889.png,equivalent_plastic_strain,4200,27,0.06473083,-1.18888882427963,0,3962026,860,0,0,generated
396,dabashenliu_run_396\particle_positions_150000.csv,noise_1pct\c4200_phi27.00_logk-1.188889.png,equivalent_plastic_strain,4200,27,0.06473083,-1.18888882427963,1,3962126,860,0,0,generated
396,dabashenliu_run_396\particle_positions_150000.csv,noise_3pct\c4200_phi27.00_logk-1.188889.png,equivalent_plastic_strain,4200,27,0.06473083,-1.18888882427963,3,3962326,860,0,0,generated
396,dabashenliu_run_396\particle_positions_150000.csv,noise_5pct\c4200_phi27.00_logk-1.188889.png,equivalent_plastic_strain,4200,27,0.06473083,-1.18888882427963,5,3962526,860,0,0,generated
397,dabashenliu_run_397\particle_positions_150000.csv,noise_0pct\c4200_phi27.00_logk-0.966667.png,equivalent_plastic_strain,4200,27,0.10797753,-0.966666611293739,0,3972026,860,0,0,generated
397,dabashenliu_run_397\particle_positions_150000.csv,noise_1pct\c4200_phi27.00_logk-0.966667.png,equivalent_plastic_strain,4200,27,0.10797753,-0.966666611293739,1,3972126,860,0,0,generated
397,dabashenliu_run_397\particle_positions_150000.csv,noise_3pct\c4200_phi27.00_logk-0.966667.png,equivalent_plastic_strain,4200,27,0.10797753,-0.966666611293739,3,3972326,860,0,0,generated
397,dabashenliu_run_397\particle_positions_150000.csv,noise_5pct\c4200_phi27.00_logk-0.966667.png,equivalent_plastic_strain,4200,27,0.10797753,-0.966666611293739,5,3972526,860,0,0,generated
398,dabashenliu_run_398\particle_positions_150000.csv,noise_0pct\c4200_phi27.00_logk-0.744444.png,equivalent_plastic_strain,4200,27,0.18011737,-0.744444403052799,0,3982026,860,0,1451,generated
398,dabashenliu_run_398\particle_positions_150000.csv,noise_1pct\c4200_phi27.00_logk-0.744444.png,equivalent_plastic_strain,4200,27,0.18011737,-0.744444403052799,1,3982126,860,0,1451,generated
398,dabashenliu_run_398\particle_positions_150000.csv,noise_3pct\c4200_phi27.00_logk-0.744444.png,equivalent_plastic_strain,4200,27,0.18011737,-0.744444403052799,3,3982326,860,0,1451,generated
398,dabashenliu_run_398\particle_positions_150000.csv,noise_5pct\c4200_phi27.00_logk-0.744444.png,equivalent_plastic_strain,4200,27,0.18011737,-0.744444403052799,5,3982526,860,0,1451,generated
399,dabashenliu_run_399\particle_positions_150000.csv,noise_0pct\c4200_phi27.00_logk-0.522222.png,equivalent_plastic_strain,4200,27,0.30045387,-0.522222197678965,0,3992026,860,0,15477,generated
399,dabashenliu_run_399\particle_positions_150000.csv,noise_1pct\c4200_phi27.00_logk-0.522222.png,equivalent_plastic_strain,4200,27,0.30045387,-0.522222197678965,1,3992126,860,0,15477,generated
399,dabashenliu_run_399\particle_positions_150000.csv,noise_3pct\c4200_phi27.00_logk-0.522222.png,equivalent_plastic_strain,4200,27,0.30045387,-0.522222197678965,3,3992326,860,0,15477,generated
399,dabashenliu_run_399\particle_positions_150000.csv,noise_5pct\c4200_phi27.00_logk-0.522222.png,equivalent_plastic_strain,4200,27,0.30045387,-0.522222197678965,5,3992526,860,0,15477,generated
400,dabashenliu_run_400\particle_positions_150000.csv,noise_0pct\c4200_phi27.00_logk-0.300000.png,equivalent_plastic_strain,4200,27,0.50118726,-0.299999977147204,0,4002026,860,0,26141,generated
400,dabashenliu_run_400\particle_positions_150000.csv,noise_1pct\c4200_phi27.00_logk-0.300000.png,equivalent_plastic_strain,4200,27,0.50118726,-0.299999977147204,1,4002126,860,0,26141,generated
400,dabashenliu_run_400\particle_positions_150000.csv,noise_3pct\c4200_phi27.00_logk-0.300000.png,equivalent_plastic_strain,4200,27,0.50118726,-0.299999977147204,3,4002326,860,0,26141,generated
400,dabashenliu_run_400\particle_positions_150000.csv,noise_5pct\c4200_phi27.00_logk-0.300000.png,equivalent_plastic_strain,4200,27,0.50118726,-0.299999977147204,5,4002526,860,0,26141,generated
401,dabashenliu_run_401\particle_positions_150000.csv,noise_0pct\c4600_phi18.00_logk-2.300000.png,equivalent_plastic_strain,4600,18,0.0050118724,-2.29999999447783,0,4012026,860,0,127,generated
401,dabashenliu_run_401\particle_positions_150000.csv,noise_1pct\c4600_phi18.00_logk-2.300000.png,equivalent_plastic_strain,4600,18,0.0050118724,-2.29999999447783,1,4012126,860,0,127,generated
401,dabashenliu_run_401\particle_positions_150000.csv,noise_3pct\c4600_phi18.00_logk-2.300000.png,equivalent_plastic_strain,4600,18,0.0050118724,-2.29999999447783,3,4012326,860,0,127,generated
401,dabashenliu_run_401\particle_positions_150000.csv,noise_5pct\c4600_phi18.00_logk-2.300000.png,equivalent_plastic_strain,4600,18,0.0050118724,-2.29999999447783,5,4012526,860,0,127,generated
402,dabashenliu_run_402\particle_positions_150000.csv,noise_0pct\c4600_phi18.00_logk-2.077778.png,equivalent_plastic_strain,4600,18,0.0083603095,-2.07777764461193,0,4022026,860,0,129,generated
402,dabashenliu_run_402\particle_positions_150000.csv,noise_1pct\c4600_phi18.00_logk-2.077778.png,equivalent_plastic_strain,4600,18,0.0083603095,-2.07777764461193,1,4022126,860,0,129,generated
402,dabashenliu_run_402\particle_positions_150000.csv,noise_3pct\c4600_phi18.00_logk-2.077778.png,equivalent_plastic_strain,4600,18,0.0083603095,-2.07777764461193,3,4022326,860,0,129,generated
402,dabashenliu_run_402\particle_positions_150000.csv,noise_5pct\c4600_phi18.00_logk-2.077778.png,equivalent_plastic_strain,4600,18,0.0083603095,-2.07777764461193,5,4022526,860,0,129,generated
403,dabashenliu_run_403\particle_positions_150000.csv,noise_0pct\c4600_phi18.00_logk-1.855556.png,equivalent_plastic_strain,4600,18,0.013945831,-1.85555560201739,0,4032026,860,0,135,generated
403,dabashenliu_run_403\particle_positions_150000.csv,noise_1pct\c4600_phi18.00_logk-1.855556.png,equivalent_plastic_strain,4600,18,0.013945831,-1.85555560201739,1,4032126,860,0,135,generated
403,dabashenliu_run_403\particle_positions_150000.csv,noise_3pct\c4600_phi18.00_logk-1.855556.png,equivalent_plastic_strain,4600,18,0.013945831,-1.85555560201739,3,4032326,860,0,135,generated
403,dabashenliu_run_403\particle_positions_150000.csv,noise_5pct\c4600_phi18.00_logk-1.855556.png,equivalent_plastic_strain,4600,18,0.013945831,-1.85555560201739,5,4032526,860,0,135,generated
404,dabashenliu_run_404\particle_positions_150000.csv,noise_0pct\c4600_phi18.00_logk-1.633333.png,equivalent_plastic_strain,4600,18,0.023263052,-1.63333330853244,0,4042026,860,0,125,generated
404,dabashenliu_run_404\particle_positions_150000.csv,noise_1pct\c4600_phi18.00_logk-1.633333.png,equivalent_plastic_strain,4600,18,0.023263052,-1.63333330853244,1,4042126,860,0,125,generated
404,dabashenliu_run_404\particle_positions_150000.csv,noise_3pct\c4600_phi18.00_logk-1.633333.png,equivalent_plastic_strain,4600,18,0.023263052,-1.63333330853244,3,4042326,860,0,125,generated
404,dabashenliu_run_404\particle_positions_150000.csv,noise_5pct\c4600_phi18.00_logk-1.633333.png,equivalent_plastic_strain,4600,18,0.023263052,-1.63333330853244,5,4042526,860,0,125,generated
405,dabashenliu_run_405\particle_positions_150000.csv,noise_0pct\c4600_phi18.00_logk-1.411111.png,equivalent_plastic_strain,4600,18,0.038805105,-1.41111113709934,0,4052026,860,0,188,generated
405,dabashenliu_run_405\particle_positions_150000.csv,noise_1pct\c4600_phi18.00_logk-1.411111.png,equivalent_plastic_strain,4600,18,0.038805105,-1.41111113709934,1,4052126,860,0,188,generated
405,dabashenliu_run_405\particle_positions_150000.csv,noise_3pct\c4600_phi18.00_logk-1.411111.png,equivalent_plastic_strain,4600,18,0.038805105,-1.41111113709934,3,4052326,860,0,188,generated
405,dabashenliu_run_405\particle_positions_150000.csv,noise_5pct\c4600_phi18.00_logk-1.411111.png,equivalent_plastic_strain,4600,18,0.038805105,-1.41111113709934,5,4052526,860,0,188,generated
406,dabashenliu_run_406\particle_positions_150000.csv,noise_0pct\c4600_phi18.00_logk-1.188889.png,equivalent_plastic_strain,4600,18,0.06473083,-1.18888882427963,0,4062026,860,0,447,generated
406,dabashenliu_run_406\particle_positions_150000.csv,noise_1pct\c4600_phi18.00_logk-1.188889.png,equivalent_plastic_strain,4600,18,0.06473083,-1.18888882427963,1,4062126,860,0,447,generated
406,dabashenliu_run_406\particle_positions_150000.csv,noise_3pct\c4600_phi18.00_logk-1.188889.png,equivalent_plastic_strain,4600,18,0.06473083,-1.18888882427963,3,4062326,860,0,447,generated
406,dabashenliu_run_406\particle_positions_150000.csv,noise_5pct\c4600_phi18.00_logk-1.188889.png,equivalent_plastic_strain,4600,18,0.06473083,-1.18888882427963,5,4062526,860,0,447,generated
407,dabashenliu_run_407\particle_positions_150000.csv,noise_0pct\c4600_phi18.00_logk-0.966667.png,equivalent_plastic_strain,4600,18,0.10797753,-0.966666611293739,0,4072026,860,0,831,generated
407,dabashenliu_run_407\particle_positions_150000.csv,noise_1pct\c4600_phi18.00_logk-0.966667.png,equivalent_plastic_strain,4600,18,0.10797753,-0.966666611293739,1,4072126,860,0,831,generated
407,dabashenliu_run_407\particle_positions_150000.csv,noise_3pct\c4600_phi18.00_logk-0.966667.png,equivalent_plastic_strain,4600,18,0.10797753,-0.966666611293739,3,4072326,860,0,831,generated
407,dabashenliu_run_407\particle_positions_150000.csv,noise_5pct\c4600_phi18.00_logk-0.966667.png,equivalent_plastic_strain,4600,18,0.10797753,-0.966666611293739,5,4072526,860,0,831,generated
408,dabashenliu_run_408\particle_positions_150000.csv,noise_0pct\c4600_phi18.00_logk-0.744444.png,equivalent_plastic_strain,4600,18,0.18011737,-0.744444403052799,0,4082026,860,0,17254,generated
408,dabashenliu_run_408\particle_positions_150000.csv,noise_1pct\c4600_phi18.00_logk-0.744444.png,equivalent_plastic_strain,4600,18,0.18011737,-0.744444403052799,1,4082126,860,0,17254,generated
408,dabashenliu_run_408\particle_positions_150000.csv,noise_3pct\c4600_phi18.00_logk-0.744444.png,equivalent_plastic_strain,4600,18,0.18011737,-0.744444403052799,3,4082326,860,0,17254,generated
408,dabashenliu_run_408\particle_positions_150000.csv,noise_5pct\c4600_phi18.00_logk-0.744444.png,equivalent_plastic_strain,4600,18,0.18011737,-0.744444403052799,5,4082526,860,0,17254,generated
409,dabashenliu_run_409\particle_positions_150000.csv,noise_0pct\c4600_phi18.00_logk-0.522222.png,equivalent_plastic_strain,4600,18,0.30045387,-0.522222197678965,0,4092026,860,0,34372,generated
409,dabashenliu_run_409\particle_positions_150000.csv,noise_1pct\c4600_phi18.00_logk-0.522222.png,equivalent_plastic_strain,4600,18,0.30045387,-0.522222197678965,1,4092126,860,0,34372,generated
409,dabashenliu_run_409\particle_positions_150000.csv,noise_3pct\c4600_phi18.00_logk-0.522222.png,equivalent_plastic_strain,4600,18,0.30045387,-0.522222197678965,3,4092326,860,0,34372,generated
409,dabashenliu_run_409\particle_positions_150000.csv,noise_5pct\c4600_phi18.00_logk-0.522222.png,equivalent_plastic_strain,4600,18,0.30045387,-0.522222197678965,5,4092526,860,0,34372,generated
410,dabashenliu_run_410\particle_positions_150000.csv,noise_0pct\c4600_phi18.00_logk-0.300000.png,equivalent_plastic_strain,4600,18,0.50118726,-0.299999977147204,0,4102026,860,0,34104,generated
410,dabashenliu_run_410\particle_positions_150000.csv,noise_1pct\c4600_phi18.00_logk-0.300000.png,equivalent_plastic_strain,4600,18,0.50118726,-0.299999977147204,1,4102126,860,0,34104,generated
410,dabashenliu_run_410\particle_positions_150000.csv,noise_3pct\c4600_phi18.00_logk-0.300000.png,equivalent_plastic_strain,4600,18,0.50118726,-0.299999977147204,3,4102326,860,0,34104,generated
410,dabashenliu_run_410\particle_positions_150000.csv,noise_5pct\c4600_phi18.00_logk-0.300000.png,equivalent_plastic_strain,4600,18,0.50118726,-0.299999977147204,5,4102526,860,0,34104,generated
411,dabashenliu_run_411\particle_positions_150000.csv,noise_0pct\c4600_phi19.00_logk-2.300000.png,equivalent_plastic_strain,4600,19,0.0050118724,-2.29999999447783,0,4112026,860,0,0,generated
411,dabashenliu_run_411\particle_positions_150000.csv,noise_1pct\c4600_phi19.00_logk-2.300000.png,equivalent_plastic_strain,4600,19,0.0050118724,-2.29999999447783,1,4112126,860,0,0,generated
411,dabashenliu_run_411\particle_positions_150000.csv,noise_3pct\c4600_phi19.00_logk-2.300000.png,equivalent_plastic_strain,4600,19,0.0050118724,-2.29999999447783,3,4112326,860,0,0,generated
411,dabashenliu_run_411\particle_positions_150000.csv,noise_5pct\c4600_phi19.00_logk-2.300000.png,equivalent_plastic_strain,4600,19,0.0050118724,-2.29999999447783,5,4112526,860,0,0,generated
412,dabashenliu_run_412\particle_positions_150000.csv,noise_0pct\c4600_phi19.00_logk-2.077778.png,equivalent_plastic_strain,4600,19,0.0083603095,-2.07777764461193,0,4122026,860,0,0,generated
412,dabashenliu_run_412\particle_positions_150000.csv,noise_1pct\c4600_phi19.00_logk-2.077778.png,equivalent_plastic_strain,4600,19,0.0083603095,-2.07777764461193,1,4122126,860,0,0,generated
412,dabashenliu_run_412\particle_positions_150000.csv,noise_3pct\c4600_phi19.00_logk-2.077778.png,equivalent_plastic_strain,4600,19,0.0083603095,-2.07777764461193,3,4122326,860,0,0,generated
412,dabashenliu_run_412\particle_positions_150000.csv,noise_5pct\c4600_phi19.00_logk-2.077778.png,equivalent_plastic_strain,4600,19,0.0083603095,-2.07777764461193,5,4122526,860,0,0,generated
413,dabashenliu_run_413\particle_positions_150000.csv,noise_0pct\c4600_phi19.00_logk-1.855556.png,equivalent_plastic_strain,4600,19,0.013945831,-1.85555560201739,0,4132026,860,0,0,generated
413,dabashenliu_run_413\particle_positions_150000.csv,noise_1pct\c4600_phi19.00_logk-1.855556.png,equivalent_plastic_strain,4600,19,0.013945831,-1.85555560201739,1,4132126,860,0,0,generated
413,dabashenliu_run_413\particle_positions_150000.csv,noise_3pct\c4600_phi19.00_logk-1.855556.png,equivalent_plastic_strain,4600,19,0.013945831,-1.85555560201739,3,4132326,860,0,0,generated
413,dabashenliu_run_413\particle_positions_150000.csv,noise_5pct\c4600_phi19.00_logk-1.855556.png,equivalent_plastic_strain,4600,19,0.013945831,-1.85555560201739,5,4132526,860,0,0,generated
414,dabashenliu_run_414\particle_positions_150000.csv,noise_0pct\c4600_phi19.00_logk-1.633333.png,equivalent_plastic_strain,4600,19,0.023263052,-1.63333330853244,0,4142026,860,0,0,generated
414,dabashenliu_run_414\particle_positions_150000.csv,noise_1pct\c4600_phi19.00_logk-1.633333.png,equivalent_plastic_strain,4600,19,0.023263052,-1.63333330853244,1,4142126,860,0,0,generated
414,dabashenliu_run_414\particle_positions_150000.csv,noise_3pct\c4600_phi19.00_logk-1.633333.png,equivalent_plastic_strain,4600,19,0.023263052,-1.63333330853244,3,4142326,860,0,0,generated
414,dabashenliu_run_414\particle_positions_150000.csv,noise_5pct\c4600_phi19.00_logk-1.633333.png,equivalent_plastic_strain,4600,19,0.023263052,-1.63333330853244,5,4142526,860,0,0,generated
415,dabashenliu_run_415\particle_positions_150000.csv,noise_0pct\c4600_phi19.00_logk-1.411111.png,equivalent_plastic_strain,4600,19,0.038805105,-1.41111113709934,0,4152026,860,0,0,generated
415,dabashenliu_run_415\particle_positions_150000.csv,noise_1pct\c4600_phi19.00_logk-1.411111.png,equivalent_plastic_strain,4600,19,0.038805105,-1.41111113709934,1,4152126,860,0,0,generated
415,dabashenliu_run_415\particle_positions_150000.csv,noise_3pct\c4600_phi19.00_logk-1.411111.png,equivalent_plastic_strain,4600,19,0.038805105,-1.41111113709934,3,4152326,860,0,0,generated
415,dabashenliu_run_415\particle_positions_150000.csv,noise_5pct\c4600_phi19.00_logk-1.411111.png,equivalent_plastic_strain,4600,19,0.038805105,-1.41111113709934,5,4152526,860,0,0,generated
416,dabashenliu_run_416\particle_positions_150000.csv,noise_0pct\c4600_phi19.00_logk-1.188889.png,equivalent_plastic_strain,4600,19,0.06473083,-1.18888882427963,0,4162026,860,0,0,generated
416,dabashenliu_run_416\particle_positions_150000.csv,noise_1pct\c4600_phi19.00_logk-1.188889.png,equivalent_plastic_strain,4600,19,0.06473083,-1.18888882427963,1,4162126,860,0,0,generated
416,dabashenliu_run_416\particle_positions_150000.csv,noise_3pct\c4600_phi19.00_logk-1.188889.png,equivalent_plastic_strain,4600,19,0.06473083,-1.18888882427963,3,4162326,860,0,0,generated
416,dabashenliu_run_416\particle_positions_150000.csv,noise_5pct\c4600_phi19.00_logk-1.188889.png,equivalent_plastic_strain,4600,19,0.06473083,-1.18888882427963,5,4162526,860,0,0,generated
417,dabashenliu_run_417\particle_positions_150000.csv,noise_0pct\c4600_phi19.00_logk-0.966667.png,equivalent_plastic_strain,4600,19,0.10797753,-0.966666611293739,0,4172026,860,0,21,generated
417,dabashenliu_run_417\particle_positions_150000.csv,noise_1pct\c4600_phi19.00_logk-0.966667.png,equivalent_plastic_strain,4600,19,0.10797753,-0.966666611293739,1,4172126,860,0,21,generated
417,dabashenliu_run_417\particle_positions_150000.csv,noise_3pct\c4600_phi19.00_logk-0.966667.png,equivalent_plastic_strain,4600,19,0.10797753,-0.966666611293739,3,4172326,860,0,21,generated
417,dabashenliu_run_417\particle_positions_150000.csv,noise_5pct\c4600_phi19.00_logk-0.966667.png,equivalent_plastic_strain,4600,19,0.10797753,-0.966666611293739,5,4172526,860,0,21,generated
418,dabashenliu_run_418\particle_positions_150000.csv,noise_0pct\c4600_phi19.00_logk-0.744444.png,equivalent_plastic_strain,4600,19,0.18011737,-0.744444403052799,0,4182026,860,0,10587,generated
418,dabashenliu_run_418\particle_positions_150000.csv,noise_1pct\c4600_phi19.00_logk-0.744444.png,equivalent_plastic_strain,4600,19,0.18011737,-0.744444403052799,1,4182126,860,0,10587,generated
418,dabashenliu_run_418\particle_positions_150000.csv,noise_3pct\c4600_phi19.00_logk-0.744444.png,equivalent_plastic_strain,4600,19,0.18011737,-0.744444403052799,3,4182326,860,0,10587,generated
418,dabashenliu_run_418\particle_positions_150000.csv,noise_5pct\c4600_phi19.00_logk-0.744444.png,equivalent_plastic_strain,4600,19,0.18011737,-0.744444403052799,5,4182526,860,0,10587,generated
419,dabashenliu_run_419\particle_positions_150000.csv,noise_0pct\c4600_phi19.00_logk-0.522222.png,equivalent_plastic_strain,4600,19,0.30045387,-0.522222197678965,0,4192026,860,0,28458,generated
419,dabashenliu_run_419\particle_positions_150000.csv,noise_1pct\c4600_phi19.00_logk-0.522222.png,equivalent_plastic_strain,4600,19,0.30045387,-0.522222197678965,1,4192126,860,0,28458,generated
419,dabashenliu_run_419\particle_positions_150000.csv,noise_3pct\c4600_phi19.00_logk-0.522222.png,equivalent_plastic_strain,4600,19,0.30045387,-0.522222197678965,3,4192326,860,0,28458,generated
419,dabashenliu_run_419\particle_positions_150000.csv,noise_5pct\c4600_phi19.00_logk-0.522222.png,equivalent_plastic_strain,4600,19,0.30045387,-0.522222197678965,5,4192526,860,0,28458,generated
420,dabashenliu_run_420\particle_positions_150000.csv,noise_0pct\c4600_phi19.00_logk-0.300000.png,equivalent_plastic_strain,4600,19,0.50118726,-0.299999977147204,0,4202026,860,0,32259,generated
420,dabashenliu_run_420\particle_positions_150000.csv,noise_1pct\c4600_phi19.00_logk-0.300000.png,equivalent_plastic_strain,4600,19,0.50118726,-0.299999977147204,1,4202126,860,0,32259,generated
420,dabashenliu_run_420\particle_positions_150000.csv,noise_3pct\c4600_phi19.00_logk-0.300000.png,equivalent_plastic_strain,4600,19,0.50118726,-0.299999977147204,3,4202326,860,0,32259,generated
420,dabashenliu_run_420\particle_positions_150000.csv,noise_5pct\c4600_phi19.00_logk-0.300000.png,equivalent_plastic_strain,4600,19,0.50118726,-0.299999977147204,5,4202526,860,0,32259,generated
421,dabashenliu_run_421\particle_positions_150000.csv,noise_0pct\c4600_phi20.00_logk-2.300000.png,equivalent_plastic_strain,4600,20,0.0050118724,-2.29999999447783,0,4212026,860,0,0,generated
421,dabashenliu_run_421\particle_positions_150000.csv,noise_1pct\c4600_phi20.00_logk-2.300000.png,equivalent_plastic_strain,4600,20,0.0050118724,-2.29999999447783,1,4212126,860,0,0,generated
421,dabashenliu_run_421\particle_positions_150000.csv,noise_3pct\c4600_phi20.00_logk-2.300000.png,equivalent_plastic_strain,4600,20,0.0050118724,-2.29999999447783,3,4212326,860,0,0,generated
421,dabashenliu_run_421\particle_positions_150000.csv,noise_5pct\c4600_phi20.00_logk-2.300000.png,equivalent_plastic_strain,4600,20,0.0050118724,-2.29999999447783,5,4212526,860,0,0,generated
422,dabashenliu_run_422\particle_positions_150000.csv,noise_0pct\c4600_phi20.00_logk-2.077778.png,equivalent_plastic_strain,4600,20,0.0083603095,-2.07777764461193,0,4222026,860,0,0,generated
422,dabashenliu_run_422\particle_positions_150000.csv,noise_1pct\c4600_phi20.00_logk-2.077778.png,equivalent_plastic_strain,4600,20,0.0083603095,-2.07777764461193,1,4222126,860,0,0,generated
422,dabashenliu_run_422\particle_positions_150000.csv,noise_3pct\c4600_phi20.00_logk-2.077778.png,equivalent_plastic_strain,4600,20,0.0083603095,-2.07777764461193,3,4222326,860,0,0,generated
422,dabashenliu_run_422\particle_positions_150000.csv,noise_5pct\c4600_phi20.00_logk-2.077778.png,equivalent_plastic_strain,4600,20,0.0083603095,-2.07777764461193,5,4222526,860,0,0,generated
423,dabashenliu_run_423\particle_positions_150000.csv,noise_0pct\c4600_phi20.00_logk-1.855556.png,equivalent_plastic_strain,4600,20,0.013945831,-1.85555560201739,0,4232026,860,0,0,generated
423,dabashenliu_run_423\particle_positions_150000.csv,noise_1pct\c4600_phi20.00_logk-1.855556.png,equivalent_plastic_strain,4600,20,0.013945831,-1.85555560201739,1,4232126,860,0,0,generated
423,dabashenliu_run_423\particle_positions_150000.csv,noise_3pct\c4600_phi20.00_logk-1.855556.png,equivalent_plastic_strain,4600,20,0.013945831,-1.85555560201739,3,4232326,860,0,0,generated
423,dabashenliu_run_423\particle_positions_150000.csv,noise_5pct\c4600_phi20.00_logk-1.855556.png,equivalent_plastic_strain,4600,20,0.013945831,-1.85555560201739,5,4232526,860,0,0,generated
424,dabashenliu_run_424\particle_positions_150000.csv,noise_0pct\c4600_phi20.00_logk-1.633333.png,equivalent_plastic_strain,4600,20,0.023263052,-1.63333330853244,0,4242026,860,0,0,generated
424,dabashenliu_run_424\particle_positions_150000.csv,noise_1pct\c4600_phi20.00_logk-1.633333.png,equivalent_plastic_strain,4600,20,0.023263052,-1.63333330853244,1,4242126,860,0,0,generated
424,dabashenliu_run_424\particle_positions_150000.csv,noise_3pct\c4600_phi20.00_logk-1.633333.png,equivalent_plastic_strain,4600,20,0.023263052,-1.63333330853244,3,4242326,860,0,0,generated
424,dabashenliu_run_424\particle_positions_150000.csv,noise_5pct\c4600_phi20.00_logk-1.633333.png,equivalent_plastic_strain,4600,20,0.023263052,-1.63333330853244,5,4242526,860,0,0,generated
425,dabashenliu_run_425\particle_positions_150000.csv,noise_0pct\c4600_phi20.00_logk-1.411111.png,equivalent_plastic_strain,4600,20,0.038805105,-1.41111113709934,0,4252026,860,0,0,generated
425,dabashenliu_run_425\particle_positions_150000.csv,noise_1pct\c4600_phi20.00_logk-1.411111.png,equivalent_plastic_strain,4600,20,0.038805105,-1.41111113709934,1,4252126,860,0,0,generated
425,dabashenliu_run_425\particle_positions_150000.csv,noise_3pct\c4600_phi20.00_logk-1.411111.png,equivalent_plastic_strain,4600,20,0.038805105,-1.41111113709934,3,4252326,860,0,0,generated
425,dabashenliu_run_425\particle_positions_150000.csv,noise_5pct\c4600_phi20.00_logk-1.411111.png,equivalent_plastic_strain,4600,20,0.038805105,-1.41111113709934,5,4252526,860,0,0,generated
426,dabashenliu_run_426\particle_positions_150000.csv,noise_0pct\c4600_phi20.00_logk-1.188889.png,equivalent_plastic_strain,4600,20,0.06473083,-1.18888882427963,0,4262026,860,0,0,generated
426,dabashenliu_run_426\particle_positions_150000.csv,noise_1pct\c4600_phi20.00_logk-1.188889.png,equivalent_plastic_strain,4600,20,0.06473083,-1.18888882427963,1,4262126,860,0,0,generated
426,dabashenliu_run_426\particle_positions_150000.csv,noise_3pct\c4600_phi20.00_logk-1.188889.png,equivalent_plastic_strain,4600,20,0.06473083,-1.18888882427963,3,4262326,860,0,0,generated
426,dabashenliu_run_426\particle_positions_150000.csv,noise_5pct\c4600_phi20.00_logk-1.188889.png,equivalent_plastic_strain,4600,20,0.06473083,-1.18888882427963,5,4262526,860,0,0,generated
427,dabashenliu_run_427\particle_positions_150000.csv,noise_0pct\c4600_phi20.00_logk-0.966667.png,equivalent_plastic_strain,4600,20,0.10797753,-0.966666611293739,0,4272026,860,0,0,generated
427,dabashenliu_run_427\particle_positions_150000.csv,noise_1pct\c4600_phi20.00_logk-0.966667.png,equivalent_plastic_strain,4600,20,0.10797753,-0.966666611293739,1,4272126,860,0,0,generated
427,dabashenliu_run_427\particle_positions_150000.csv,noise_3pct\c4600_phi20.00_logk-0.966667.png,equivalent_plastic_strain,4600,20,0.10797753,-0.966666611293739,3,4272326,860,0,0,generated
427,dabashenliu_run_427\particle_positions_150000.csv,noise_5pct\c4600_phi20.00_logk-0.966667.png,equivalent_plastic_strain,4600,20,0.10797753,-0.966666611293739,5,4272526,860,0,0,generated
428,dabashenliu_run_428\particle_positions_150000.csv,noise_0pct\c4600_phi20.00_logk-0.744444.png,equivalent_plastic_strain,4600,20,0.18011737,-0.744444403052799,0,4282026,860,0,7394,generated
428,dabashenliu_run_428\particle_positions_150000.csv,noise_1pct\c4600_phi20.00_logk-0.744444.png,equivalent_plastic_strain,4600,20,0.18011737,-0.744444403052799,1,4282126,860,0,7394,generated
428,dabashenliu_run_428\particle_positions_150000.csv,noise_3pct\c4600_phi20.00_logk-0.744444.png,equivalent_plastic_strain,4600,20,0.18011737,-0.744444403052799,3,4282326,860,0,7394,generated
428,dabashenliu_run_428\particle_positions_150000.csv,noise_5pct\c4600_phi20.00_logk-0.744444.png,equivalent_plastic_strain,4600,20,0.18011737,-0.744444403052799,5,4282526,860,0,7394,generated
429,dabashenliu_run_429\particle_positions_150000.csv,noise_0pct\c4600_phi20.00_logk-0.522222.png,equivalent_plastic_strain,4600,20,0.30045387,-0.522222197678965,0,4292026,860,0,27745,generated
429,dabashenliu_run_429\particle_positions_150000.csv,noise_1pct\c4600_phi20.00_logk-0.522222.png,equivalent_plastic_strain,4600,20,0.30045387,-0.522222197678965,1,4292126,860,0,27745,generated
429,dabashenliu_run_429\particle_positions_150000.csv,noise_3pct\c4600_phi20.00_logk-0.522222.png,equivalent_plastic_strain,4600,20,0.30045387,-0.522222197678965,3,4292326,860,0,27745,generated
429,dabashenliu_run_429\particle_positions_150000.csv,noise_5pct\c4600_phi20.00_logk-0.522222.png,equivalent_plastic_strain,4600,20,0.30045387,-0.522222197678965,5,4292526,860,0,27745,generated
430,dabashenliu_run_430\particle_positions_150000.csv,noise_0pct\c4600_phi20.00_logk-0.300000.png,equivalent_plastic_strain,4600,20,0.50118726,-0.299999977147204,0,4302026,860,0,31570,generated
430,dabashenliu_run_430\particle_positions_150000.csv,noise_1pct\c4600_phi20.00_logk-0.300000.png,equivalent_plastic_strain,4600,20,0.50118726,-0.299999977147204,1,4302126,860,0,31570,generated
430,dabashenliu_run_430\particle_positions_150000.csv,noise_3pct\c4600_phi20.00_logk-0.300000.png,equivalent_plastic_strain,4600,20,0.50118726,-0.299999977147204,3,4302326,860,0,31570,generated
430,dabashenliu_run_430\particle_positions_150000.csv,noise_5pct\c4600_phi20.00_logk-0.300000.png,equivalent_plastic_strain,4600,20,0.50118726,-0.299999977147204,5,4302526,860,0,31570,generated
431,dabashenliu_run_431\particle_positions_150000.csv,noise_0pct\c4600_phi21.00_logk-2.300000.png,equivalent_plastic_strain,4600,21,0.0050118724,-2.29999999447783,0,4312026,860,0,0,generated
431,dabashenliu_run_431\particle_positions_150000.csv,noise_1pct\c4600_phi21.00_logk-2.300000.png,equivalent_plastic_strain,4600,21,0.0050118724,-2.29999999447783,1,4312126,860,0,0,generated
431,dabashenliu_run_431\particle_positions_150000.csv,noise_3pct\c4600_phi21.00_logk-2.300000.png,equivalent_plastic_strain,4600,21,0.0050118724,-2.29999999447783,3,4312326,860,0,0,generated
431,dabashenliu_run_431\particle_positions_150000.csv,noise_5pct\c4600_phi21.00_logk-2.300000.png,equivalent_plastic_strain,4600,21,0.0050118724,-2.29999999447783,5,4312526,860,0,0,generated
432,dabashenliu_run_432\particle_positions_150000.csv,noise_0pct\c4600_phi21.00_logk-2.077778.png,equivalent_plastic_strain,4600,21,0.0083603095,-2.07777764461193,0,4322026,860,0,0,generated
432,dabashenliu_run_432\particle_positions_150000.csv,noise_1pct\c4600_phi21.00_logk-2.077778.png,equivalent_plastic_strain,4600,21,0.0083603095,-2.07777764461193,1,4322126,860,0,0,generated
432,dabashenliu_run_432\particle_positions_150000.csv,noise_3pct\c4600_phi21.00_logk-2.077778.png,equivalent_plastic_strain,4600,21,0.0083603095,-2.07777764461193,3,4322326,860,0,0,generated
432,dabashenliu_run_432\particle_positions_150000.csv,noise_5pct\c4600_phi21.00_logk-2.077778.png,equivalent_plastic_strain,4600,21,0.0083603095,-2.07777764461193,5,4322526,860,0,0,generated
433,dabashenliu_run_433\particle_positions_150000.csv,noise_0pct\c4600_phi21.00_logk-1.855556.png,equivalent_plastic_strain,4600,21,0.013945831,-1.85555560201739,0,4332026,860,0,0,generated
433,dabashenliu_run_433\particle_positions_150000.csv,noise_1pct\c4600_phi21.00_logk-1.855556.png,equivalent_plastic_strain,4600,21,0.013945831,-1.85555560201739,1,4332126,860,0,0,generated
433,dabashenliu_run_433\particle_positions_150000.csv,noise_3pct\c4600_phi21.00_logk-1.855556.png,equivalent_plastic_strain,4600,21,0.013945831,-1.85555560201739,3,4332326,860,0,0,generated
433,dabashenliu_run_433\particle_positions_150000.csv,noise_5pct\c4600_phi21.00_logk-1.855556.png,equivalent_plastic_strain,4600,21,0.013945831,-1.85555560201739,5,4332526,860,0,0,generated
434,dabashenliu_run_434\particle_positions_150000.csv,noise_0pct\c4600_phi21.00_logk-1.633333.png,equivalent_plastic_strain,4600,21,0.023263052,-1.63333330853244,0,4342026,860,0,0,generated
434,dabashenliu_run_434\particle_positions_150000.csv,noise_1pct\c4600_phi21.00_logk-1.633333.png,equivalent_plastic_strain,4600,21,0.023263052,-1.63333330853244,1,4342126,860,0,0,generated
434,dabashenliu_run_434\particle_positions_150000.csv,noise_3pct\c4600_phi21.00_logk-1.633333.png,equivalent_plastic_strain,4600,21,0.023263052,-1.63333330853244,3,4342326,860,0,0,generated
434,dabashenliu_run_434\particle_positions_150000.csv,noise_5pct\c4600_phi21.00_logk-1.633333.png,equivalent_plastic_strain,4600,21,0.023263052,-1.63333330853244,5,4342526,860,0,0,generated
435,dabashenliu_run_435\particle_positions_150000.csv,noise_0pct\c4600_phi21.00_logk-1.411111.png,equivalent_plastic_strain,4600,21,0.038805105,-1.41111113709934,0,4352026,860,0,0,generated
435,dabashenliu_run_435\particle_positions_150000.csv,noise_1pct\c4600_phi21.00_logk-1.411111.png,equivalent_plastic_strain,4600,21,0.038805105,-1.41111113709934,1,4352126,860,0,0,generated
435,dabashenliu_run_435\particle_positions_150000.csv,noise_3pct\c4600_phi21.00_logk-1.411111.png,equivalent_plastic_strain,4600,21,0.038805105,-1.41111113709934,3,4352326,860,0,0,generated
435,dabashenliu_run_435\particle_positions_150000.csv,noise_5pct\c4600_phi21.00_logk-1.411111.png,equivalent_plastic_strain,4600,21,0.038805105,-1.41111113709934,5,4352526,860,0,0,generated
436,dabashenliu_run_436\particle_positions_150000.csv,noise_0pct\c4600_phi21.00_logk-1.188889.png,equivalent_plastic_strain,4600,21,0.06473083,-1.18888882427963,0,4362026,860,0,0,generated
436,dabashenliu_run_436\particle_positions_150000.csv,noise_1pct\c4600_phi21.00_logk-1.188889.png,equivalent_plastic_strain,4600,21,0.06473083,-1.18888882427963,1,4362126,860,0,0,generated
436,dabashenliu_run_436\particle_positions_150000.csv,noise_3pct\c4600_phi21.00_logk-1.188889.png,equivalent_plastic_strain,4600,21,0.06473083,-1.18888882427963,3,4362326,860,0,0,generated
436,dabashenliu_run_436\particle_positions_150000.csv,noise_5pct\c4600_phi21.00_logk-1.188889.png,equivalent_plastic_strain,4600,21,0.06473083,-1.18888882427963,5,4362526,860,0,0,generated
437,dabashenliu_run_437\particle_positions_150000.csv,noise_0pct\c4600_phi21.00_logk-0.966667.png,equivalent_plastic_strain,4600,21,0.10797753,-0.966666611293739,0,4372026,860,0,0,generated
437,dabashenliu_run_437\particle_positions_150000.csv,noise_1pct\c4600_phi21.00_logk-0.966667.png,equivalent_plastic_strain,4600,21,0.10797753,-0.966666611293739,1,4372126,860,0,0,generated
437,dabashenliu_run_437\particle_positions_150000.csv,noise_3pct\c4600_phi21.00_logk-0.966667.png,equivalent_plastic_strain,4600,21,0.10797753,-0.966666611293739,3,4372326,860,0,0,generated
437,dabashenliu_run_437\particle_positions_150000.csv,noise_5pct\c4600_phi21.00_logk-0.966667.png,equivalent_plastic_strain,4600,21,0.10797753,-0.966666611293739,5,4372526,860,0,0,generated
438,dabashenliu_run_438\particle_positions_150000.csv,noise_0pct\c4600_phi21.00_logk-0.744444.png,equivalent_plastic_strain,4600,21,0.18011737,-0.744444403052799,0,4382026,860,0,3110,generated
438,dabashenliu_run_438\particle_positions_150000.csv,noise_1pct\c4600_phi21.00_logk-0.744444.png,equivalent_plastic_strain,4600,21,0.18011737,-0.744444403052799,1,4382126,860,0,3110,generated
438,dabashenliu_run_438\particle_positions_150000.csv,noise_3pct\c4600_phi21.00_logk-0.744444.png,equivalent_plastic_strain,4600,21,0.18011737,-0.744444403052799,3,4382326,860,0,3110,generated
438,dabashenliu_run_438\particle_positions_150000.csv,noise_5pct\c4600_phi21.00_logk-0.744444.png,equivalent_plastic_strain,4600,21,0.18011737,-0.744444403052799,5,4382526,860,0,3110,generated
439,dabashenliu_run_439\particle_positions_150000.csv,noise_0pct\c4600_phi21.00_logk-0.522222.png,equivalent_plastic_strain,4600,21,0.30045387,-0.522222197678965,0,4392026,860,0,25516,generated
439,dabashenliu_run_439\particle_positions_150000.csv,noise_1pct\c4600_phi21.00_logk-0.522222.png,equivalent_plastic_strain,4600,21,0.30045387,-0.522222197678965,1,4392126,860,0,25516,generated
439,dabashenliu_run_439\particle_positions_150000.csv,noise_3pct\c4600_phi21.00_logk-0.522222.png,equivalent_plastic_strain,4600,21,0.30045387,-0.522222197678965,3,4392326,860,0,25516,generated
439,dabashenliu_run_439\particle_positions_150000.csv,noise_5pct\c4600_phi21.00_logk-0.522222.png,equivalent_plastic_strain,4600,21,0.30045387,-0.522222197678965,5,4392526,860,0,25516,generated
440,dabashenliu_run_440\particle_positions_150000.csv,noise_0pct\c4600_phi21.00_logk-0.300000.png,equivalent_plastic_strain,4600,21,0.50118726,-0.299999977147204,0,4402026,860,0,28361,generated
440,dabashenliu_run_440\particle_positions_150000.csv,noise_1pct\c4600_phi21.00_logk-0.300000.png,equivalent_plastic_strain,4600,21,0.50118726,-0.299999977147204,1,4402126,860,0,28361,generated
440,dabashenliu_run_440\particle_positions_150000.csv,noise_3pct\c4600_phi21.00_logk-0.300000.png,equivalent_plastic_strain,4600,21,0.50118726,-0.299999977147204,3,4402326,860,0,28361,generated
440,dabashenliu_run_440\particle_positions_150000.csv,noise_5pct\c4600_phi21.00_logk-0.300000.png,equivalent_plastic_strain,4600,21,0.50118726,-0.299999977147204,5,4402526,860,0,28361,generated
441,dabashenliu_run_441\particle_positions_150000.csv,noise_0pct\c4600_phi22.00_logk-2.300000.png,equivalent_plastic_strain,4600,22,0.0050118724,-2.29999999447783,0,4412026,860,0,0,generated
441,dabashenliu_run_441\particle_positions_150000.csv,noise_1pct\c4600_phi22.00_logk-2.300000.png,equivalent_plastic_strain,4600,22,0.0050118724,-2.29999999447783,1,4412126,860,0,0,generated
441,dabashenliu_run_441\particle_positions_150000.csv,noise_3pct\c4600_phi22.00_logk-2.300000.png,equivalent_plastic_strain,4600,22,0.0050118724,-2.29999999447783,3,4412326,860,0,0,generated
441,dabashenliu_run_441\particle_positions_150000.csv,noise_5pct\c4600_phi22.00_logk-2.300000.png,equivalent_plastic_strain,4600,22,0.0050118724,-2.29999999447783,5,4412526,860,0,0,generated
442,dabashenliu_run_442\particle_positions_150000.csv,noise_0pct\c4600_phi22.00_logk-2.077778.png,equivalent_plastic_strain,4600,22,0.0083603095,-2.07777764461193,0,4422026,860,0,0,generated
442,dabashenliu_run_442\particle_positions_150000.csv,noise_1pct\c4600_phi22.00_logk-2.077778.png,equivalent_plastic_strain,4600,22,0.0083603095,-2.07777764461193,1,4422126,860,0,0,generated
442,dabashenliu_run_442\particle_positions_150000.csv,noise_3pct\c4600_phi22.00_logk-2.077778.png,equivalent_plastic_strain,4600,22,0.0083603095,-2.07777764461193,3,4422326,860,0,0,generated
442,dabashenliu_run_442\particle_positions_150000.csv,noise_5pct\c4600_phi22.00_logk-2.077778.png,equivalent_plastic_strain,4600,22,0.0083603095,-2.07777764461193,5,4422526,860,0,0,generated
443,dabashenliu_run_443\particle_positions_150000.csv,noise_0pct\c4600_phi22.00_logk-1.855556.png,equivalent_plastic_strain,4600,22,0.013945831,-1.85555560201739,0,4432026,860,0,0,generated
443,dabashenliu_run_443\particle_positions_150000.csv,noise_1pct\c4600_phi22.00_logk-1.855556.png,equivalent_plastic_strain,4600,22,0.013945831,-1.85555560201739,1,4432126,860,0,0,generated
443,dabashenliu_run_443\particle_positions_150000.csv,noise_3pct\c4600_phi22.00_logk-1.855556.png,equivalent_plastic_strain,4600,22,0.013945831,-1.85555560201739,3,4432326,860,0,0,generated
443,dabashenliu_run_443\particle_positions_150000.csv,noise_5pct\c4600_phi22.00_logk-1.855556.png,equivalent_plastic_strain,4600,22,0.013945831,-1.85555560201739,5,4432526,860,0,0,generated
444,dabashenliu_run_444\particle_positions_150000.csv,noise_0pct\c4600_phi22.00_logk-1.633333.png,equivalent_plastic_strain,4600,22,0.023263052,-1.63333330853244,0,4442026,860,0,0,generated
444,dabashenliu_run_444\particle_positions_150000.csv,noise_1pct\c4600_phi22.00_logk-1.633333.png,equivalent_plastic_strain,4600,22,0.023263052,-1.63333330853244,1,4442126,860,0,0,generated
444,dabashenliu_run_444\particle_positions_150000.csv,noise_3pct\c4600_phi22.00_logk-1.633333.png,equivalent_plastic_strain,4600,22,0.023263052,-1.63333330853244,3,4442326,860,0,0,generated
444,dabashenliu_run_444\particle_positions_150000.csv,noise_5pct\c4600_phi22.00_logk-1.633333.png,equivalent_plastic_strain,4600,22,0.023263052,-1.63333330853244,5,4442526,860,0,0,generated
445,dabashenliu_run_445\particle_positions_150000.csv,noise_0pct\c4600_phi22.00_logk-1.411111.png,equivalent_plastic_strain,4600,22,0.038805105,-1.41111113709934,0,4452026,860,0,0,generated
445,dabashenliu_run_445\particle_positions_150000.csv,noise_1pct\c4600_phi22.00_logk-1.411111.png,equivalent_plastic_strain,4600,22,0.038805105,-1.41111113709934,1,4452126,860,0,0,generated
445,dabashenliu_run_445\particle_positions_150000.csv,noise_3pct\c4600_phi22.00_logk-1.411111.png,equivalent_plastic_strain,4600,22,0.038805105,-1.41111113709934,3,4452326,860,0,0,generated
445,dabashenliu_run_445\particle_positions_150000.csv,noise_5pct\c4600_phi22.00_logk-1.411111.png,equivalent_plastic_strain,4600,22,0.038805105,-1.41111113709934,5,4452526,860,0,0,generated
446,dabashenliu_run_446\particle_positions_150000.csv,noise_0pct\c4600_phi22.00_logk-1.188889.png,equivalent_plastic_strain,4600,22,0.06473083,-1.18888882427963,0,4462026,860,0,0,generated
446,dabashenliu_run_446\particle_positions_150000.csv,noise_1pct\c4600_phi22.00_logk-1.188889.png,equivalent_plastic_strain,4600,22,0.06473083,-1.18888882427963,1,4462126,860,0,0,generated
446,dabashenliu_run_446\particle_positions_150000.csv,noise_3pct\c4600_phi22.00_logk-1.188889.png,equivalent_plastic_strain,4600,22,0.06473083,-1.18888882427963,3,4462326,860,0,0,generated
446,dabashenliu_run_446\particle_positions_150000.csv,noise_5pct\c4600_phi22.00_logk-1.188889.png,equivalent_plastic_strain,4600,22,0.06473083,-1.18888882427963,5,4462526,860,0,0,generated
447,dabashenliu_run_447\particle_positions_150000.csv,noise_0pct\c4600_phi22.00_logk-0.966667.png,equivalent_plastic_strain,4600,22,0.10797753,-0.966666611293739,0,4472026,860,0,0,generated
447,dabashenliu_run_447\particle_positions_150000.csv,noise_1pct\c4600_phi22.00_logk-0.966667.png,equivalent_plastic_strain,4600,22,0.10797753,-0.966666611293739,1,4472126,860,0,0,generated
447,dabashenliu_run_447\particle_positions_150000.csv,noise_3pct\c4600_phi22.00_logk-0.966667.png,equivalent_plastic_strain,4600,22,0.10797753,-0.966666611293739,3,4472326,860,0,0,generated
447,dabashenliu_run_447\particle_positions_150000.csv,noise_5pct\c4600_phi22.00_logk-0.966667.png,equivalent_plastic_strain,4600,22,0.10797753,-0.966666611293739,5,4472526,860,0,0,generated
448,dabashenliu_run_448\particle_positions_150000.csv,noise_0pct\c4600_phi22.00_logk-0.744444.png,equivalent_plastic_strain,4600,22,0.18011737,-0.744444403052799,0,4482026,860,0,2504,generated
448,dabashenliu_run_448\particle_positions_150000.csv,noise_1pct\c4600_phi22.00_logk-0.744444.png,equivalent_plastic_strain,4600,22,0.18011737,-0.744444403052799,1,4482126,860,0,2504,generated
448,dabashenliu_run_448\particle_positions_150000.csv,noise_3pct\c4600_phi22.00_logk-0.744444.png,equivalent_plastic_strain,4600,22,0.18011737,-0.744444403052799,3,4482326,860,0,2504,generated
448,dabashenliu_run_448\particle_positions_150000.csv,noise_5pct\c4600_phi22.00_logk-0.744444.png,equivalent_plastic_strain,4600,22,0.18011737,-0.744444403052799,5,4482526,860,0,2504,generated
449,dabashenliu_run_449\particle_positions_150000.csv,noise_0pct\c4600_phi22.00_logk-0.522222.png,equivalent_plastic_strain,4600,22,0.30045387,-0.522222197678965,0,4492026,860,0,22249,generated
449,dabashenliu_run_449\particle_positions_150000.csv,noise_1pct\c4600_phi22.00_logk-0.522222.png,equivalent_plastic_strain,4600,22,0.30045387,-0.522222197678965,1,4492126,860,0,22249,generated
449,dabashenliu_run_449\particle_positions_150000.csv,noise_3pct\c4600_phi22.00_logk-0.522222.png,equivalent_plastic_strain,4600,22,0.30045387,-0.522222197678965,3,4492326,860,0,22249,generated
449,dabashenliu_run_449\particle_positions_150000.csv,noise_5pct\c4600_phi22.00_logk-0.522222.png,equivalent_plastic_strain,4600,22,0.30045387,-0.522222197678965,5,4492526,860,0,22249,generated
450,dabashenliu_run_450\particle_positions_150000.csv,noise_0pct\c4600_phi22.00_logk-0.300000.png,equivalent_plastic_strain,4600,22,0.50118726,-0.299999977147204,0,4502026,860,0,31544,generated
450,dabashenliu_run_450\particle_positions_150000.csv,noise_1pct\c4600_phi22.00_logk-0.300000.png,equivalent_plastic_strain,4600,22,0.50118726,-0.299999977147204,1,4502126,860,0,31544,generated
450,dabashenliu_run_450\particle_positions_150000.csv,noise_3pct\c4600_phi22.00_logk-0.300000.png,equivalent_plastic_strain,4600,22,0.50118726,-0.299999977147204,3,4502326,860,0,31544,generated
450,dabashenliu_run_450\particle_positions_150000.csv,noise_5pct\c4600_phi22.00_logk-0.300000.png,equivalent_plastic_strain,4600,22,0.50118726,-0.299999977147204,5,4502526,860,0,31544,generated
451,dabashenliu_run_451\particle_positions_150000.csv,noise_0pct\c4600_phi23.00_logk-2.300000.png,equivalent_plastic_strain,4600,23,0.0050118724,-2.29999999447783,0,4512026,860,0,0,generated
451,dabashenliu_run_451\particle_positions_150000.csv,noise_1pct\c4600_phi23.00_logk-2.300000.png,equivalent_plastic_strain,4600,23,0.0050118724,-2.29999999447783,1,4512126,860,0,0,generated
451,dabashenliu_run_451\particle_positions_150000.csv,noise_3pct\c4600_phi23.00_logk-2.300000.png,equivalent_plastic_strain,4600,23,0.0050118724,-2.29999999447783,3,4512326,860,0,0,generated
451,dabashenliu_run_451\particle_positions_150000.csv,noise_5pct\c4600_phi23.00_logk-2.300000.png,equivalent_plastic_strain,4600,23,0.0050118724,-2.29999999447783,5,4512526,860,0,0,generated
452,dabashenliu_run_452\particle_positions_150000.csv,noise_0pct\c4600_phi23.00_logk-2.077778.png,equivalent_plastic_strain,4600,23,0.0083603095,-2.07777764461193,0,4522026,860,0,0,generated
452,dabashenliu_run_452\particle_positions_150000.csv,noise_1pct\c4600_phi23.00_logk-2.077778.png,equivalent_plastic_strain,4600,23,0.0083603095,-2.07777764461193,1,4522126,860,0,0,generated
452,dabashenliu_run_452\particle_positions_150000.csv,noise_3pct\c4600_phi23.00_logk-2.077778.png,equivalent_plastic_strain,4600,23,0.0083603095,-2.07777764461193,3,4522326,860,0,0,generated
452,dabashenliu_run_452\particle_positions_150000.csv,noise_5pct\c4600_phi23.00_logk-2.077778.png,equivalent_plastic_strain,4600,23,0.0083603095,-2.07777764461193,5,4522526,860,0,0,generated
453,dabashenliu_run_453\particle_positions_150000.csv,noise_0pct\c4600_phi23.00_logk-1.855556.png,equivalent_plastic_strain,4600,23,0.013945831,-1.85555560201739,0,4532026,860,0,0,generated
453,dabashenliu_run_453\particle_positions_150000.csv,noise_1pct\c4600_phi23.00_logk-1.855556.png,equivalent_plastic_strain,4600,23,0.013945831,-1.85555560201739,1,4532126,860,0,0,generated
453,dabashenliu_run_453\particle_positions_150000.csv,noise_3pct\c4600_phi23.00_logk-1.855556.png,equivalent_plastic_strain,4600,23,0.013945831,-1.85555560201739,3,4532326,860,0,0,generated
453,dabashenliu_run_453\particle_positions_150000.csv,noise_5pct\c4600_phi23.00_logk-1.855556.png,equivalent_plastic_strain,4600,23,0.013945831,-1.85555560201739,5,4532526,860,0,0,generated
454,dabashenliu_run_454\particle_positions_150000.csv,noise_0pct\c4600_phi23.00_logk-1.633333.png,equivalent_plastic_strain,4600,23,0.023263052,-1.63333330853244,0,4542026,860,0,0,generated
454,dabashenliu_run_454\particle_positions_150000.csv,noise_1pct\c4600_phi23.00_logk-1.633333.png,equivalent_plastic_strain,4600,23,0.023263052,-1.63333330853244,1,4542126,860,0,0,generated
454,dabashenliu_run_454\particle_positions_150000.csv,noise_3pct\c4600_phi23.00_logk-1.633333.png,equivalent_plastic_strain,4600,23,0.023263052,-1.63333330853244,3,4542326,860,0,0,generated
454,dabashenliu_run_454\particle_positions_150000.csv,noise_5pct\c4600_phi23.00_logk-1.633333.png,equivalent_plastic_strain,4600,23,0.023263052,-1.63333330853244,5,4542526,860,0,0,generated
455,dabashenliu_run_455\particle_positions_150000.csv,noise_0pct\c4600_phi23.00_logk-1.411111.png,equivalent_plastic_strain,4600,23,0.038805105,-1.41111113709934,0,4552026,860,0,0,generated
455,dabashenliu_run_455\particle_positions_150000.csv,noise_1pct\c4600_phi23.00_logk-1.411111.png,equivalent_plastic_strain,4600,23,0.038805105,-1.41111113709934,1,4552126,860,0,0,generated
455,dabashenliu_run_455\particle_positions_150000.csv,noise_3pct\c4600_phi23.00_logk-1.411111.png,equivalent_plastic_strain,4600,23,0.038805105,-1.41111113709934,3,4552326,860,0,0,generated
455,dabashenliu_run_455\particle_positions_150000.csv,noise_5pct\c4600_phi23.00_logk-1.411111.png,equivalent_plastic_strain,4600,23,0.038805105,-1.41111113709934,5,4552526,860,0,0,generated
456,dabashenliu_run_456\particle_positions_150000.csv,noise_0pct\c4600_phi23.00_logk-1.188889.png,equivalent_plastic_strain,4600,23,0.06473083,-1.18888882427963,0,4562026,860,0,0,generated
456,dabashenliu_run_456\particle_positions_150000.csv,noise_1pct\c4600_phi23.00_logk-1.188889.png,equivalent_plastic_strain,4600,23,0.06473083,-1.18888882427963,1,4562126,860,0,0,generated
456,dabashenliu_run_456\particle_positions_150000.csv,noise_3pct\c4600_phi23.00_logk-1.188889.png,equivalent_plastic_strain,4600,23,0.06473083,-1.18888882427963,3,4562326,860,0,0,generated
456,dabashenliu_run_456\particle_positions_150000.csv,noise_5pct\c4600_phi23.00_logk-1.188889.png,equivalent_plastic_strain,4600,23,0.06473083,-1.18888882427963,5,4562526,860,0,0,generated
457,dabashenliu_run_457\particle_positions_150000.csv,noise_0pct\c4600_phi23.00_logk-0.966667.png,equivalent_plastic_strain,4600,23,0.10797753,-0.966666611293739,0,4572026,860,0,0,generated
457,dabashenliu_run_457\particle_positions_150000.csv,noise_1pct\c4600_phi23.00_logk-0.966667.png,equivalent_plastic_strain,4600,23,0.10797753,-0.966666611293739,1,4572126,860,0,0,generated
457,dabashenliu_run_457\particle_positions_150000.csv,noise_3pct\c4600_phi23.00_logk-0.966667.png,equivalent_plastic_strain,4600,23,0.10797753,-0.966666611293739,3,4572326,860,0,0,generated
457,dabashenliu_run_457\particle_positions_150000.csv,noise_5pct\c4600_phi23.00_logk-0.966667.png,equivalent_plastic_strain,4600,23,0.10797753,-0.966666611293739,5,4572526,860,0,0,generated
458,dabashenliu_run_458\particle_positions_150000.csv,noise_0pct\c4600_phi23.00_logk-0.744444.png,equivalent_plastic_strain,4600,23,0.18011737,-0.744444403052799,0,4582026,860,0,2890,generated
458,dabashenliu_run_458\particle_positions_150000.csv,noise_1pct\c4600_phi23.00_logk-0.744444.png,equivalent_plastic_strain,4600,23,0.18011737,-0.744444403052799,1,4582126,860,0,2890,generated
458,dabashenliu_run_458\particle_positions_150000.csv,noise_3pct\c4600_phi23.00_logk-0.744444.png,equivalent_plastic_strain,4600,23,0.18011737,-0.744444403052799,3,4582326,860,0,2890,generated
458,dabashenliu_run_458\particle_positions_150000.csv,noise_5pct\c4600_phi23.00_logk-0.744444.png,equivalent_plastic_strain,4600,23,0.18011737,-0.744444403052799,5,4582526,860,0,2890,generated
459,dabashenliu_run_459\particle_positions_150000.csv,noise_0pct\c4600_phi23.00_logk-0.522222.png,equivalent_plastic_strain,4600,23,0.30045387,-0.522222197678965,0,4592026,860,0,16030,generated
459,dabashenliu_run_459\particle_positions_150000.csv,noise_1pct\c4600_phi23.00_logk-0.522222.png,equivalent_plastic_strain,4600,23,0.30045387,-0.522222197678965,1,4592126,860,0,16030,generated
459,dabashenliu_run_459\particle_positions_150000.csv,noise_3pct\c4600_phi23.00_logk-0.522222.png,equivalent_plastic_strain,4600,23,0.30045387,-0.522222197678965,3,4592326,860,0,16030,generated
459,dabashenliu_run_459\particle_positions_150000.csv,noise_5pct\c4600_phi23.00_logk-0.522222.png,equivalent_plastic_strain,4600,23,0.30045387,-0.522222197678965,5,4592526,860,0,16030,generated
460,dabashenliu_run_460\particle_positions_150000.csv,noise_0pct\c4600_phi23.00_logk-0.300000.png,equivalent_plastic_strain,4600,23,0.50118726,-0.299999977147204,0,4602026,860,0,24577,generated
460,dabashenliu_run_460\particle_positions_150000.csv,noise_1pct\c4600_phi23.00_logk-0.300000.png,equivalent_plastic_strain,4600,23,0.50118726,-0.299999977147204,1,4602126,860,0,24577,generated
460,dabashenliu_run_460\particle_positions_150000.csv,noise_3pct\c4600_phi23.00_logk-0.300000.png,equivalent_plastic_strain,4600,23,0.50118726,-0.299999977147204,3,4602326,860,0,24577,generated
460,dabashenliu_run_460\particle_positions_150000.csv,noise_5pct\c4600_phi23.00_logk-0.300000.png,equivalent_plastic_strain,4600,23,0.50118726,-0.299999977147204,5,4602526,860,0,24577,generated
461,dabashenliu_run_461\particle_positions_150000.csv,noise_0pct\c4600_phi24.00_logk-2.300000.png,equivalent_plastic_strain,4600,24,0.0050118724,-2.29999999447783,0,4612026,860,0,0,generated
461,dabashenliu_run_461\particle_positions_150000.csv,noise_1pct\c4600_phi24.00_logk-2.300000.png,equivalent_plastic_strain,4600,24,0.0050118724,-2.29999999447783,1,4612126,860,0,0,generated
461,dabashenliu_run_461\particle_positions_150000.csv,noise_3pct\c4600_phi24.00_logk-2.300000.png,equivalent_plastic_strain,4600,24,0.0050118724,-2.29999999447783,3,4612326,860,0,0,generated
461,dabashenliu_run_461\particle_positions_150000.csv,noise_5pct\c4600_phi24.00_logk-2.300000.png,equivalent_plastic_strain,4600,24,0.0050118724,-2.29999999447783,5,4612526,860,0,0,generated
462,dabashenliu_run_462\particle_positions_150000.csv,noise_0pct\c4600_phi24.00_logk-2.077778.png,equivalent_plastic_strain,4600,24,0.0083603095,-2.07777764461193,0,4622026,860,0,0,generated
462,dabashenliu_run_462\particle_positions_150000.csv,noise_1pct\c4600_phi24.00_logk-2.077778.png,equivalent_plastic_strain,4600,24,0.0083603095,-2.07777764461193,1,4622126,860,0,0,generated
462,dabashenliu_run_462\particle_positions_150000.csv,noise_3pct\c4600_phi24.00_logk-2.077778.png,equivalent_plastic_strain,4600,24,0.0083603095,-2.07777764461193,3,4622326,860,0,0,generated
462,dabashenliu_run_462\particle_positions_150000.csv,noise_5pct\c4600_phi24.00_logk-2.077778.png,equivalent_plastic_strain,4600,24,0.0083603095,-2.07777764461193,5,4622526,860,0,0,generated
463,dabashenliu_run_463\particle_positions_150000.csv,noise_0pct\c4600_phi24.00_logk-1.855556.png,equivalent_plastic_strain,4600,24,0.013945831,-1.85555560201739,0,4632026,860,0,0,generated
463,dabashenliu_run_463\particle_positions_150000.csv,noise_1pct\c4600_phi24.00_logk-1.855556.png,equivalent_plastic_strain,4600,24,0.013945831,-1.85555560201739,1,4632126,860,0,0,generated
463,dabashenliu_run_463\particle_positions_150000.csv,noise_3pct\c4600_phi24.00_logk-1.855556.png,equivalent_plastic_strain,4600,24,0.013945831,-1.85555560201739,3,4632326,860,0,0,generated
463,dabashenliu_run_463\particle_positions_150000.csv,noise_5pct\c4600_phi24.00_logk-1.855556.png,equivalent_plastic_strain,4600,24,0.013945831,-1.85555560201739,5,4632526,860,0,0,generated
464,dabashenliu_run_464\particle_positions_150000.csv,noise_0pct\c4600_phi24.00_logk-1.633333.png,equivalent_plastic_strain,4600,24,0.023263052,-1.63333330853244,0,4642026,860,0,0,generated
464,dabashenliu_run_464\particle_positions_150000.csv,noise_1pct\c4600_phi24.00_logk-1.633333.png,equivalent_plastic_strain,4600,24,0.023263052,-1.63333330853244,1,4642126,860,0,0,generated
464,dabashenliu_run_464\particle_positions_150000.csv,noise_3pct\c4600_phi24.00_logk-1.633333.png,equivalent_plastic_strain,4600,24,0.023263052,-1.63333330853244,3,4642326,860,0,0,generated
464,dabashenliu_run_464\particle_positions_150000.csv,noise_5pct\c4600_phi24.00_logk-1.633333.png,equivalent_plastic_strain,4600,24,0.023263052,-1.63333330853244,5,4642526,860,0,0,generated
465,dabashenliu_run_465\particle_positions_150000.csv,noise_0pct\c4600_phi24.00_logk-1.411111.png,equivalent_plastic_strain,4600,24,0.038805105,-1.41111113709934,0,4652026,860,0,0,generated
465,dabashenliu_run_465\particle_positions_150000.csv,noise_1pct\c4600_phi24.00_logk-1.411111.png,equivalent_plastic_strain,4600,24,0.038805105,-1.41111113709934,1,4652126,860,0,0,generated
465,dabashenliu_run_465\particle_positions_150000.csv,noise_3pct\c4600_phi24.00_logk-1.411111.png,equivalent_plastic_strain,4600,24,0.038805105,-1.41111113709934,3,4652326,860,0,0,generated
465,dabashenliu_run_465\particle_positions_150000.csv,noise_5pct\c4600_phi24.00_logk-1.411111.png,equivalent_plastic_strain,4600,24,0.038805105,-1.41111113709934,5,4652526,860,0,0,generated
466,dabashenliu_run_466\particle_positions_150000.csv,noise_0pct\c4600_phi24.00_logk-1.188889.png,equivalent_plastic_strain,4600,24,0.06473083,-1.18888882427963,0,4662026,860,0,0,generated
466,dabashenliu_run_466\particle_positions_150000.csv,noise_1pct\c4600_phi24.00_logk-1.188889.png,equivalent_plastic_strain,4600,24,0.06473083,-1.18888882427963,1,4662126,860,0,0,generated
466,dabashenliu_run_466\particle_positions_150000.csv,noise_3pct\c4600_phi24.00_logk-1.188889.png,equivalent_plastic_strain,4600,24,0.06473083,-1.18888882427963,3,4662326,860,0,0,generated
466,dabashenliu_run_466\particle_positions_150000.csv,noise_5pct\c4600_phi24.00_logk-1.188889.png,equivalent_plastic_strain,4600,24,0.06473083,-1.18888882427963,5,4662526,860,0,0,generated
467,dabashenliu_run_467\particle_positions_150000.csv,noise_0pct\c4600_phi24.00_logk-0.966667.png,equivalent_plastic_strain,4600,24,0.10797753,-0.966666611293739,0,4672026,860,0,0,generated
467,dabashenliu_run_467\particle_positions_150000.csv,noise_1pct\c4600_phi24.00_logk-0.966667.png,equivalent_plastic_strain,4600,24,0.10797753,-0.966666611293739,1,4672126,860,0,0,generated
467,dabashenliu_run_467\particle_positions_150000.csv,noise_3pct\c4600_phi24.00_logk-0.966667.png,equivalent_plastic_strain,4600,24,0.10797753,-0.966666611293739,3,4672326,860,0,0,generated
467,dabashenliu_run_467\particle_positions_150000.csv,noise_5pct\c4600_phi24.00_logk-0.966667.png,equivalent_plastic_strain,4600,24,0.10797753,-0.966666611293739,5,4672526,860,0,0,generated
468,dabashenliu_run_468\particle_positions_150000.csv,noise_0pct\c4600_phi24.00_logk-0.744444.png,equivalent_plastic_strain,4600,24,0.18011737,-0.744444403052799,0,4682026,860,0,2037,generated
468,dabashenliu_run_468\particle_positions_150000.csv,noise_1pct\c4600_phi24.00_logk-0.744444.png,equivalent_plastic_strain,4600,24,0.18011737,-0.744444403052799,1,4682126,860,0,2037,generated
468,dabashenliu_run_468\particle_positions_150000.csv,noise_3pct\c4600_phi24.00_logk-0.744444.png,equivalent_plastic_strain,4600,24,0.18011737,-0.744444403052799,3,4682326,860,0,2037,generated
468,dabashenliu_run_468\particle_positions_150000.csv,noise_5pct\c4600_phi24.00_logk-0.744444.png,equivalent_plastic_strain,4600,24,0.18011737,-0.744444403052799,5,4682526,860,0,2037,generated
469,dabashenliu_run_469\particle_positions_150000.csv,noise_0pct\c4600_phi24.00_logk-0.522222.png,equivalent_plastic_strain,4600,24,0.30045387,-0.522222197678965,0,4692026,860,0,10809,generated
469,dabashenliu_run_469\particle_positions_150000.csv,noise_1pct\c4600_phi24.00_logk-0.522222.png,equivalent_plastic_strain,4600,24,0.30045387,-0.522222197678965,1,4692126,860,0,10809,generated
469,dabashenliu_run_469\particle_positions_150000.csv,noise_3pct\c4600_phi24.00_logk-0.522222.png,equivalent_plastic_strain,4600,24,0.30045387,-0.522222197678965,3,4692326,860,0,10809,generated
469,dabashenliu_run_469\particle_positions_150000.csv,noise_5pct\c4600_phi24.00_logk-0.522222.png,equivalent_plastic_strain,4600,24,0.30045387,-0.522222197678965,5,4692526,860,0,10809,generated
470,dabashenliu_run_470\particle_positions_150000.csv,noise_0pct\c4600_phi24.00_logk-0.300000.png,equivalent_plastic_strain,4600,24,0.50118726,-0.299999977147204,0,4702026,860,0,25301,generated
470,dabashenliu_run_470\particle_positions_150000.csv,noise_1pct\c4600_phi24.00_logk-0.300000.png,equivalent_plastic_strain,4600,24,0.50118726,-0.299999977147204,1,4702126,860,0,25301,generated
470,dabashenliu_run_470\particle_positions_150000.csv,noise_3pct\c4600_phi24.00_logk-0.300000.png,equivalent_plastic_strain,4600,24,0.50118726,-0.299999977147204,3,4702326,860,0,25301,generated
470,dabashenliu_run_470\particle_positions_150000.csv,noise_5pct\c4600_phi24.00_logk-0.300000.png,equivalent_plastic_strain,4600,24,0.50118726,-0.299999977147204,5,4702526,860,0,25301,generated
471,dabashenliu_run_471\particle_positions_150000.csv,noise_0pct\c4600_phi25.00_logk-2.300000.png,equivalent_plastic_strain,4600,25,0.0050118724,-2.29999999447783,0,4712026,860,0,0,generated
471,dabashenliu_run_471\particle_positions_150000.csv,noise_1pct\c4600_phi25.00_logk-2.300000.png,equivalent_plastic_strain,4600,25,0.0050118724,-2.29999999447783,1,4712126,860,0,0,generated
471,dabashenliu_run_471\particle_positions_150000.csv,noise_3pct\c4600_phi25.00_logk-2.300000.png,equivalent_plastic_strain,4600,25,0.0050118724,-2.29999999447783,3,4712326,860,0,0,generated
471,dabashenliu_run_471\particle_positions_150000.csv,noise_5pct\c4600_phi25.00_logk-2.300000.png,equivalent_plastic_strain,4600,25,0.0050118724,-2.29999999447783,5,4712526,860,0,0,generated
472,dabashenliu_run_472\particle_positions_150000.csv,noise_0pct\c4600_phi25.00_logk-2.077778.png,equivalent_plastic_strain,4600,25,0.0083603095,-2.07777764461193,0,4722026,860,0,0,generated
472,dabashenliu_run_472\particle_positions_150000.csv,noise_1pct\c4600_phi25.00_logk-2.077778.png,equivalent_plastic_strain,4600,25,0.0083603095,-2.07777764461193,1,4722126,860,0,0,generated
472,dabashenliu_run_472\particle_positions_150000.csv,noise_3pct\c4600_phi25.00_logk-2.077778.png,equivalent_plastic_strain,4600,25,0.0083603095,-2.07777764461193,3,4722326,860,0,0,generated
472,dabashenliu_run_472\particle_positions_150000.csv,noise_5pct\c4600_phi25.00_logk-2.077778.png,equivalent_plastic_strain,4600,25,0.0083603095,-2.07777764461193,5,4722526,860,0,0,generated
473,dabashenliu_run_473\particle_positions_150000.csv,noise_0pct\c4600_phi25.00_logk-1.855556.png,equivalent_plastic_strain,4600,25,0.013945831,-1.85555560201739,0,4732026,860,0,0,generated
473,dabashenliu_run_473\particle_positions_150000.csv,noise_1pct\c4600_phi25.00_logk-1.855556.png,equivalent_plastic_strain,4600,25,0.013945831,-1.85555560201739,1,4732126,860,0,0,generated
473,dabashenliu_run_473\particle_positions_150000.csv,noise_3pct\c4600_phi25.00_logk-1.855556.png,equivalent_plastic_strain,4600,25,0.013945831,-1.85555560201739,3,4732326,860,0,0,generated
473,dabashenliu_run_473\particle_positions_150000.csv,noise_5pct\c4600_phi25.00_logk-1.855556.png,equivalent_plastic_strain,4600,25,0.013945831,-1.85555560201739,5,4732526,860,0,0,generated
474,dabashenliu_run_474\particle_positions_150000.csv,noise_0pct\c4600_phi25.00_logk-1.633333.png,equivalent_plastic_strain,4600,25,0.023263052,-1.63333330853244,0,4742026,860,0,0,generated
474,dabashenliu_run_474\particle_positions_150000.csv,noise_1pct\c4600_phi25.00_logk-1.633333.png,equivalent_plastic_strain,4600,25,0.023263052,-1.63333330853244,1,4742126,860,0,0,generated
474,dabashenliu_run_474\particle_positions_150000.csv,noise_3pct\c4600_phi25.00_logk-1.633333.png,equivalent_plastic_strain,4600,25,0.023263052,-1.63333330853244,3,4742326,860,0,0,generated
474,dabashenliu_run_474\particle_positions_150000.csv,noise_5pct\c4600_phi25.00_logk-1.633333.png,equivalent_plastic_strain,4600,25,0.023263052,-1.63333330853244,5,4742526,860,0,0,generated
475,dabashenliu_run_475\particle_positions_150000.csv,noise_0pct\c4600_phi25.00_logk-1.411111.png,equivalent_plastic_strain,4600,25,0.038805105,-1.41111113709934,0,4752026,860,0,0,generated
475,dabashenliu_run_475\particle_positions_150000.csv,noise_1pct\c4600_phi25.00_logk-1.411111.png,equivalent_plastic_strain,4600,25,0.038805105,-1.41111113709934,1,4752126,860,0,0,generated
475,dabashenliu_run_475\particle_positions_150000.csv,noise_3pct\c4600_phi25.00_logk-1.411111.png,equivalent_plastic_strain,4600,25,0.038805105,-1.41111113709934,3,4752326,860,0,0,generated
475,dabashenliu_run_475\particle_positions_150000.csv,noise_5pct\c4600_phi25.00_logk-1.411111.png,equivalent_plastic_strain,4600,25,0.038805105,-1.41111113709934,5,4752526,860,0,0,generated
476,dabashenliu_run_476\particle_positions_150000.csv,noise_0pct\c4600_phi25.00_logk-1.188889.png,equivalent_plastic_strain,4600,25,0.06473083,-1.18888882427963,0,4762026,860,0,0,generated
476,dabashenliu_run_476\particle_positions_150000.csv,noise_1pct\c4600_phi25.00_logk-1.188889.png,equivalent_plastic_strain,4600,25,0.06473083,-1.18888882427963,1,4762126,860,0,0,generated
476,dabashenliu_run_476\particle_positions_150000.csv,noise_3pct\c4600_phi25.00_logk-1.188889.png,equivalent_plastic_strain,4600,25,0.06473083,-1.18888882427963,3,4762326,860,0,0,generated
476,dabashenliu_run_476\particle_positions_150000.csv,noise_5pct\c4600_phi25.00_logk-1.188889.png,equivalent_plastic_strain,4600,25,0.06473083,-1.18888882427963,5,4762526,860,0,0,generated
477,dabashenliu_run_477\particle_positions_150000.csv,noise_0pct\c4600_phi25.00_logk-0.966667.png,equivalent_plastic_strain,4600,25,0.10797753,-0.966666611293739,0,4772026,860,0,0,generated
477,dabashenliu_run_477\particle_positions_150000.csv,noise_1pct\c4600_phi25.00_logk-0.966667.png,equivalent_plastic_strain,4600,25,0.10797753,-0.966666611293739,1,4772126,860,0,0,generated
477,dabashenliu_run_477\particle_positions_150000.csv,noise_3pct\c4600_phi25.00_logk-0.966667.png,equivalent_plastic_strain,4600,25,0.10797753,-0.966666611293739,3,4772326,860,0,0,generated
477,dabashenliu_run_477\particle_positions_150000.csv,noise_5pct\c4600_phi25.00_logk-0.966667.png,equivalent_plastic_strain,4600,25,0.10797753,-0.966666611293739,5,4772526,860,0,0,generated
478,dabashenliu_run_478\particle_positions_150000.csv,noise_0pct\c4600_phi25.00_logk-0.744444.png,equivalent_plastic_strain,4600,25,0.18011737,-0.744444403052799,0,4782026,860,0,1620,generated
478,dabashenliu_run_478\particle_positions_150000.csv,noise_1pct\c4600_phi25.00_logk-0.744444.png,equivalent_plastic_strain,4600,25,0.18011737,-0.744444403052799,1,4782126,860,0,1620,generated
478,dabashenliu_run_478\particle_positions_150000.csv,noise_3pct\c4600_phi25.00_logk-0.744444.png,equivalent_plastic_strain,4600,25,0.18011737,-0.744444403052799,3,4782326,860,0,1620,generated
478,dabashenliu_run_478\particle_positions_150000.csv,noise_5pct\c4600_phi25.00_logk-0.744444.png,equivalent_plastic_strain,4600,25,0.18011737,-0.744444403052799,5,4782526,860,0,1620,generated
479,dabashenliu_run_479\particle_positions_150000.csv,noise_0pct\c4600_phi25.00_logk-0.522222.png,equivalent_plastic_strain,4600,25,0.30045387,-0.522222197678965,0,4792026,860,0,15126,generated
479,dabashenliu_run_479\particle_positions_150000.csv,noise_1pct\c4600_phi25.00_logk-0.522222.png,equivalent_plastic_strain,4600,25,0.30045387,-0.522222197678965,1,4792126,860,0,15126,generated
479,dabashenliu_run_479\particle_positions_150000.csv,noise_3pct\c4600_phi25.00_logk-0.522222.png,equivalent_plastic_strain,4600,25,0.30045387,-0.522222197678965,3,4792326,860,0,15126,generated
479,dabashenliu_run_479\particle_positions_150000.csv,noise_5pct\c4600_phi25.00_logk-0.522222.png,equivalent_plastic_strain,4600,25,0.30045387,-0.522222197678965,5,4792526,860,0,15126,generated
480,dabashenliu_run_480\particle_positions_150000.csv,noise_0pct\c4600_phi25.00_logk-0.300000.png,equivalent_plastic_strain,4600,25,0.50118726,-0.299999977147204,0,4802026,860,0,19295,generated
480,dabashenliu_run_480\particle_positions_150000.csv,noise_1pct\c4600_phi25.00_logk-0.300000.png,equivalent_plastic_strain,4600,25,0.50118726,-0.299999977147204,1,4802126,860,0,19295,generated
480,dabashenliu_run_480\particle_positions_150000.csv,noise_3pct\c4600_phi25.00_logk-0.300000.png,equivalent_plastic_strain,4600,25,0.50118726,-0.299999977147204,3,4802326,860,0,19295,generated
480,dabashenliu_run_480\particle_positions_150000.csv,noise_5pct\c4600_phi25.00_logk-0.300000.png,equivalent_plastic_strain,4600,25,0.50118726,-0.299999977147204,5,4802526,860,0,19295,generated
481,dabashenliu_run_481\particle_positions_150000.csv,noise_0pct\c4600_phi26.00_logk-2.300000.png,equivalent_plastic_strain,4600,26,0.0050118724,-2.29999999447783,0,4812026,860,0,0,generated
481,dabashenliu_run_481\particle_positions_150000.csv,noise_1pct\c4600_phi26.00_logk-2.300000.png,equivalent_plastic_strain,4600,26,0.0050118724,-2.29999999447783,1,4812126,860,0,0,generated
481,dabashenliu_run_481\particle_positions_150000.csv,noise_3pct\c4600_phi26.00_logk-2.300000.png,equivalent_plastic_strain,4600,26,0.0050118724,-2.29999999447783,3,4812326,860,0,0,generated
481,dabashenliu_run_481\particle_positions_150000.csv,noise_5pct\c4600_phi26.00_logk-2.300000.png,equivalent_plastic_strain,4600,26,0.0050118724,-2.29999999447783,5,4812526,860,0,0,generated
482,dabashenliu_run_482\particle_positions_150000.csv,noise_0pct\c4600_phi26.00_logk-2.077778.png,equivalent_plastic_strain,4600,26,0.0083603095,-2.07777764461193,0,4822026,860,0,0,generated
482,dabashenliu_run_482\particle_positions_150000.csv,noise_1pct\c4600_phi26.00_logk-2.077778.png,equivalent_plastic_strain,4600,26,0.0083603095,-2.07777764461193,1,4822126,860,0,0,generated
482,dabashenliu_run_482\particle_positions_150000.csv,noise_3pct\c4600_phi26.00_logk-2.077778.png,equivalent_plastic_strain,4600,26,0.0083603095,-2.07777764461193,3,4822326,860,0,0,generated
482,dabashenliu_run_482\particle_positions_150000.csv,noise_5pct\c4600_phi26.00_logk-2.077778.png,equivalent_plastic_strain,4600,26,0.0083603095,-2.07777764461193,5,4822526,860,0,0,generated
483,dabashenliu_run_483\particle_positions_150000.csv,noise_0pct\c4600_phi26.00_logk-1.855556.png,equivalent_plastic_strain,4600,26,0.013945831,-1.85555560201739,0,4832026,860,0,0,generated
483,dabashenliu_run_483\particle_positions_150000.csv,noise_1pct\c4600_phi26.00_logk-1.855556.png,equivalent_plastic_strain,4600,26,0.013945831,-1.85555560201739,1,4832126,860,0,0,generated
483,dabashenliu_run_483\particle_positions_150000.csv,noise_3pct\c4600_phi26.00_logk-1.855556.png,equivalent_plastic_strain,4600,26,0.013945831,-1.85555560201739,3,4832326,860,0,0,generated
483,dabashenliu_run_483\particle_positions_150000.csv,noise_5pct\c4600_phi26.00_logk-1.855556.png,equivalent_plastic_strain,4600,26,0.013945831,-1.85555560201739,5,4832526,860,0,0,generated
484,dabashenliu_run_484\particle_positions_150000.csv,noise_0pct\c4600_phi26.00_logk-1.633333.png,equivalent_plastic_strain,4600,26,0.023263052,-1.63333330853244,0,4842026,860,0,0,generated
484,dabashenliu_run_484\particle_positions_150000.csv,noise_1pct\c4600_phi26.00_logk-1.633333.png,equivalent_plastic_strain,4600,26,0.023263052,-1.63333330853244,1,4842126,860,0,0,generated
484,dabashenliu_run_484\particle_positions_150000.csv,noise_3pct\c4600_phi26.00_logk-1.633333.png,equivalent_plastic_strain,4600,26,0.023263052,-1.63333330853244,3,4842326,860,0,0,generated
484,dabashenliu_run_484\particle_positions_150000.csv,noise_5pct\c4600_phi26.00_logk-1.633333.png,equivalent_plastic_strain,4600,26,0.023263052,-1.63333330853244,5,4842526,860,0,0,generated
485,dabashenliu_run_485\particle_positions_150000.csv,noise_0pct\c4600_phi26.00_logk-1.411111.png,equivalent_plastic_strain,4600,26,0.038805105,-1.41111113709934,0,4852026,860,0,0,generated
485,dabashenliu_run_485\particle_positions_150000.csv,noise_1pct\c4600_phi26.00_logk-1.411111.png,equivalent_plastic_strain,4600,26,0.038805105,-1.41111113709934,1,4852126,860,0,0,generated
485,dabashenliu_run_485\particle_positions_150000.csv,noise_3pct\c4600_phi26.00_logk-1.411111.png,equivalent_plastic_strain,4600,26,0.038805105,-1.41111113709934,3,4852326,860,0,0,generated
485,dabashenliu_run_485\particle_positions_150000.csv,noise_5pct\c4600_phi26.00_logk-1.411111.png,equivalent_plastic_strain,4600,26,0.038805105,-1.41111113709934,5,4852526,860,0,0,generated
486,dabashenliu_run_486\particle_positions_150000.csv,noise_0pct\c4600_phi26.00_logk-1.188889.png,equivalent_plastic_strain,4600,26,0.06473083,-1.18888882427963,0,4862026,860,0,0,generated
486,dabashenliu_run_486\particle_positions_150000.csv,noise_1pct\c4600_phi26.00_logk-1.188889.png,equivalent_plastic_strain,4600,26,0.06473083,-1.18888882427963,1,4862126,860,0,0,generated
486,dabashenliu_run_486\particle_positions_150000.csv,noise_3pct\c4600_phi26.00_logk-1.188889.png,equivalent_plastic_strain,4600,26,0.06473083,-1.18888882427963,3,4862326,860,0,0,generated
486,dabashenliu_run_486\particle_positions_150000.csv,noise_5pct\c4600_phi26.00_logk-1.188889.png,equivalent_plastic_strain,4600,26,0.06473083,-1.18888882427963,5,4862526,860,0,0,generated
487,dabashenliu_run_487\particle_positions_150000.csv,noise_0pct\c4600_phi26.00_logk-0.966667.png,equivalent_plastic_strain,4600,26,0.10797753,-0.966666611293739,0,4872026,860,0,0,generated
487,dabashenliu_run_487\particle_positions_150000.csv,noise_1pct\c4600_phi26.00_logk-0.966667.png,equivalent_plastic_strain,4600,26,0.10797753,-0.966666611293739,1,4872126,860,0,0,generated
487,dabashenliu_run_487\particle_positions_150000.csv,noise_3pct\c4600_phi26.00_logk-0.966667.png,equivalent_plastic_strain,4600,26,0.10797753,-0.966666611293739,3,4872326,860,0,0,generated
487,dabashenliu_run_487\particle_positions_150000.csv,noise_5pct\c4600_phi26.00_logk-0.966667.png,equivalent_plastic_strain,4600,26,0.10797753,-0.966666611293739,5,4872526,860,0,0,generated
488,dabashenliu_run_488\particle_positions_150000.csv,noise_0pct\c4600_phi26.00_logk-0.744444.png,equivalent_plastic_strain,4600,26,0.18011737,-0.744444403052799,0,4882026,860,0,1488,generated
488,dabashenliu_run_488\particle_positions_150000.csv,noise_1pct\c4600_phi26.00_logk-0.744444.png,equivalent_plastic_strain,4600,26,0.18011737,-0.744444403052799,1,4882126,860,0,1488,generated
488,dabashenliu_run_488\particle_positions_150000.csv,noise_3pct\c4600_phi26.00_logk-0.744444.png,equivalent_plastic_strain,4600,26,0.18011737,-0.744444403052799,3,4882326,860,0,1488,generated
488,dabashenliu_run_488\particle_positions_150000.csv,noise_5pct\c4600_phi26.00_logk-0.744444.png,equivalent_plastic_strain,4600,26,0.18011737,-0.744444403052799,5,4882526,860,0,1488,generated
489,dabashenliu_run_489\particle_positions_150000.csv,noise_0pct\c4600_phi26.00_logk-0.522222.png,equivalent_plastic_strain,4600,26,0.30045387,-0.522222197678965,0,4892026,860,0,10342,generated
489,dabashenliu_run_489\particle_positions_150000.csv,noise_1pct\c4600_phi26.00_logk-0.522222.png,equivalent_plastic_strain,4600,26,0.30045387,-0.522222197678965,1,4892126,860,0,10342,generated
489,dabashenliu_run_489\particle_positions_150000.csv,noise_3pct\c4600_phi26.00_logk-0.522222.png,equivalent_plastic_strain,4600,26,0.30045387,-0.522222197678965,3,4892326,860,0,10342,generated
489,dabashenliu_run_489\particle_positions_150000.csv,noise_5pct\c4600_phi26.00_logk-0.522222.png,equivalent_plastic_strain,4600,26,0.30045387,-0.522222197678965,5,4892526,860,0,10342,generated
490,dabashenliu_run_490\particle_positions_150000.csv,noise_0pct\c4600_phi26.00_logk-0.300000.png,equivalent_plastic_strain,4600,26,0.50118726,-0.299999977147204,0,4902026,860,0,17431,generated
490,dabashenliu_run_490\particle_positions_150000.csv,noise_1pct\c4600_phi26.00_logk-0.300000.png,equivalent_plastic_strain,4600,26,0.50118726,-0.299999977147204,1,4902126,860,0,17431,generated
490,dabashenliu_run_490\particle_positions_150000.csv,noise_3pct\c4600_phi26.00_logk-0.300000.png,equivalent_plastic_strain,4600,26,0.50118726,-0.299999977147204,3,4902326,860,0,17431,generated
490,dabashenliu_run_490\particle_positions_150000.csv,noise_5pct\c4600_phi26.00_logk-0.300000.png,equivalent_plastic_strain,4600,26,0.50118726,-0.299999977147204,5,4902526,860,0,17431,generated
491,dabashenliu_run_491\particle_positions_150000.csv,noise_0pct\c4600_phi27.00_logk-2.300000.png,equivalent_plastic_strain,4600,27,0.0050118724,-2.29999999447783,0,4912026,860,0,0,generated
491,dabashenliu_run_491\particle_positions_150000.csv,noise_1pct\c4600_phi27.00_logk-2.300000.png,equivalent_plastic_strain,4600,27,0.0050118724,-2.29999999447783,1,4912126,860,0,0,generated
491,dabashenliu_run_491\particle_positions_150000.csv,noise_3pct\c4600_phi27.00_logk-2.300000.png,equivalent_plastic_strain,4600,27,0.0050118724,-2.29999999447783,3,4912326,860,0,0,generated
491,dabashenliu_run_491\particle_positions_150000.csv,noise_5pct\c4600_phi27.00_logk-2.300000.png,equivalent_plastic_strain,4600,27,0.0050118724,-2.29999999447783,5,4912526,860,0,0,generated
492,dabashenliu_run_492\particle_positions_150000.csv,noise_0pct\c4600_phi27.00_logk-2.077778.png,equivalent_plastic_strain,4600,27,0.0083603095,-2.07777764461193,0,4922026,860,0,0,generated
492,dabashenliu_run_492\particle_positions_150000.csv,noise_1pct\c4600_phi27.00_logk-2.077778.png,equivalent_plastic_strain,4600,27,0.0083603095,-2.07777764461193,1,4922126,860,0,0,generated
492,dabashenliu_run_492\particle_positions_150000.csv,noise_3pct\c4600_phi27.00_logk-2.077778.png,equivalent_plastic_strain,4600,27,0.0083603095,-2.07777764461193,3,4922326,860,0,0,generated
492,dabashenliu_run_492\particle_positions_150000.csv,noise_5pct\c4600_phi27.00_logk-2.077778.png,equivalent_plastic_strain,4600,27,0.0083603095,-2.07777764461193,5,4922526,860,0,0,generated
493,dabashenliu_run_493\particle_positions_150000.csv,noise_0pct\c4600_phi27.00_logk-1.855556.png,equivalent_plastic_strain,4600,27,0.013945831,-1.85555560201739,0,4932026,860,0,0,generated
493,dabashenliu_run_493\particle_positions_150000.csv,noise_1pct\c4600_phi27.00_logk-1.855556.png,equivalent_plastic_strain,4600,27,0.013945831,-1.85555560201739,1,4932126,860,0,0,generated
493,dabashenliu_run_493\particle_positions_150000.csv,noise_3pct\c4600_phi27.00_logk-1.855556.png,equivalent_plastic_strain,4600,27,0.013945831,-1.85555560201739,3,4932326,860,0,0,generated
493,dabashenliu_run_493\particle_positions_150000.csv,noise_5pct\c4600_phi27.00_logk-1.855556.png,equivalent_plastic_strain,4600,27,0.013945831,-1.85555560201739,5,4932526,860,0,0,generated
494,dabashenliu_run_494\particle_positions_150000.csv,noise_0pct\c4600_phi27.00_logk-1.633333.png,equivalent_plastic_strain,4600,27,0.023263052,-1.63333330853244,0,4942026,860,0,0,generated
494,dabashenliu_run_494\particle_positions_150000.csv,noise_1pct\c4600_phi27.00_logk-1.633333.png,equivalent_plastic_strain,4600,27,0.023263052,-1.63333330853244,1,4942126,860,0,0,generated
494,dabashenliu_run_494\particle_positions_150000.csv,noise_3pct\c4600_phi27.00_logk-1.633333.png,equivalent_plastic_strain,4600,27,0.023263052,-1.63333330853244,3,4942326,860,0,0,generated
494,dabashenliu_run_494\particle_positions_150000.csv,noise_5pct\c4600_phi27.00_logk-1.633333.png,equivalent_plastic_strain,4600,27,0.023263052,-1.63333330853244,5,4942526,860,0,0,generated
495,dabashenliu_run_495\particle_positions_150000.csv,noise_0pct\c4600_phi27.00_logk-1.411111.png,equivalent_plastic_strain,4600,27,0.038805105,-1.41111113709934,0,4952026,860,0,0,generated
495,dabashenliu_run_495\particle_positions_150000.csv,noise_1pct\c4600_phi27.00_logk-1.411111.png,equivalent_plastic_strain,4600,27,0.038805105,-1.41111113709934,1,4952126,860,0,0,generated
495,dabashenliu_run_495\particle_positions_150000.csv,noise_3pct\c4600_phi27.00_logk-1.411111.png,equivalent_plastic_strain,4600,27,0.038805105,-1.41111113709934,3,4952326,860,0,0,generated
495,dabashenliu_run_495\particle_positions_150000.csv,noise_5pct\c4600_phi27.00_logk-1.411111.png,equivalent_plastic_strain,4600,27,0.038805105,-1.41111113709934,5,4952526,860,0,0,generated
496,dabashenliu_run_496\particle_positions_150000.csv,noise_0pct\c4600_phi27.00_logk-1.188889.png,equivalent_plastic_strain,4600,27,0.06473083,-1.18888882427963,0,4962026,860,0,0,generated
496,dabashenliu_run_496\particle_positions_150000.csv,noise_1pct\c4600_phi27.00_logk-1.188889.png,equivalent_plastic_strain,4600,27,0.06473083,-1.18888882427963,1,4962126,860,0,0,generated
496,dabashenliu_run_496\particle_positions_150000.csv,noise_3pct\c4600_phi27.00_logk-1.188889.png,equivalent_plastic_strain,4600,27,0.06473083,-1.18888882427963,3,4962326,860,0,0,generated
496,dabashenliu_run_496\particle_positions_150000.csv,noise_5pct\c4600_phi27.00_logk-1.188889.png,equivalent_plastic_strain,4600,27,0.06473083,-1.18888882427963,5,4962526,860,0,0,generated
497,dabashenliu_run_497\particle_positions_150000.csv,noise_0pct\c4600_phi27.00_logk-0.966667.png,equivalent_plastic_strain,4600,27,0.10797753,-0.966666611293739,0,4972026,860,0,0,generated
497,dabashenliu_run_497\particle_positions_150000.csv,noise_1pct\c4600_phi27.00_logk-0.966667.png,equivalent_plastic_strain,4600,27,0.10797753,-0.966666611293739,1,4972126,860,0,0,generated
497,dabashenliu_run_497\particle_positions_150000.csv,noise_3pct\c4600_phi27.00_logk-0.966667.png,equivalent_plastic_strain,4600,27,0.10797753,-0.966666611293739,3,4972326,860,0,0,generated
497,dabashenliu_run_497\particle_positions_150000.csv,noise_5pct\c4600_phi27.00_logk-0.966667.png,equivalent_plastic_strain,4600,27,0.10797753,-0.966666611293739,5,4972526,860,0,0,generated
498,dabashenliu_run_498\particle_positions_150000.csv,noise_0pct\c4600_phi27.00_logk-0.744444.png,equivalent_plastic_strain,4600,27,0.18011737,-0.744444403052799,0,4982026,860,0,262,generated
498,dabashenliu_run_498\particle_positions_150000.csv,noise_1pct\c4600_phi27.00_logk-0.744444.png,equivalent_plastic_strain,4600,27,0.18011737,-0.744444403052799,1,4982126,860,0,262,generated
498,dabashenliu_run_498\particle_positions_150000.csv,noise_3pct\c4600_phi27.00_logk-0.744444.png,equivalent_plastic_strain,4600,27,0.18011737,-0.744444403052799,3,4982326,860,0,262,generated
498,dabashenliu_run_498\particle_positions_150000.csv,noise_5pct\c4600_phi27.00_logk-0.744444.png,equivalent_plastic_strain,4600,27,0.18011737,-0.744444403052799,5,4982526,860,0,262,generated
499,dabashenliu_run_499\particle_positions_150000.csv,noise_0pct\c4600_phi27.00_logk-0.522222.png,equivalent_plastic_strain,4600,27,0.30045387,-0.522222197678965,0,4992026,860,0,6325,generated
499,dabashenliu_run_499\particle_positions_150000.csv,noise_1pct\c4600_phi27.00_logk-0.522222.png,equivalent_plastic_strain,4600,27,0.30045387,-0.522222197678965,1,4992126,860,0,6325,generated
499,dabashenliu_run_499\particle_positions_150000.csv,noise_3pct\c4600_phi27.00_logk-0.522222.png,equivalent_plastic_strain,4600,27,0.30045387,-0.522222197678965,3,4992326,860,0,6325,generated
499,dabashenliu_run_499\particle_positions_150000.csv,noise_5pct\c4600_phi27.00_logk-0.522222.png,equivalent_plastic_strain,4600,27,0.30045387,-0.522222197678965,5,4992526,860,0,6325,generated
500,dabashenliu_run_500\particle_positions_150000.csv,noise_0pct\c4600_phi27.00_logk-0.300000.png,equivalent_plastic_strain,4600,27,0.50118726,-0.299999977147204,0,5002026,860,0,16612,generated
500,dabashenliu_run_500\particle_positions_150000.csv,noise_1pct\c4600_phi27.00_logk-0.300000.png,equivalent_plastic_strain,4600,27,0.50118726,-0.299999977147204,1,5002126,860,0,16612,generated
500,dabashenliu_run_500\particle_positions_150000.csv,noise_3pct\c4600_phi27.00_logk-0.300000.png,equivalent_plastic_strain,4600,27,0.50118726,-0.299999977147204,3,5002326,860,0,16612,generated
500,dabashenliu_run_500\particle_positions_150000.csv,noise_5pct\c4600_phi27.00_logk-0.300000.png,equivalent_plastic_strain,4600,27,0.50118726,-0.299999977147204,5,5002526,860,0,16612,generated
501,dabashenliu_run_501\particle_positions_150000.csv,noise_0pct\c5000_phi18.00_logk-2.300000.png,equivalent_plastic_strain,5000,18,0.0050118724,-2.29999999447783,0,5012026,860,0,0,generated
501,dabashenliu_run_501\particle_positions_150000.csv,noise_1pct\c5000_phi18.00_logk-2.300000.png,equivalent_plastic_strain,5000,18,0.0050118724,-2.29999999447783,1,5012126,860,0,0,generated
501,dabashenliu_run_501\particle_positions_150000.csv,noise_3pct\c5000_phi18.00_logk-2.300000.png,equivalent_plastic_strain,5000,18,0.0050118724,-2.29999999447783,3,5012326,860,0,0,generated
501,dabashenliu_run_501\particle_positions_150000.csv,noise_5pct\c5000_phi18.00_logk-2.300000.png,equivalent_plastic_strain,5000,18,0.0050118724,-2.29999999447783,5,5012526,860,0,0,generated
502,dabashenliu_run_502\particle_positions_150000.csv,noise_0pct\c5000_phi18.00_logk-2.077778.png,equivalent_plastic_strain,5000,18,0.0083603095,-2.07777764461193,0,5022026,860,0,0,generated
502,dabashenliu_run_502\particle_positions_150000.csv,noise_1pct\c5000_phi18.00_logk-2.077778.png,equivalent_plastic_strain,5000,18,0.0083603095,-2.07777764461193,1,5022126,860,0,0,generated
502,dabashenliu_run_502\particle_positions_150000.csv,noise_3pct\c5000_phi18.00_logk-2.077778.png,equivalent_plastic_strain,5000,18,0.0083603095,-2.07777764461193,3,5022326,860,0,0,generated
502,dabashenliu_run_502\particle_positions_150000.csv,noise_5pct\c5000_phi18.00_logk-2.077778.png,equivalent_plastic_strain,5000,18,0.0083603095,-2.07777764461193,5,5022526,860,0,0,generated
503,dabashenliu_run_503\particle_positions_150000.csv,noise_0pct\c5000_phi18.00_logk-1.855556.png,equivalent_plastic_strain,5000,18,0.013945831,-1.85555560201739,0,5032026,860,0,0,generated
503,dabashenliu_run_503\particle_positions_150000.csv,noise_1pct\c5000_phi18.00_logk-1.855556.png,equivalent_plastic_strain,5000,18,0.013945831,-1.85555560201739,1,5032126,860,0,0,generated
503,dabashenliu_run_503\particle_positions_150000.csv,noise_3pct\c5000_phi18.00_logk-1.855556.png,equivalent_plastic_strain,5000,18,0.013945831,-1.85555560201739,3,5032326,860,0,0,generated
503,dabashenliu_run_503\particle_positions_150000.csv,noise_5pct\c5000_phi18.00_logk-1.855556.png,equivalent_plastic_strain,5000,18,0.013945831,-1.85555560201739,5,5032526,860,0,0,generated
504,dabashenliu_run_504\particle_positions_150000.csv,noise_0pct\c5000_phi18.00_logk-1.633333.png,equivalent_plastic_strain,5000,18,0.023263052,-1.63333330853244,0,5042026,860,0,0,generated
504,dabashenliu_run_504\particle_positions_150000.csv,noise_1pct\c5000_phi18.00_logk-1.633333.png,equivalent_plastic_strain,5000,18,0.023263052,-1.63333330853244,1,5042126,860,0,0,generated
504,dabashenliu_run_504\particle_positions_150000.csv,noise_3pct\c5000_phi18.00_logk-1.633333.png,equivalent_plastic_strain,5000,18,0.023263052,-1.63333330853244,3,5042326,860,0,0,generated
504,dabashenliu_run_504\particle_positions_150000.csv,noise_5pct\c5000_phi18.00_logk-1.633333.png,equivalent_plastic_strain,5000,18,0.023263052,-1.63333330853244,5,5042526,860,0,0,generated
505,dabashenliu_run_505\particle_positions_150000.csv,noise_0pct\c5000_phi18.00_logk-1.411111.png,equivalent_plastic_strain,5000,18,0.038805105,-1.41111113709934,0,5052026,860,0,0,generated
505,dabashenliu_run_505\particle_positions_150000.csv,noise_1pct\c5000_phi18.00_logk-1.411111.png,equivalent_plastic_strain,5000,18,0.038805105,-1.41111113709934,1,5052126,860,0,0,generated
505,dabashenliu_run_505\particle_positions_150000.csv,noise_3pct\c5000_phi18.00_logk-1.411111.png,equivalent_plastic_strain,5000,18,0.038805105,-1.41111113709934,3,5052326,860,0,0,generated
505,dabashenliu_run_505\particle_positions_150000.csv,noise_5pct\c5000_phi18.00_logk-1.411111.png,equivalent_plastic_strain,5000,18,0.038805105,-1.41111113709934,5,5052526,860,0,0,generated
506,dabashenliu_run_506\particle_positions_150000.csv,noise_0pct\c5000_phi18.00_logk-1.188889.png,equivalent_plastic_strain,5000,18,0.06473083,-1.18888882427963,0,5062026,860,0,0,generated
506,dabashenliu_run_506\particle_positions_150000.csv,noise_1pct\c5000_phi18.00_logk-1.188889.png,equivalent_plastic_strain,5000,18,0.06473083,-1.18888882427963,1,5062126,860,0,0,generated
506,dabashenliu_run_506\particle_positions_150000.csv,noise_3pct\c5000_phi18.00_logk-1.188889.png,equivalent_plastic_strain,5000,18,0.06473083,-1.18888882427963,3,5062326,860,0,0,generated
506,dabashenliu_run_506\particle_positions_150000.csv,noise_5pct\c5000_phi18.00_logk-1.188889.png,equivalent_plastic_strain,5000,18,0.06473083,-1.18888882427963,5,5062526,860,0,0,generated
507,dabashenliu_run_507\particle_positions_150000.csv,noise_0pct\c5000_phi18.00_logk-0.966667.png,equivalent_plastic_strain,5000,18,0.10797753,-0.966666611293739,0,5072026,860,0,266,generated
507,dabashenliu_run_507\particle_positions_150000.csv,noise_1pct\c5000_phi18.00_logk-0.966667.png,equivalent_plastic_strain,5000,18,0.10797753,-0.966666611293739,1,5072126,860,0,266,generated
507,dabashenliu_run_507\particle_positions_150000.csv,noise_3pct\c5000_phi18.00_logk-0.966667.png,equivalent_plastic_strain,5000,18,0.10797753,-0.966666611293739,3,5072326,860,0,266,generated
507,dabashenliu_run_507\particle_positions_150000.csv,noise_5pct\c5000_phi18.00_logk-0.966667.png,equivalent_plastic_strain,5000,18,0.10797753,-0.966666611293739,5,5072526,860,0,266,generated
508,dabashenliu_run_508\particle_positions_150000.csv,noise_0pct\c5000_phi18.00_logk-0.744444.png,equivalent_plastic_strain,5000,18,0.18011737,-0.744444403052799,0,5082026,860,0,8128,generated
508,dabashenliu_run_508\particle_positions_150000.csv,noise_1pct\c5000_phi18.00_logk-0.744444.png,equivalent_plastic_strain,5000,18,0.18011737,-0.744444403052799,1,5082126,860,0,8128,generated
508,dabashenliu_run_508\particle_positions_150000.csv,noise_3pct\c5000_phi18.00_logk-0.744444.png,equivalent_plastic_strain,5000,18,0.18011737,-0.744444403052799,3,5082326,860,0,8128,generated
508,dabashenliu_run_508\particle_positions_150000.csv,noise_5pct\c5000_phi18.00_logk-0.744444.png,equivalent_plastic_strain,5000,18,0.18011737,-0.744444403052799,5,5082526,860,0,8128,generated
509,dabashenliu_run_509\particle_positions_150000.csv,noise_0pct\c5000_phi18.00_logk-0.522222.png,equivalent_plastic_strain,5000,18,0.30045387,-0.522222197678965,0,5092026,860,0,25663,generated
509,dabashenliu_run_509\particle_positions_150000.csv,noise_1pct\c5000_phi18.00_logk-0.522222.png,equivalent_plastic_strain,5000,18,0.30045387,-0.522222197678965,1,5092126,860,0,25663,generated
509,dabashenliu_run_509\particle_positions_150000.csv,noise_3pct\c5000_phi18.00_logk-0.522222.png,equivalent_plastic_strain,5000,18,0.30045387,-0.522222197678965,3,5092326,860,0,25663,generated
509,dabashenliu_run_509\particle_positions_150000.csv,noise_5pct\c5000_phi18.00_logk-0.522222.png,equivalent_plastic_strain,5000,18,0.30045387,-0.522222197678965,5,5092526,860,0,25663,generated
510,dabashenliu_run_510\particle_positions_150000.csv,noise_0pct\c5000_phi18.00_logk-0.300000.png,equivalent_plastic_strain,5000,18,0.50118726,-0.299999977147204,0,5102026,860,0,33489,generated
510,dabashenliu_run_510\particle_positions_150000.csv,noise_1pct\c5000_phi18.00_logk-0.300000.png,equivalent_plastic_strain,5000,18,0.50118726,-0.299999977147204,1,5102126,860,0,33489,generated
510,dabashenliu_run_510\particle_positions_150000.csv,noise_3pct\c5000_phi18.00_logk-0.300000.png,equivalent_plastic_strain,5000,18,0.50118726,-0.299999977147204,3,5102326,860,0,33489,generated
510,dabashenliu_run_510\particle_positions_150000.csv,noise_5pct\c5000_phi18.00_logk-0.300000.png,equivalent_plastic_strain,5000,18,0.50118726,-0.299999977147204,5,5102526,860,0,33489,generated
511,dabashenliu_run_511\particle_positions_150000.csv,noise_0pct\c5000_phi19.00_logk-2.300000.png,equivalent_plastic_strain,5000,19,0.0050118724,-2.29999999447783,0,5112026,860,0,0,generated
511,dabashenliu_run_511\particle_positions_150000.csv,noise_1pct\c5000_phi19.00_logk-2.300000.png,equivalent_plastic_strain,5000,19,0.0050118724,-2.29999999447783,1,5112126,860,0,0,generated
511,dabashenliu_run_511\particle_positions_150000.csv,noise_3pct\c5000_phi19.00_logk-2.300000.png,equivalent_plastic_strain,5000,19,0.0050118724,-2.29999999447783,3,5112326,860,0,0,generated
511,dabashenliu_run_511\particle_positions_150000.csv,noise_5pct\c5000_phi19.00_logk-2.300000.png,equivalent_plastic_strain,5000,19,0.0050118724,-2.29999999447783,5,5112526,860,0,0,generated
512,dabashenliu_run_512\particle_positions_150000.csv,noise_0pct\c5000_phi19.00_logk-2.077778.png,equivalent_plastic_strain,5000,19,0.0083603095,-2.07777764461193,0,5122026,860,0,0,generated
512,dabashenliu_run_512\particle_positions_150000.csv,noise_1pct\c5000_phi19.00_logk-2.077778.png,equivalent_plastic_strain,5000,19,0.0083603095,-2.07777764461193,1,5122126,860,0,0,generated
512,dabashenliu_run_512\particle_positions_150000.csv,noise_3pct\c5000_phi19.00_logk-2.077778.png,equivalent_plastic_strain,5000,19,0.0083603095,-2.07777764461193,3,5122326,860,0,0,generated
512,dabashenliu_run_512\particle_positions_150000.csv,noise_5pct\c5000_phi19.00_logk-2.077778.png,equivalent_plastic_strain,5000,19,0.0083603095,-2.07777764461193,5,5122526,860,0,0,generated
513,dabashenliu_run_513\particle_positions_150000.csv,noise_0pct\c5000_phi19.00_logk-1.855556.png,equivalent_plastic_strain,5000,19,0.013945831,-1.85555560201739,0,5132026,860,0,0,generated
513,dabashenliu_run_513\particle_positions_150000.csv,noise_1pct\c5000_phi19.00_logk-1.855556.png,equivalent_plastic_strain,5000,19,0.013945831,-1.85555560201739,1,5132126,860,0,0,generated
513,dabashenliu_run_513\particle_positions_150000.csv,noise_3pct\c5000_phi19.00_logk-1.855556.png,equivalent_plastic_strain,5000,19,0.013945831,-1.85555560201739,3,5132326,860,0,0,generated
513,dabashenliu_run_513\particle_positions_150000.csv,noise_5pct\c5000_phi19.00_logk-1.855556.png,equivalent_plastic_strain,5000,19,0.013945831,-1.85555560201739,5,5132526,860,0,0,generated
514,dabashenliu_run_514\particle_positions_150000.csv,noise_0pct\c5000_phi19.00_logk-1.633333.png,equivalent_plastic_strain,5000,19,0.023263052,-1.63333330853244,0,5142026,860,0,0,generated
514,dabashenliu_run_514\particle_positions_150000.csv,noise_1pct\c5000_phi19.00_logk-1.633333.png,equivalent_plastic_strain,5000,19,0.023263052,-1.63333330853244,1,5142126,860,0,0,generated
514,dabashenliu_run_514\particle_positions_150000.csv,noise_3pct\c5000_phi19.00_logk-1.633333.png,equivalent_plastic_strain,5000,19,0.023263052,-1.63333330853244,3,5142326,860,0,0,generated
514,dabashenliu_run_514\particle_positions_150000.csv,noise_5pct\c5000_phi19.00_logk-1.633333.png,equivalent_plastic_strain,5000,19,0.023263052,-1.63333330853244,5,5142526,860,0,0,generated
515,dabashenliu_run_515\particle_positions_150000.csv,noise_0pct\c5000_phi19.00_logk-1.411111.png,equivalent_plastic_strain,5000,19,0.038805105,-1.41111113709934,0,5152026,860,0,0,generated
515,dabashenliu_run_515\particle_positions_150000.csv,noise_1pct\c5000_phi19.00_logk-1.411111.png,equivalent_plastic_strain,5000,19,0.038805105,-1.41111113709934,1,5152126,860,0,0,generated
515,dabashenliu_run_515\particle_positions_150000.csv,noise_3pct\c5000_phi19.00_logk-1.411111.png,equivalent_plastic_strain,5000,19,0.038805105,-1.41111113709934,3,5152326,860,0,0,generated
515,dabashenliu_run_515\particle_positions_150000.csv,noise_5pct\c5000_phi19.00_logk-1.411111.png,equivalent_plastic_strain,5000,19,0.038805105,-1.41111113709934,5,5152526,860,0,0,generated
516,dabashenliu_run_516\particle_positions_150000.csv,noise_0pct\c5000_phi19.00_logk-1.188889.png,equivalent_plastic_strain,5000,19,0.06473083,-1.18888882427963,0,5162026,860,0,0,generated
516,dabashenliu_run_516\particle_positions_150000.csv,noise_1pct\c5000_phi19.00_logk-1.188889.png,equivalent_plastic_strain,5000,19,0.06473083,-1.18888882427963,1,5162126,860,0,0,generated
516,dabashenliu_run_516\particle_positions_150000.csv,noise_3pct\c5000_phi19.00_logk-1.188889.png,equivalent_plastic_strain,5000,19,0.06473083,-1.18888882427963,3,5162326,860,0,0,generated
516,dabashenliu_run_516\particle_positions_150000.csv,noise_5pct\c5000_phi19.00_logk-1.188889.png,equivalent_plastic_strain,5000,19,0.06473083,-1.18888882427963,5,5162526,860,0,0,generated
517,dabashenliu_run_517\particle_positions_150000.csv,noise_0pct\c5000_phi19.00_logk-0.966667.png,equivalent_plastic_strain,5000,19,0.10797753,-0.966666611293739,0,5172026,860,0,0,generated
517,dabashenliu_run_517\particle_positions_150000.csv,noise_1pct\c5000_phi19.00_logk-0.966667.png,equivalent_plastic_strain,5000,19,0.10797753,-0.966666611293739,1,5172126,860,0,0,generated
517,dabashenliu_run_517\particle_positions_150000.csv,noise_3pct\c5000_phi19.00_logk-0.966667.png,equivalent_plastic_strain,5000,19,0.10797753,-0.966666611293739,3,5172326,860,0,0,generated
517,dabashenliu_run_517\particle_positions_150000.csv,noise_5pct\c5000_phi19.00_logk-0.966667.png,equivalent_plastic_strain,5000,19,0.10797753,-0.966666611293739,5,5172526,860,0,0,generated
518,dabashenliu_run_518\particle_positions_150000.csv,noise_0pct\c5000_phi19.00_logk-0.744444.png,equivalent_plastic_strain,5000,19,0.18011737,-0.744444403052799,0,5182026,860,0,3643,generated
518,dabashenliu_run_518\particle_positions_150000.csv,noise_1pct\c5000_phi19.00_logk-0.744444.png,equivalent_plastic_strain,5000,19,0.18011737,-0.744444403052799,1,5182126,860,0,3643,generated
518,dabashenliu_run_518\particle_positions_150000.csv,noise_3pct\c5000_phi19.00_logk-0.744444.png,equivalent_plastic_strain,5000,19,0.18011737,-0.744444403052799,3,5182326,860,0,3643,generated
518,dabashenliu_run_518\particle_positions_150000.csv,noise_5pct\c5000_phi19.00_logk-0.744444.png,equivalent_plastic_strain,5000,19,0.18011737,-0.744444403052799,5,5182526,860,0,3643,generated
519,dabashenliu_run_519\particle_positions_150000.csv,noise_0pct\c5000_phi19.00_logk-0.522222.png,equivalent_plastic_strain,5000,19,0.30045387,-0.522222197678965,0,5192026,860,0,21468,generated
519,dabashenliu_run_519\particle_positions_150000.csv,noise_1pct\c5000_phi19.00_logk-0.522222.png,equivalent_plastic_strain,5000,19,0.30045387,-0.522222197678965,1,5192126,860,0,21468,generated
519,dabashenliu_run_519\particle_positions_150000.csv,noise_3pct\c5000_phi19.00_logk-0.522222.png,equivalent_plastic_strain,5000,19,0.30045387,-0.522222197678965,3,5192326,860,0,21468,generated
519,dabashenliu_run_519\particle_positions_150000.csv,noise_5pct\c5000_phi19.00_logk-0.522222.png,equivalent_plastic_strain,5000,19,0.30045387,-0.522222197678965,5,5192526,860,0,21468,generated
520,dabashenliu_run_520\particle_positions_150000.csv,noise_0pct\c5000_phi19.00_logk-0.300000.png,equivalent_plastic_strain,5000,19,0.50118726,-0.299999977147204,0,5202026,860,0,23778,generated
520,dabashenliu_run_520\particle_positions_150000.csv,noise_1pct\c5000_phi19.00_logk-0.300000.png,equivalent_plastic_strain,5000,19,0.50118726,-0.299999977147204,1,5202126,860,0,23778,generated
520,dabashenliu_run_520\particle_positions_150000.csv,noise_3pct\c5000_phi19.00_logk-0.300000.png,equivalent_plastic_strain,5000,19,0.50118726,-0.299999977147204,3,5202326,860,0,23778,generated
520,dabashenliu_run_520\particle_positions_150000.csv,noise_5pct\c5000_phi19.00_logk-0.300000.png,equivalent_plastic_strain,5000,19,0.50118726,-0.299999977147204,5,5202526,860,0,23778,generated
521,dabashenliu_run_521\particle_positions_150000.csv,noise_0pct\c5000_phi20.00_logk-2.300000.png,equivalent_plastic_strain,5000,20,0.0050118724,-2.29999999447783,0,5212026,860,0,0,generated
521,dabashenliu_run_521\particle_positions_150000.csv,noise_1pct\c5000_phi20.00_logk-2.300000.png,equivalent_plastic_strain,5000,20,0.0050118724,-2.29999999447783,1,5212126,860,0,0,generated
521,dabashenliu_run_521\particle_positions_150000.csv,noise_3pct\c5000_phi20.00_logk-2.300000.png,equivalent_plastic_strain,5000,20,0.0050118724,-2.29999999447783,3,5212326,860,0,0,generated
521,dabashenliu_run_521\particle_positions_150000.csv,noise_5pct\c5000_phi20.00_logk-2.300000.png,equivalent_plastic_strain,5000,20,0.0050118724,-2.29999999447783,5,5212526,860,0,0,generated
522,dabashenliu_run_522\particle_positions_150000.csv,noise_0pct\c5000_phi20.00_logk-2.077778.png,equivalent_plastic_strain,5000,20,0.0083603095,-2.07777764461193,0,5222026,860,0,0,generated
522,dabashenliu_run_522\particle_positions_150000.csv,noise_1pct\c5000_phi20.00_logk-2.077778.png,equivalent_plastic_strain,5000,20,0.0083603095,-2.07777764461193,1,5222126,860,0,0,generated
522,dabashenliu_run_522\particle_positions_150000.csv,noise_3pct\c5000_phi20.00_logk-2.077778.png,equivalent_plastic_strain,5000,20,0.0083603095,-2.07777764461193,3,5222326,860,0,0,generated
522,dabashenliu_run_522\particle_positions_150000.csv,noise_5pct\c5000_phi20.00_logk-2.077778.png,equivalent_plastic_strain,5000,20,0.0083603095,-2.07777764461193,5,5222526,860,0,0,generated
523,dabashenliu_run_523\particle_positions_150000.csv,noise_0pct\c5000_phi20.00_logk-1.855556.png,equivalent_plastic_strain,5000,20,0.013945831,-1.85555560201739,0,5232026,860,0,0,generated
523,dabashenliu_run_523\particle_positions_150000.csv,noise_1pct\c5000_phi20.00_logk-1.855556.png,equivalent_plastic_strain,5000,20,0.013945831,-1.85555560201739,1,5232126,860,0,0,generated
523,dabashenliu_run_523\particle_positions_150000.csv,noise_3pct\c5000_phi20.00_logk-1.855556.png,equivalent_plastic_strain,5000,20,0.013945831,-1.85555560201739,3,5232326,860,0,0,generated
523,dabashenliu_run_523\particle_positions_150000.csv,noise_5pct\c5000_phi20.00_logk-1.855556.png,equivalent_plastic_strain,5000,20,0.013945831,-1.85555560201739,5,5232526,860,0,0,generated
524,dabashenliu_run_524\particle_positions_150000.csv,noise_0pct\c5000_phi20.00_logk-1.633333.png,equivalent_plastic_strain,5000,20,0.023263052,-1.63333330853244,0,5242026,860,0,0,generated
524,dabashenliu_run_524\particle_positions_150000.csv,noise_1pct\c5000_phi20.00_logk-1.633333.png,equivalent_plastic_strain,5000,20,0.023263052,-1.63333330853244,1,5242126,860,0,0,generated
524,dabashenliu_run_524\particle_positions_150000.csv,noise_3pct\c5000_phi20.00_logk-1.633333.png,equivalent_plastic_strain,5000,20,0.023263052,-1.63333330853244,3,5242326,860,0,0,generated
524,dabashenliu_run_524\particle_positions_150000.csv,noise_5pct\c5000_phi20.00_logk-1.633333.png,equivalent_plastic_strain,5000,20,0.023263052,-1.63333330853244,5,5242526,860,0,0,generated
525,dabashenliu_run_525\particle_positions_150000.csv,noise_0pct\c5000_phi20.00_logk-1.411111.png,equivalent_plastic_strain,5000,20,0.038805105,-1.41111113709934,0,5252026,860,0,0,generated
525,dabashenliu_run_525\particle_positions_150000.csv,noise_1pct\c5000_phi20.00_logk-1.411111.png,equivalent_plastic_strain,5000,20,0.038805105,-1.41111113709934,1,5252126,860,0,0,generated
525,dabashenliu_run_525\particle_positions_150000.csv,noise_3pct\c5000_phi20.00_logk-1.411111.png,equivalent_plastic_strain,5000,20,0.038805105,-1.41111113709934,3,5252326,860,0,0,generated
525,dabashenliu_run_525\particle_positions_150000.csv,noise_5pct\c5000_phi20.00_logk-1.411111.png,equivalent_plastic_strain,5000,20,0.038805105,-1.41111113709934,5,5252526,860,0,0,generated
526,dabashenliu_run_526\particle_positions_150000.csv,noise_0pct\c5000_phi20.00_logk-1.188889.png,equivalent_plastic_strain,5000,20,0.06473083,-1.18888882427963,0,5262026,860,0,0,generated
526,dabashenliu_run_526\particle_positions_150000.csv,noise_1pct\c5000_phi20.00_logk-1.188889.png,equivalent_plastic_strain,5000,20,0.06473083,-1.18888882427963,1,5262126,860,0,0,generated
526,dabashenliu_run_526\particle_positions_150000.csv,noise_3pct\c5000_phi20.00_logk-1.188889.png,equivalent_plastic_strain,5000,20,0.06473083,-1.18888882427963,3,5262326,860,0,0,generated
526,dabashenliu_run_526\particle_positions_150000.csv,noise_5pct\c5000_phi20.00_logk-1.188889.png,equivalent_plastic_strain,5000,20,0.06473083,-1.18888882427963,5,5262526,860,0,0,generated
527,dabashenliu_run_527\particle_positions_150000.csv,noise_0pct\c5000_phi20.00_logk-0.966667.png,equivalent_plastic_strain,5000,20,0.10797753,-0.966666611293739,0,5272026,860,0,0,generated
527,dabashenliu_run_527\particle_positions_150000.csv,noise_1pct\c5000_phi20.00_logk-0.966667.png,equivalent_plastic_strain,5000,20,0.10797753,-0.966666611293739,1,5272126,860,0,0,generated
527,dabashenliu_run_527\particle_positions_150000.csv,noise_3pct\c5000_phi20.00_logk-0.966667.png,equivalent_plastic_strain,5000,20,0.10797753,-0.966666611293739,3,5272326,860,0,0,generated
527,dabashenliu_run_527\particle_positions_150000.csv,noise_5pct\c5000_phi20.00_logk-0.966667.png,equivalent_plastic_strain,5000,20,0.10797753,-0.966666611293739,5,5272526,860,0,0,generated
528,dabashenliu_run_528\particle_positions_150000.csv,noise_0pct\c5000_phi20.00_logk-0.744444.png,equivalent_plastic_strain,5000,20,0.18011737,-0.744444403052799,0,5282026,860,0,2474,generated
528,dabashenliu_run_528\particle_positions_150000.csv,noise_1pct\c5000_phi20.00_logk-0.744444.png,equivalent_plastic_strain,5000,20,0.18011737,-0.744444403052799,1,5282126,860,0,2474,generated
528,dabashenliu_run_528\particle_positions_150000.csv,noise_3pct\c5000_phi20.00_logk-0.744444.png,equivalent_plastic_strain,5000,20,0.18011737,-0.744444403052799,3,5282326,860,0,2474,generated
528,dabashenliu_run_528\particle_positions_150000.csv,noise_5pct\c5000_phi20.00_logk-0.744444.png,equivalent_plastic_strain,5000,20,0.18011737,-0.744444403052799,5,5282526,860,0,2474,generated
529,dabashenliu_run_529\particle_positions_150000.csv,noise_0pct\c5000_phi20.00_logk-0.522222.png,equivalent_plastic_strain,5000,20,0.30045387,-0.522222197678965,0,5292026,860,0,16060,generated
529,dabashenliu_run_529\particle_positions_150000.csv,noise_1pct\c5000_phi20.00_logk-0.522222.png,equivalent_plastic_strain,5000,20,0.30045387,-0.522222197678965,1,5292126,860,0,16060,generated
529,dabashenliu_run_529\particle_positions_150000.csv,noise_3pct\c5000_phi20.00_logk-0.522222.png,equivalent_plastic_strain,5000,20,0.30045387,-0.522222197678965,3,5292326,860,0,16060,generated
529,dabashenliu_run_529\particle_positions_150000.csv,noise_5pct\c5000_phi20.00_logk-0.522222.png,equivalent_plastic_strain,5000,20,0.30045387,-0.522222197678965,5,5292526,860,0,16060,generated
530,dabashenliu_run_530\particle_positions_150000.csv,noise_0pct\c5000_phi20.00_logk-0.300000.png,equivalent_plastic_strain,5000,20,0.50118726,-0.299999977147204,0,5302026,860,0,28864,generated
530,dabashenliu_run_530\particle_positions_150000.csv,noise_1pct\c5000_phi20.00_logk-0.300000.png,equivalent_plastic_strain,5000,20,0.50118726,-0.299999977147204,1,5302126,860,0,28864,generated
530,dabashenliu_run_530\particle_positions_150000.csv,noise_3pct\c5000_phi20.00_logk-0.300000.png,equivalent_plastic_strain,5000,20,0.50118726,-0.299999977147204,3,5302326,860,0,28864,generated
530,dabashenliu_run_530\particle_positions_150000.csv,noise_5pct\c5000_phi20.00_logk-0.300000.png,equivalent_plastic_strain,5000,20,0.50118726,-0.299999977147204,5,5302526,860,0,28864,generated
531,dabashenliu_run_531\particle_positions_150000.csv,noise_0pct\c5000_phi21.00_logk-2.300000.png,equivalent_plastic_strain,5000,21,0.0050118724,-2.29999999447783,0,5312026,860,0,0,generated
531,dabashenliu_run_531\particle_positions_150000.csv,noise_1pct\c5000_phi21.00_logk-2.300000.png,equivalent_plastic_strain,5000,21,0.0050118724,-2.29999999447783,1,5312126,860,0,0,generated
531,dabashenliu_run_531\particle_positions_150000.csv,noise_3pct\c5000_phi21.00_logk-2.300000.png,equivalent_plastic_strain,5000,21,0.0050118724,-2.29999999447783,3,5312326,860,0,0,generated
531,dabashenliu_run_531\particle_positions_150000.csv,noise_5pct\c5000_phi21.00_logk-2.300000.png,equivalent_plastic_strain,5000,21,0.0050118724,-2.29999999447783,5,5312526,860,0,0,generated
532,dabashenliu_run_532\particle_positions_150000.csv,noise_0pct\c5000_phi21.00_logk-2.077778.png,equivalent_plastic_strain,5000,21,0.0083603095,-2.07777764461193,0,5322026,860,0,0,generated
532,dabashenliu_run_532\particle_positions_150000.csv,noise_1pct\c5000_phi21.00_logk-2.077778.png,equivalent_plastic_strain,5000,21,0.0083603095,-2.07777764461193,1,5322126,860,0,0,generated
532,dabashenliu_run_532\particle_positions_150000.csv,noise_3pct\c5000_phi21.00_logk-2.077778.png,equivalent_plastic_strain,5000,21,0.0083603095,-2.07777764461193,3,5322326,860,0,0,generated
532,dabashenliu_run_532\particle_positions_150000.csv,noise_5pct\c5000_phi21.00_logk-2.077778.png,equivalent_plastic_strain,5000,21,0.0083603095,-2.07777764461193,5,5322526,860,0,0,generated
533,dabashenliu_run_533\particle_positions_150000.csv,noise_0pct\c5000_phi21.00_logk-1.855556.png,equivalent_plastic_strain,5000,21,0.013945831,-1.85555560201739,0,5332026,860,0,0,generated
533,dabashenliu_run_533\particle_positions_150000.csv,noise_1pct\c5000_phi21.00_logk-1.855556.png,equivalent_plastic_strain,5000,21,0.013945831,-1.85555560201739,1,5332126,860,0,0,generated
533,dabashenliu_run_533\particle_positions_150000.csv,noise_3pct\c5000_phi21.00_logk-1.855556.png,equivalent_plastic_strain,5000,21,0.013945831,-1.85555560201739,3,5332326,860,0,0,generated
533,dabashenliu_run_533\particle_positions_150000.csv,noise_5pct\c5000_phi21.00_logk-1.855556.png,equivalent_plastic_strain,5000,21,0.013945831,-1.85555560201739,5,5332526,860,0,0,generated
534,dabashenliu_run_534\particle_positions_150000.csv,noise_0pct\c5000_phi21.00_logk-1.633333.png,equivalent_plastic_strain,5000,21,0.023263052,-1.63333330853244,0,5342026,860,0,0,generated
534,dabashenliu_run_534\particle_positions_150000.csv,noise_1pct\c5000_phi21.00_logk-1.633333.png,equivalent_plastic_strain,5000,21,0.023263052,-1.63333330853244,1,5342126,860,0,0,generated
534,dabashenliu_run_534\particle_positions_150000.csv,noise_3pct\c5000_phi21.00_logk-1.633333.png,equivalent_plastic_strain,5000,21,0.023263052,-1.63333330853244,3,5342326,860,0,0,generated
534,dabashenliu_run_534\particle_positions_150000.csv,noise_5pct\c5000_phi21.00_logk-1.633333.png,equivalent_plastic_strain,5000,21,0.023263052,-1.63333330853244,5,5342526,860,0,0,generated
535,dabashenliu_run_535\particle_positions_150000.csv,noise_0pct\c5000_phi21.00_logk-1.411111.png,equivalent_plastic_strain,5000,21,0.038805105,-1.41111113709934,0,5352026,860,0,0,generated
535,dabashenliu_run_535\particle_positions_150000.csv,noise_1pct\c5000_phi21.00_logk-1.411111.png,equivalent_plastic_strain,5000,21,0.038805105,-1.41111113709934,1,5352126,860,0,0,generated
535,dabashenliu_run_535\particle_positions_150000.csv,noise_3pct\c5000_phi21.00_logk-1.411111.png,equivalent_plastic_strain,5000,21,0.038805105,-1.41111113709934,3,5352326,860,0,0,generated
535,dabashenliu_run_535\particle_positions_150000.csv,noise_5pct\c5000_phi21.00_logk-1.411111.png,equivalent_plastic_strain,5000,21,0.038805105,-1.41111113709934,5,5352526,860,0,0,generated
536,dabashenliu_run_536\particle_positions_150000.csv,noise_0pct\c5000_phi21.00_logk-1.188889.png,equivalent_plastic_strain,5000,21,0.06473083,-1.18888882427963,0,5362026,860,0,0,generated
536,dabashenliu_run_536\particle_positions_150000.csv,noise_1pct\c5000_phi21.00_logk-1.188889.png,equivalent_plastic_strain,5000,21,0.06473083,-1.18888882427963,1,5362126,860,0,0,generated
536,dabashenliu_run_536\particle_positions_150000.csv,noise_3pct\c5000_phi21.00_logk-1.188889.png,equivalent_plastic_strain,5000,21,0.06473083,-1.18888882427963,3,5362326,860,0,0,generated
536,dabashenliu_run_536\particle_positions_150000.csv,noise_5pct\c5000_phi21.00_logk-1.188889.png,equivalent_plastic_strain,5000,21,0.06473083,-1.18888882427963,5,5362526,860,0,0,generated
537,dabashenliu_run_537\particle_positions_150000.csv,noise_0pct\c5000_phi21.00_logk-0.966667.png,equivalent_plastic_strain,5000,21,0.10797753,-0.966666611293739,0,5372026,860,0,0,generated
537,dabashenliu_run_537\particle_positions_150000.csv,noise_1pct\c5000_phi21.00_logk-0.966667.png,equivalent_plastic_strain,5000,21,0.10797753,-0.966666611293739,1,5372126,860,0,0,generated
537,dabashenliu_run_537\particle_positions_150000.csv,noise_3pct\c5000_phi21.00_logk-0.966667.png,equivalent_plastic_strain,5000,21,0.10797753,-0.966666611293739,3,5372326,860,0,0,generated
537,dabashenliu_run_537\particle_positions_150000.csv,noise_5pct\c5000_phi21.00_logk-0.966667.png,equivalent_plastic_strain,5000,21,0.10797753,-0.966666611293739,5,5372526,860,0,0,generated
538,dabashenliu_run_538\particle_positions_150000.csv,noise_0pct\c5000_phi21.00_logk-0.744444.png,equivalent_plastic_strain,5000,21,0.18011737,-0.744444403052799,0,5382026,860,0,3872,generated
538,dabashenliu_run_538\particle_positions_150000.csv,noise_1pct\c5000_phi21.00_logk-0.744444.png,equivalent_plastic_strain,5000,21,0.18011737,-0.744444403052799,1,5382126,860,0,3872,generated
538,dabashenliu_run_538\particle_positions_150000.csv,noise_3pct\c5000_phi21.00_logk-0.744444.png,equivalent_plastic_strain,5000,21,0.18011737,-0.744444403052799,3,5382326,860,0,3872,generated
538,dabashenliu_run_538\particle_positions_150000.csv,noise_5pct\c5000_phi21.00_logk-0.744444.png,equivalent_plastic_strain,5000,21,0.18011737,-0.744444403052799,5,5382526,860,0,3872,generated
539,dabashenliu_run_539\particle_positions_150000.csv,noise_0pct\c5000_phi21.00_logk-0.522222.png,equivalent_plastic_strain,5000,21,0.30045387,-0.522222197678965,0,5392026,860,0,14980,generated
539,dabashenliu_run_539\particle_positions_150000.csv,noise_1pct\c5000_phi21.00_logk-0.522222.png,equivalent_plastic_strain,5000,21,0.30045387,-0.522222197678965,1,5392126,860,0,14980,generated
539,dabashenliu_run_539\particle_positions_150000.csv,noise_3pct\c5000_phi21.00_logk-0.522222.png,equivalent_plastic_strain,5000,21,0.30045387,-0.522222197678965,3,5392326,860,0,14980,generated
539,dabashenliu_run_539\particle_positions_150000.csv,noise_5pct\c5000_phi21.00_logk-0.522222.png,equivalent_plastic_strain,5000,21,0.30045387,-0.522222197678965,5,5392526,860,0,14980,generated
540,dabashenliu_run_540\particle_positions_150000.csv,noise_0pct\c5000_phi21.00_logk-0.300000.png,equivalent_plastic_strain,5000,21,0.50118726,-0.299999977147204,0,5402026,860,0,24192,generated
540,dabashenliu_run_540\particle_positions_150000.csv,noise_1pct\c5000_phi21.00_logk-0.300000.png,equivalent_plastic_strain,5000,21,0.50118726,-0.299999977147204,1,5402126,860,0,24192,generated
540,dabashenliu_run_540\particle_positions_150000.csv,noise_3pct\c5000_phi21.00_logk-0.300000.png,equivalent_plastic_strain,5000,21,0.50118726,-0.299999977147204,3,5402326,860,0,24192,generated
540,dabashenliu_run_540\particle_positions_150000.csv,noise_5pct\c5000_phi21.00_logk-0.300000.png,equivalent_plastic_strain,5000,21,0.50118726,-0.299999977147204,5,5402526,860,0,24192,generated
541,dabashenliu_run_541\particle_positions_150000.csv,noise_0pct\c5000_phi22.00_logk-2.300000.png,equivalent_plastic_strain,5000,22,0.0050118724,-2.29999999447783,0,5412026,860,0,0,generated
541,dabashenliu_run_541\particle_positions_150000.csv,noise_1pct\c5000_phi22.00_logk-2.300000.png,equivalent_plastic_strain,5000,22,0.0050118724,-2.29999999447783,1,5412126,860,0,0,generated
541,dabashenliu_run_541\particle_positions_150000.csv,noise_3pct\c5000_phi22.00_logk-2.300000.png,equivalent_plastic_strain,5000,22,0.0050118724,-2.29999999447783,3,5412326,860,0,0,generated
541,dabashenliu_run_541\particle_positions_150000.csv,noise_5pct\c5000_phi22.00_logk-2.300000.png,equivalent_plastic_strain,5000,22,0.0050118724,-2.29999999447783,5,5412526,860,0,0,generated
542,dabashenliu_run_542\particle_positions_150000.csv,noise_0pct\c5000_phi22.00_logk-2.077778.png,equivalent_plastic_strain,5000,22,0.0083603095,-2.07777764461193,0,5422026,860,0,0,generated
542,dabashenliu_run_542\particle_positions_150000.csv,noise_1pct\c5000_phi22.00_logk-2.077778.png,equivalent_plastic_strain,5000,22,0.0083603095,-2.07777764461193,1,5422126,860,0,0,generated
542,dabashenliu_run_542\particle_positions_150000.csv,noise_3pct\c5000_phi22.00_logk-2.077778.png,equivalent_plastic_strain,5000,22,0.0083603095,-2.07777764461193,3,5422326,860,0,0,generated
542,dabashenliu_run_542\particle_positions_150000.csv,noise_5pct\c5000_phi22.00_logk-2.077778.png,equivalent_plastic_strain,5000,22,0.0083603095,-2.07777764461193,5,5422526,860,0,0,generated
543,dabashenliu_run_543\particle_positions_150000.csv,noise_0pct\c5000_phi22.00_logk-1.855556.png,equivalent_plastic_strain,5000,22,0.013945831,-1.85555560201739,0,5432026,860,0,0,generated
543,dabashenliu_run_543\particle_positions_150000.csv,noise_1pct\c5000_phi22.00_logk-1.855556.png,equivalent_plastic_strain,5000,22,0.013945831,-1.85555560201739,1,5432126,860,0,0,generated
543,dabashenliu_run_543\particle_positions_150000.csv,noise_3pct\c5000_phi22.00_logk-1.855556.png,equivalent_plastic_strain,5000,22,0.013945831,-1.85555560201739,3,5432326,860,0,0,generated
543,dabashenliu_run_543\particle_positions_150000.csv,noise_5pct\c5000_phi22.00_logk-1.855556.png,equivalent_plastic_strain,5000,22,0.013945831,-1.85555560201739,5,5432526,860,0,0,generated
544,dabashenliu_run_544\particle_positions_150000.csv,noise_0pct\c5000_phi22.00_logk-1.633333.png,equivalent_plastic_strain,5000,22,0.023263052,-1.63333330853244,0,5442026,860,0,0,generated
544,dabashenliu_run_544\particle_positions_150000.csv,noise_1pct\c5000_phi22.00_logk-1.633333.png,equivalent_plastic_strain,5000,22,0.023263052,-1.63333330853244,1,5442126,860,0,0,generated
544,dabashenliu_run_544\particle_positions_150000.csv,noise_3pct\c5000_phi22.00_logk-1.633333.png,equivalent_plastic_strain,5000,22,0.023263052,-1.63333330853244,3,5442326,860,0,0,generated
544,dabashenliu_run_544\particle_positions_150000.csv,noise_5pct\c5000_phi22.00_logk-1.633333.png,equivalent_plastic_strain,5000,22,0.023263052,-1.63333330853244,5,5442526,860,0,0,generated
545,dabashenliu_run_545\particle_positions_150000.csv,noise_0pct\c5000_phi22.00_logk-1.411111.png,equivalent_plastic_strain,5000,22,0.038805105,-1.41111113709934,0,5452026,860,0,0,generated
545,dabashenliu_run_545\particle_positions_150000.csv,noise_1pct\c5000_phi22.00_logk-1.411111.png,equivalent_plastic_strain,5000,22,0.038805105,-1.41111113709934,1,5452126,860,0,0,generated
545,dabashenliu_run_545\particle_positions_150000.csv,noise_3pct\c5000_phi22.00_logk-1.411111.png,equivalent_plastic_strain,5000,22,0.038805105,-1.41111113709934,3,5452326,860,0,0,generated
545,dabashenliu_run_545\particle_positions_150000.csv,noise_5pct\c5000_phi22.00_logk-1.411111.png,equivalent_plastic_strain,5000,22,0.038805105,-1.41111113709934,5,5452526,860,0,0,generated
546,dabashenliu_run_546\particle_positions_150000.csv,noise_0pct\c5000_phi22.00_logk-1.188889.png,equivalent_plastic_strain,5000,22,0.06473083,-1.18888882427963,0,5462026,860,0,0,generated
546,dabashenliu_run_546\particle_positions_150000.csv,noise_1pct\c5000_phi22.00_logk-1.188889.png,equivalent_plastic_strain,5000,22,0.06473083,-1.18888882427963,1,5462126,860,0,0,generated
546,dabashenliu_run_546\particle_positions_150000.csv,noise_3pct\c5000_phi22.00_logk-1.188889.png,equivalent_plastic_strain,5000,22,0.06473083,-1.18888882427963,3,5462326,860,0,0,generated
546,dabashenliu_run_546\particle_positions_150000.csv,noise_5pct\c5000_phi22.00_logk-1.188889.png,equivalent_plastic_strain,5000,22,0.06473083,-1.18888882427963,5,5462526,860,0,0,generated
547,dabashenliu_run_547\particle_positions_150000.csv,noise_0pct\c5000_phi22.00_logk-0.966667.png,equivalent_plastic_strain,5000,22,0.10797753,-0.966666611293739,0,5472026,860,0,0,generated
547,dabashenliu_run_547\particle_positions_150000.csv,noise_1pct\c5000_phi22.00_logk-0.966667.png,equivalent_plastic_strain,5000,22,0.10797753,-0.966666611293739,1,5472126,860,0,0,generated
547,dabashenliu_run_547\particle_positions_150000.csv,noise_3pct\c5000_phi22.00_logk-0.966667.png,equivalent_plastic_strain,5000,22,0.10797753,-0.966666611293739,3,5472326,860,0,0,generated
547,dabashenliu_run_547\particle_positions_150000.csv,noise_5pct\c5000_phi22.00_logk-0.966667.png,equivalent_plastic_strain,5000,22,0.10797753,-0.966666611293739,5,5472526,860,0,0,generated
548,dabashenliu_run_548\particle_positions_150000.csv,noise_0pct\c5000_phi22.00_logk-0.744444.png,equivalent_plastic_strain,5000,22,0.18011737,-0.744444403052799,0,5482026,860,0,2647,generated
548,dabashenliu_run_548\particle_positions_150000.csv,noise_1pct\c5000_phi22.00_logk-0.744444.png,equivalent_plastic_strain,5000,22,0.18011737,-0.744444403052799,1,5482126,860,0,2647,generated
548,dabashenliu_run_548\particle_positions_150000.csv,noise_3pct\c5000_phi22.00_logk-0.744444.png,equivalent_plastic_strain,5000,22,0.18011737,-0.744444403052799,3,5482326,860,0,2647,generated
548,dabashenliu_run_548\particle_positions_150000.csv,noise_5pct\c5000_phi22.00_logk-0.744444.png,equivalent_plastic_strain,5000,22,0.18011737,-0.744444403052799,5,5482526,860,0,2647,generated
549,dabashenliu_run_549\particle_positions_150000.csv,noise_0pct\c5000_phi22.00_logk-0.522222.png,equivalent_plastic_strain,5000,22,0.30045387,-0.522222197678965,0,5492026,860,0,7218,generated
549,dabashenliu_run_549\particle_positions_150000.csv,noise_1pct\c5000_phi22.00_logk-0.522222.png,equivalent_plastic_strain,5000,22,0.30045387,-0.522222197678965,1,5492126,860,0,7218,generated
549,dabashenliu_run_549\particle_positions_150000.csv,noise_3pct\c5000_phi22.00_logk-0.522222.png,equivalent_plastic_strain,5000,22,0.30045387,-0.522222197678965,3,5492326,860,0,7218,generated
549,dabashenliu_run_549\particle_positions_150000.csv,noise_5pct\c5000_phi22.00_logk-0.522222.png,equivalent_plastic_strain,5000,22,0.30045387,-0.522222197678965,5,5492526,860,0,7218,generated
550,dabashenliu_run_550\particle_positions_150000.csv,noise_0pct\c5000_phi22.00_logk-0.300000.png,equivalent_plastic_strain,5000,22,0.50118726,-0.299999977147204,0,5502026,860,0,20531,generated
550,dabashenliu_run_550\particle_positions_150000.csv,noise_1pct\c5000_phi22.00_logk-0.300000.png,equivalent_plastic_strain,5000,22,0.50118726,-0.299999977147204,1,5502126,860,0,20531,generated
550,dabashenliu_run_550\particle_positions_150000.csv,noise_3pct\c5000_phi22.00_logk-0.300000.png,equivalent_plastic_strain,5000,22,0.50118726,-0.299999977147204,3,5502326,860,0,20531,generated
550,dabashenliu_run_550\particle_positions_150000.csv,noise_5pct\c5000_phi22.00_logk-0.300000.png,equivalent_plastic_strain,5000,22,0.50118726,-0.299999977147204,5,5502526,860,0,20531,generated
551,dabashenliu_run_551\particle_positions_150000.csv,noise_0pct\c5000_phi23.00_logk-2.300000.png,equivalent_plastic_strain,5000,23,0.0050118724,-2.29999999447783,0,5512026,860,0,0,generated
551,dabashenliu_run_551\particle_positions_150000.csv,noise_1pct\c5000_phi23.00_logk-2.300000.png,equivalent_plastic_strain,5000,23,0.0050118724,-2.29999999447783,1,5512126,860,0,0,generated
551,dabashenliu_run_551\particle_positions_150000.csv,noise_3pct\c5000_phi23.00_logk-2.300000.png,equivalent_plastic_strain,5000,23,0.0050118724,-2.29999999447783,3,5512326,860,0,0,generated
551,dabashenliu_run_551\particle_positions_150000.csv,noise_5pct\c5000_phi23.00_logk-2.300000.png,equivalent_plastic_strain,5000,23,0.0050118724,-2.29999999447783,5,5512526,860,0,0,generated
552,dabashenliu_run_552\particle_positions_150000.csv,noise_0pct\c5000_phi23.00_logk-2.077778.png,equivalent_plastic_strain,5000,23,0.0083603095,-2.07777764461193,0,5522026,860,0,0,generated
552,dabashenliu_run_552\particle_positions_150000.csv,noise_1pct\c5000_phi23.00_logk-2.077778.png,equivalent_plastic_strain,5000,23,0.0083603095,-2.07777764461193,1,5522126,860,0,0,generated
552,dabashenliu_run_552\particle_positions_150000.csv,noise_3pct\c5000_phi23.00_logk-2.077778.png,equivalent_plastic_strain,5000,23,0.0083603095,-2.07777764461193,3,5522326,860,0,0,generated
552,dabashenliu_run_552\particle_positions_150000.csv,noise_5pct\c5000_phi23.00_logk-2.077778.png,equivalent_plastic_strain,5000,23,0.0083603095,-2.07777764461193,5,5522526,860,0,0,generated
553,dabashenliu_run_553\particle_positions_150000.csv,noise_0pct\c5000_phi23.00_logk-1.855556.png,equivalent_plastic_strain,5000,23,0.013945831,-1.85555560201739,0,5532026,860,0,0,generated
553,dabashenliu_run_553\particle_positions_150000.csv,noise_1pct\c5000_phi23.00_logk-1.855556.png,equivalent_plastic_strain,5000,23,0.013945831,-1.85555560201739,1,5532126,860,0,0,generated
553,dabashenliu_run_553\particle_positions_150000.csv,noise_3pct\c5000_phi23.00_logk-1.855556.png,equivalent_plastic_strain,5000,23,0.013945831,-1.85555560201739,3,5532326,860,0,0,generated
553,dabashenliu_run_553\particle_positions_150000.csv,noise_5pct\c5000_phi23.00_logk-1.855556.png,equivalent_plastic_strain,5000,23,0.013945831,-1.85555560201739,5,5532526,860,0,0,generated
554,dabashenliu_run_554\particle_positions_150000.csv,noise_0pct\c5000_phi23.00_logk-1.633333.png,equivalent_plastic_strain,5000,23,0.023263052,-1.63333330853244,0,5542026,860,0,0,generated
554,dabashenliu_run_554\particle_positions_150000.csv,noise_1pct\c5000_phi23.00_logk-1.633333.png,equivalent_plastic_strain,5000,23,0.023263052,-1.63333330853244,1,5542126,860,0,0,generated
554,dabashenliu_run_554\particle_positions_150000.csv,noise_3pct\c5000_phi23.00_logk-1.633333.png,equivalent_plastic_strain,5000,23,0.023263052,-1.63333330853244,3,5542326,860,0,0,generated
554,dabashenliu_run_554\particle_positions_150000.csv,noise_5pct\c5000_phi23.00_logk-1.633333.png,equivalent_plastic_strain,5000,23,0.023263052,-1.63333330853244,5,5542526,860,0,0,generated
555,dabashenliu_run_555\particle_positions_150000.csv,noise_0pct\c5000_phi23.00_logk-1.411111.png,equivalent_plastic_strain,5000,23,0.038805105,-1.41111113709934,0,5552026,860,0,0,generated
555,dabashenliu_run_555\particle_positions_150000.csv,noise_1pct\c5000_phi23.00_logk-1.411111.png,equivalent_plastic_strain,5000,23,0.038805105,-1.41111113709934,1,5552126,860,0,0,generated
555,dabashenliu_run_555\particle_positions_150000.csv,noise_3pct\c5000_phi23.00_logk-1.411111.png,equivalent_plastic_strain,5000,23,0.038805105,-1.41111113709934,3,5552326,860,0,0,generated
555,dabashenliu_run_555\particle_positions_150000.csv,noise_5pct\c5000_phi23.00_logk-1.411111.png,equivalent_plastic_strain,5000,23,0.038805105,-1.41111113709934,5,5552526,860,0,0,generated
556,dabashenliu_run_556\particle_positions_150000.csv,noise_0pct\c5000_phi23.00_logk-1.188889.png,equivalent_plastic_strain,5000,23,0.06473083,-1.18888882427963,0,5562026,860,0,0,generated
556,dabashenliu_run_556\particle_positions_150000.csv,noise_1pct\c5000_phi23.00_logk-1.188889.png,equivalent_plastic_strain,5000,23,0.06473083,-1.18888882427963,1,5562126,860,0,0,generated
556,dabashenliu_run_556\particle_positions_150000.csv,noise_3pct\c5000_phi23.00_logk-1.188889.png,equivalent_plastic_strain,5000,23,0.06473083,-1.18888882427963,3,5562326,860,0,0,generated
556,dabashenliu_run_556\particle_positions_150000.csv,noise_5pct\c5000_phi23.00_logk-1.188889.png,equivalent_plastic_strain,5000,23,0.06473083,-1.18888882427963,5,5562526,860,0,0,generated
557,dabashenliu_run_557\particle_positions_150000.csv,noise_0pct\c5000_phi23.00_logk-0.966667.png,equivalent_plastic_strain,5000,23,0.10797753,-0.966666611293739,0,5572026,860,0,0,generated
557,dabashenliu_run_557\particle_positions_150000.csv,noise_1pct\c5000_phi23.00_logk-0.966667.png,equivalent_plastic_strain,5000,23,0.10797753,-0.966666611293739,1,5572126,860,0,0,generated
557,dabashenliu_run_557\particle_positions_150000.csv,noise_3pct\c5000_phi23.00_logk-0.966667.png,equivalent_plastic_strain,5000,23,0.10797753,-0.966666611293739,3,5572326,860,0,0,generated
557,dabashenliu_run_557\particle_positions_150000.csv,noise_5pct\c5000_phi23.00_logk-0.966667.png,equivalent_plastic_strain,5000,23,0.10797753,-0.966666611293739,5,5572526,860,0,0,generated
558,dabashenliu_run_558\particle_positions_150000.csv,noise_0pct\c5000_phi23.00_logk-0.744444.png,equivalent_plastic_strain,5000,23,0.18011737,-0.744444403052799,0,5582026,860,0,1201,generated
558,dabashenliu_run_558\particle_positions_150000.csv,noise_1pct\c5000_phi23.00_logk-0.744444.png,equivalent_plastic_strain,5000,23,0.18011737,-0.744444403052799,1,5582126,860,0,1201,generated
558,dabashenliu_run_558\particle_positions_150000.csv,noise_3pct\c5000_phi23.00_logk-0.744444.png,equivalent_plastic_strain,5000,23,0.18011737,-0.744444403052799,3,5582326,860,0,1201,generated
558,dabashenliu_run_558\particle_positions_150000.csv,noise_5pct\c5000_phi23.00_logk-0.744444.png,equivalent_plastic_strain,5000,23,0.18011737,-0.744444403052799,5,5582526,860,0,1201,generated
559,dabashenliu_run_559\particle_positions_150000.csv,noise_0pct\c5000_phi23.00_logk-0.522222.png,equivalent_plastic_strain,5000,23,0.30045387,-0.522222197678965,0,5592026,860,0,8321,generated
559,dabashenliu_run_559\particle_positions_150000.csv,noise_1pct\c5000_phi23.00_logk-0.522222.png,equivalent_plastic_strain,5000,23,0.30045387,-0.522222197678965,1,5592126,860,0,8321,generated
559,dabashenliu_run_559\particle_positions_150000.csv,noise_3pct\c5000_phi23.00_logk-0.522222.png,equivalent_plastic_strain,5000,23,0.30045387,-0.522222197678965,3,5592326,860,0,8321,generated
559,dabashenliu_run_559\particle_positions_150000.csv,noise_5pct\c5000_phi23.00_logk-0.522222.png,equivalent_plastic_strain,5000,23,0.30045387,-0.522222197678965,5,5592526,860,0,8321,generated
560,dabashenliu_run_560\particle_positions_150000.csv,noise_0pct\c5000_phi23.00_logk-0.300000.png,equivalent_plastic_strain,5000,23,0.50118726,-0.299999977147204,0,5602026,860,0,20976,generated
560,dabashenliu_run_560\particle_positions_150000.csv,noise_1pct\c5000_phi23.00_logk-0.300000.png,equivalent_plastic_strain,5000,23,0.50118726,-0.299999977147204,1,5602126,860,0,20976,generated
560,dabashenliu_run_560\particle_positions_150000.csv,noise_3pct\c5000_phi23.00_logk-0.300000.png,equivalent_plastic_strain,5000,23,0.50118726,-0.299999977147204,3,5602326,860,0,20976,generated
560,dabashenliu_run_560\particle_positions_150000.csv,noise_5pct\c5000_phi23.00_logk-0.300000.png,equivalent_plastic_strain,5000,23,0.50118726,-0.299999977147204,5,5602526,860,0,20976,generated
561,dabashenliu_run_561\particle_positions_150000.csv,noise_0pct\c5000_phi24.00_logk-2.300000.png,equivalent_plastic_strain,5000,24,0.0050118724,-2.29999999447783,0,5612026,860,0,0,generated
561,dabashenliu_run_561\particle_positions_150000.csv,noise_1pct\c5000_phi24.00_logk-2.300000.png,equivalent_plastic_strain,5000,24,0.0050118724,-2.29999999447783,1,5612126,860,0,0,generated
561,dabashenliu_run_561\particle_positions_150000.csv,noise_3pct\c5000_phi24.00_logk-2.300000.png,equivalent_plastic_strain,5000,24,0.0050118724,-2.29999999447783,3,5612326,860,0,0,generated
561,dabashenliu_run_561\particle_positions_150000.csv,noise_5pct\c5000_phi24.00_logk-2.300000.png,equivalent_plastic_strain,5000,24,0.0050118724,-2.29999999447783,5,5612526,860,0,0,generated
562,dabashenliu_run_562\particle_positions_150000.csv,noise_0pct\c5000_phi24.00_logk-2.077778.png,equivalent_plastic_strain,5000,24,0.0083603095,-2.07777764461193,0,5622026,860,0,0,generated
562,dabashenliu_run_562\particle_positions_150000.csv,noise_1pct\c5000_phi24.00_logk-2.077778.png,equivalent_plastic_strain,5000,24,0.0083603095,-2.07777764461193,1,5622126,860,0,0,generated
562,dabashenliu_run_562\particle_positions_150000.csv,noise_3pct\c5000_phi24.00_logk-2.077778.png,equivalent_plastic_strain,5000,24,0.0083603095,-2.07777764461193,3,5622326,860,0,0,generated
562,dabashenliu_run_562\particle_positions_150000.csv,noise_5pct\c5000_phi24.00_logk-2.077778.png,equivalent_plastic_strain,5000,24,0.0083603095,-2.07777764461193,5,5622526,860,0,0,generated
563,dabashenliu_run_563\particle_positions_150000.csv,noise_0pct\c5000_phi24.00_logk-1.855556.png,equivalent_plastic_strain,5000,24,0.013945831,-1.85555560201739,0,5632026,860,0,0,generated
563,dabashenliu_run_563\particle_positions_150000.csv,noise_1pct\c5000_phi24.00_logk-1.855556.png,equivalent_plastic_strain,5000,24,0.013945831,-1.85555560201739,1,5632126,860,0,0,generated
563,dabashenliu_run_563\particle_positions_150000.csv,noise_3pct\c5000_phi24.00_logk-1.855556.png,equivalent_plastic_strain,5000,24,0.013945831,-1.85555560201739,3,5632326,860,0,0,generated
563,dabashenliu_run_563\particle_positions_150000.csv,noise_5pct\c5000_phi24.00_logk-1.855556.png,equivalent_plastic_strain,5000,24,0.013945831,-1.85555560201739,5,5632526,860,0,0,generated
564,dabashenliu_run_564\particle_positions_150000.csv,noise_0pct\c5000_phi24.00_logk-1.633333.png,equivalent_plastic_strain,5000,24,0.023263052,-1.63333330853244,0,5642026,860,0,0,generated
564,dabashenliu_run_564\particle_positions_150000.csv,noise_1pct\c5000_phi24.00_logk-1.633333.png,equivalent_plastic_strain,5000,24,0.023263052,-1.63333330853244,1,5642126,860,0,0,generated
564,dabashenliu_run_564\particle_positions_150000.csv,noise_3pct\c5000_phi24.00_logk-1.633333.png,equivalent_plastic_strain,5000,24,0.023263052,-1.63333330853244,3,5642326,860,0,0,generated
564,dabashenliu_run_564\particle_positions_150000.csv,noise_5pct\c5000_phi24.00_logk-1.633333.png,equivalent_plastic_strain,5000,24,0.023263052,-1.63333330853244,5,5642526,860,0,0,generated
565,dabashenliu_run_565\particle_positions_150000.csv,noise_0pct\c5000_phi24.00_logk-1.411111.png,equivalent_plastic_strain,5000,24,0.038805105,-1.41111113709934,0,5652026,860,0,0,generated
565,dabashenliu_run_565\particle_positions_150000.csv,noise_1pct\c5000_phi24.00_logk-1.411111.png,equivalent_plastic_strain,5000,24,0.038805105,-1.41111113709934,1,5652126,860,0,0,generated
565,dabashenliu_run_565\particle_positions_150000.csv,noise_3pct\c5000_phi24.00_logk-1.411111.png,equivalent_plastic_strain,5000,24,0.038805105,-1.41111113709934,3,5652326,860,0,0,generated
565,dabashenliu_run_565\particle_positions_150000.csv,noise_5pct\c5000_phi24.00_logk-1.411111.png,equivalent_plastic_strain,5000,24,0.038805105,-1.41111113709934,5,5652526,860,0,0,generated
566,dabashenliu_run_566\particle_positions_150000.csv,noise_0pct\c5000_phi24.00_logk-1.188889.png,equivalent_plastic_strain,5000,24,0.06473083,-1.18888882427963,0,5662026,860,0,0,generated
566,dabashenliu_run_566\particle_positions_150000.csv,noise_1pct\c5000_phi24.00_logk-1.188889.png,equivalent_plastic_strain,5000,24,0.06473083,-1.18888882427963,1,5662126,860,0,0,generated
566,dabashenliu_run_566\particle_positions_150000.csv,noise_3pct\c5000_phi24.00_logk-1.188889.png,equivalent_plastic_strain,5000,24,0.06473083,-1.18888882427963,3,5662326,860,0,0,generated
566,dabashenliu_run_566\particle_positions_150000.csv,noise_5pct\c5000_phi24.00_logk-1.188889.png,equivalent_plastic_strain,5000,24,0.06473083,-1.18888882427963,5,5662526,860,0,0,generated
567,dabashenliu_run_567\particle_positions_150000.csv,noise_0pct\c5000_phi24.00_logk-0.966667.png,equivalent_plastic_strain,5000,24,0.10797753,-0.966666611293739,0,5672026,860,0,0,generated
567,dabashenliu_run_567\particle_positions_150000.csv,noise_1pct\c5000_phi24.00_logk-0.966667.png,equivalent_plastic_strain,5000,24,0.10797753,-0.966666611293739,1,5672126,860,0,0,generated
567,dabashenliu_run_567\particle_positions_150000.csv,noise_3pct\c5000_phi24.00_logk-0.966667.png,equivalent_plastic_strain,5000,24,0.10797753,-0.966666611293739,3,5672326,860,0,0,generated
567,dabashenliu_run_567\particle_positions_150000.csv,noise_5pct\c5000_phi24.00_logk-0.966667.png,equivalent_plastic_strain,5000,24,0.10797753,-0.966666611293739,5,5672526,860,0,0,generated
568,dabashenliu_run_568\particle_positions_150000.csv,noise_0pct\c5000_phi24.00_logk-0.744444.png,equivalent_plastic_strain,5000,24,0.18011737,-0.744444403052799,0,5682026,860,0,696,generated
568,dabashenliu_run_568\particle_positions_150000.csv,noise_1pct\c5000_phi24.00_logk-0.744444.png,equivalent_plastic_strain,5000,24,0.18011737,-0.744444403052799,1,5682126,860,0,696,generated
568,dabashenliu_run_568\particle_positions_150000.csv,noise_3pct\c5000_phi24.00_logk-0.744444.png,equivalent_plastic_strain,5000,24,0.18011737,-0.744444403052799,3,5682326,860,0,696,generated
568,dabashenliu_run_568\particle_positions_150000.csv,noise_5pct\c5000_phi24.00_logk-0.744444.png,equivalent_plastic_strain,5000,24,0.18011737,-0.744444403052799,5,5682526,860,0,696,generated
569,dabashenliu_run_569\particle_positions_150000.csv,noise_0pct\c5000_phi24.00_logk-0.522222.png,equivalent_plastic_strain,5000,24,0.30045387,-0.522222197678965,0,5692026,860,0,4730,generated
569,dabashenliu_run_569\particle_positions_150000.csv,noise_1pct\c5000_phi24.00_logk-0.522222.png,equivalent_plastic_strain,5000,24,0.30045387,-0.522222197678965,1,5692126,860,0,4730,generated
569,dabashenliu_run_569\particle_positions_150000.csv,noise_3pct\c5000_phi24.00_logk-0.522222.png,equivalent_plastic_strain,5000,24,0.30045387,-0.522222197678965,3,5692326,860,0,4730,generated
569,dabashenliu_run_569\particle_positions_150000.csv,noise_5pct\c5000_phi24.00_logk-0.522222.png,equivalent_plastic_strain,5000,24,0.30045387,-0.522222197678965,5,5692526,860,0,4730,generated
570,dabashenliu_run_570\particle_positions_150000.csv,noise_0pct\c5000_phi24.00_logk-0.300000.png,equivalent_plastic_strain,5000,24,0.50118726,-0.299999977147204,0,5702026,860,0,15944,generated
570,dabashenliu_run_570\particle_positions_150000.csv,noise_1pct\c5000_phi24.00_logk-0.300000.png,equivalent_plastic_strain,5000,24,0.50118726,-0.299999977147204,1,5702126,860,0,15944,generated
570,dabashenliu_run_570\particle_positions_150000.csv,noise_3pct\c5000_phi24.00_logk-0.300000.png,equivalent_plastic_strain,5000,24,0.50118726,-0.299999977147204,3,5702326,860,0,15944,generated
570,dabashenliu_run_570\particle_positions_150000.csv,noise_5pct\c5000_phi24.00_logk-0.300000.png,equivalent_plastic_strain,5000,24,0.50118726,-0.299999977147204,5,5702526,860,0,15944,generated
571,dabashenliu_run_571\particle_positions_150000.csv,noise_0pct\c5000_phi25.00_logk-2.300000.png,equivalent_plastic_strain,5000,25,0.0050118724,-2.29999999447783,0,5712026,860,0,0,generated
571,dabashenliu_run_571\particle_positions_150000.csv,noise_1pct\c5000_phi25.00_logk-2.300000.png,equivalent_plastic_strain,5000,25,0.0050118724,-2.29999999447783,1,5712126,860,0,0,generated
571,dabashenliu_run_571\particle_positions_150000.csv,noise_3pct\c5000_phi25.00_logk-2.300000.png,equivalent_plastic_strain,5000,25,0.0050118724,-2.29999999447783,3,5712326,860,0,0,generated
571,dabashenliu_run_571\particle_positions_150000.csv,noise_5pct\c5000_phi25.00_logk-2.300000.png,equivalent_plastic_strain,5000,25,0.0050118724,-2.29999999447783,5,5712526,860,0,0,generated
572,dabashenliu_run_572\particle_positions_150000.csv,noise_0pct\c5000_phi25.00_logk-2.077778.png,equivalent_plastic_strain,5000,25,0.0083603095,-2.07777764461193,0,5722026,860,0,0,generated
572,dabashenliu_run_572\particle_positions_150000.csv,noise_1pct\c5000_phi25.00_logk-2.077778.png,equivalent_plastic_strain,5000,25,0.0083603095,-2.07777764461193,1,5722126,860,0,0,generated
572,dabashenliu_run_572\particle_positions_150000.csv,noise_3pct\c5000_phi25.00_logk-2.077778.png,equivalent_plastic_strain,5000,25,0.0083603095,-2.07777764461193,3,5722326,860,0,0,generated
572,dabashenliu_run_572\particle_positions_150000.csv,noise_5pct\c5000_phi25.00_logk-2.077778.png,equivalent_plastic_strain,5000,25,0.0083603095,-2.07777764461193,5,5722526,860,0,0,generated
573,dabashenliu_run_573\particle_positions_150000.csv,noise_0pct\c5000_phi25.00_logk-1.855556.png,equivalent_plastic_strain,5000,25,0.013945831,-1.85555560201739,0,5732026,860,0,0,generated
573,dabashenliu_run_573\particle_positions_150000.csv,noise_1pct\c5000_phi25.00_logk-1.855556.png,equivalent_plastic_strain,5000,25,0.013945831,-1.85555560201739,1,5732126,860,0,0,generated
573,dabashenliu_run_573\particle_positions_150000.csv,noise_3pct\c5000_phi25.00_logk-1.855556.png,equivalent_plastic_strain,5000,25,0.013945831,-1.85555560201739,3,5732326,860,0,0,generated
573,dabashenliu_run_573\particle_positions_150000.csv,noise_5pct\c5000_phi25.00_logk-1.855556.png,equivalent_plastic_strain,5000,25,0.013945831,-1.85555560201739,5,5732526,860,0,0,generated
574,dabashenliu_run_574\particle_positions_150000.csv,noise_0pct\c5000_phi25.00_logk-1.633333.png,equivalent_plastic_strain,5000,25,0.023263052,-1.63333330853244,0,5742026,860,0,0,generated
574,dabashenliu_run_574\particle_positions_150000.csv,noise_1pct\c5000_phi25.00_logk-1.633333.png,equivalent_plastic_strain,5000,25,0.023263052,-1.63333330853244,1,5742126,860,0,0,generated
574,dabashenliu_run_574\particle_positions_150000.csv,noise_3pct\c5000_phi25.00_logk-1.633333.png,equivalent_plastic_strain,5000,25,0.023263052,-1.63333330853244,3,5742326,860,0,0,generated
574,dabashenliu_run_574\particle_positions_150000.csv,noise_5pct\c5000_phi25.00_logk-1.633333.png,equivalent_plastic_strain,5000,25,0.023263052,-1.63333330853244,5,5742526,860,0,0,generated
575,dabashenliu_run_575\particle_positions_150000.csv,noise_0pct\c5000_phi25.00_logk-1.411111.png,equivalent_plastic_strain,5000,25,0.038805105,-1.41111113709934,0,5752026,860,0,0,generated
575,dabashenliu_run_575\particle_positions_150000.csv,noise_1pct\c5000_phi25.00_logk-1.411111.png,equivalent_plastic_strain,5000,25,0.038805105,-1.41111113709934,1,5752126,860,0,0,generated
575,dabashenliu_run_575\particle_positions_150000.csv,noise_3pct\c5000_phi25.00_logk-1.411111.png,equivalent_plastic_strain,5000,25,0.038805105,-1.41111113709934,3,5752326,860,0,0,generated
575,dabashenliu_run_575\particle_positions_150000.csv,noise_5pct\c5000_phi25.00_logk-1.411111.png,equivalent_plastic_strain,5000,25,0.038805105,-1.41111113709934,5,5752526,860,0,0,generated
576,dabashenliu_run_576\particle_positions_150000.csv,noise_0pct\c5000_phi25.00_logk-1.188889.png,equivalent_plastic_strain,5000,25,0.06473083,-1.18888882427963,0,5762026,860,0,0,generated
576,dabashenliu_run_576\particle_positions_150000.csv,noise_1pct\c5000_phi25.00_logk-1.188889.png,equivalent_plastic_strain,5000,25,0.06473083,-1.18888882427963,1,5762126,860,0,0,generated
576,dabashenliu_run_576\particle_positions_150000.csv,noise_3pct\c5000_phi25.00_logk-1.188889.png,equivalent_plastic_strain,5000,25,0.06473083,-1.18888882427963,3,5762326,860,0,0,generated
576,dabashenliu_run_576\particle_positions_150000.csv,noise_5pct\c5000_phi25.00_logk-1.188889.png,equivalent_plastic_strain,5000,25,0.06473083,-1.18888882427963,5,5762526,860,0,0,generated
577,dabashenliu_run_577\particle_positions_150000.csv,noise_0pct\c5000_phi25.00_logk-0.966667.png,equivalent_plastic_strain,5000,25,0.10797753,-0.966666611293739,0,5772026,860,0,0,generated
577,dabashenliu_run_577\particle_positions_150000.csv,noise_1pct\c5000_phi25.00_logk-0.966667.png,equivalent_plastic_strain,5000,25,0.10797753,-0.966666611293739,1,5772126,860,0,0,generated
577,dabashenliu_run_577\particle_positions_150000.csv,noise_3pct\c5000_phi25.00_logk-0.966667.png,equivalent_plastic_strain,5000,25,0.10797753,-0.966666611293739,3,5772326,860,0,0,generated
577,dabashenliu_run_577\particle_positions_150000.csv,noise_5pct\c5000_phi25.00_logk-0.966667.png,equivalent_plastic_strain,5000,25,0.10797753,-0.966666611293739,5,5772526,860,0,0,generated
578,dabashenliu_run_578\particle_positions_150000.csv,noise_0pct\c5000_phi25.00_logk-0.744444.png,equivalent_plastic_strain,5000,25,0.18011737,-0.744444403052799,0,5782026,860,0,993,generated
578,dabashenliu_run_578\particle_positions_150000.csv,noise_1pct\c5000_phi25.00_logk-0.744444.png,equivalent_plastic_strain,5000,25,0.18011737,-0.744444403052799,1,5782126,860,0,993,generated
578,dabashenliu_run_578\particle_positions_150000.csv,noise_3pct\c5000_phi25.00_logk-0.744444.png,equivalent_plastic_strain,5000,25,0.18011737,-0.744444403052799,3,5782326,860,0,993,generated
578,dabashenliu_run_578\particle_positions_150000.csv,noise_5pct\c5000_phi25.00_logk-0.744444.png,equivalent_plastic_strain,5000,25,0.18011737,-0.744444403052799,5,5782526,860,0,993,generated
579,dabashenliu_run_579\particle_positions_150000.csv,noise_0pct\c5000_phi25.00_logk-0.522222.png,equivalent_plastic_strain,5000,25,0.30045387,-0.522222197678965,0,5792026,860,0,6714,generated
579,dabashenliu_run_579\particle_positions_150000.csv,noise_1pct\c5000_phi25.00_logk-0.522222.png,equivalent_plastic_strain,5000,25,0.30045387,-0.522222197678965,1,5792126,860,0,6714,generated
579,dabashenliu_run_579\particle_positions_150000.csv,noise_3pct\c5000_phi25.00_logk-0.522222.png,equivalent_plastic_strain,5000,25,0.30045387,-0.522222197678965,3,5792326,860,0,6714,generated
579,dabashenliu_run_579\particle_positions_150000.csv,noise_5pct\c5000_phi25.00_logk-0.522222.png,equivalent_plastic_strain,5000,25,0.30045387,-0.522222197678965,5,5792526,860,0,6714,generated
580,dabashenliu_run_580\particle_positions_150000.csv,noise_0pct\c5000_phi25.00_logk-0.300000.png,equivalent_plastic_strain,5000,25,0.50118726,-0.299999977147204,0,5802026,860,0,13233,generated
580,dabashenliu_run_580\particle_positions_150000.csv,noise_1pct\c5000_phi25.00_logk-0.300000.png,equivalent_plastic_strain,5000,25,0.50118726,-0.299999977147204,1,5802126,860,0,13233,generated
580,dabashenliu_run_580\particle_positions_150000.csv,noise_3pct\c5000_phi25.00_logk-0.300000.png,equivalent_plastic_strain,5000,25,0.50118726,-0.299999977147204,3,5802326,860,0,13233,generated
580,dabashenliu_run_580\particle_positions_150000.csv,noise_5pct\c5000_phi25.00_logk-0.300000.png,equivalent_plastic_strain,5000,25,0.50118726,-0.299999977147204,5,5802526,860,0,13233,generated
581,dabashenliu_run_581\particle_positions_150000.csv,noise_0pct\c5000_phi26.00_logk-2.300000.png,equivalent_plastic_strain,5000,26,0.0050118724,-2.29999999447783,0,5812026,860,0,0,generated
581,dabashenliu_run_581\particle_positions_150000.csv,noise_1pct\c5000_phi26.00_logk-2.300000.png,equivalent_plastic_strain,5000,26,0.0050118724,-2.29999999447783,1,5812126,860,0,0,generated
581,dabashenliu_run_581\particle_positions_150000.csv,noise_3pct\c5000_phi26.00_logk-2.300000.png,equivalent_plastic_strain,5000,26,0.0050118724,-2.29999999447783,3,5812326,860,0,0,generated
581,dabashenliu_run_581\particle_positions_150000.csv,noise_5pct\c5000_phi26.00_logk-2.300000.png,equivalent_plastic_strain,5000,26,0.0050118724,-2.29999999447783,5,5812526,860,0,0,generated
582,dabashenliu_run_582\particle_positions_150000.csv,noise_0pct\c5000_phi26.00_logk-2.077778.png,equivalent_plastic_strain,5000,26,0.0083603095,-2.07777764461193,0,5822026,860,0,0,generated
582,dabashenliu_run_582\particle_positions_150000.csv,noise_1pct\c5000_phi26.00_logk-2.077778.png,equivalent_plastic_strain,5000,26,0.0083603095,-2.07777764461193,1,5822126,860,0,0,generated
582,dabashenliu_run_582\particle_positions_150000.csv,noise_3pct\c5000_phi26.00_logk-2.077778.png,equivalent_plastic_strain,5000,26,0.0083603095,-2.07777764461193,3,5822326,860,0,0,generated
582,dabashenliu_run_582\particle_positions_150000.csv,noise_5pct\c5000_phi26.00_logk-2.077778.png,equivalent_plastic_strain,5000,26,0.0083603095,-2.07777764461193,5,5822526,860,0,0,generated
583,dabashenliu_run_583\particle_positions_150000.csv,noise_0pct\c5000_phi26.00_logk-1.855556.png,equivalent_plastic_strain,5000,26,0.013945831,-1.85555560201739,0,5832026,860,0,0,generated
583,dabashenliu_run_583\particle_positions_150000.csv,noise_1pct\c5000_phi26.00_logk-1.855556.png,equivalent_plastic_strain,5000,26,0.013945831,-1.85555560201739,1,5832126,860,0,0,generated
583,dabashenliu_run_583\particle_positions_150000.csv,noise_3pct\c5000_phi26.00_logk-1.855556.png,equivalent_plastic_strain,5000,26,0.013945831,-1.85555560201739,3,5832326,860,0,0,generated
583,dabashenliu_run_583\particle_positions_150000.csv,noise_5pct\c5000_phi26.00_logk-1.855556.png,equivalent_plastic_strain,5000,26,0.013945831,-1.85555560201739,5,5832526,860,0,0,generated
584,dabashenliu_run_584\particle_positions_150000.csv,noise_0pct\c5000_phi26.00_logk-1.633333.png,equivalent_plastic_strain,5000,26,0.023263052,-1.63333330853244,0,5842026,860,0,0,generated
584,dabashenliu_run_584\particle_positions_150000.csv,noise_1pct\c5000_phi26.00_logk-1.633333.png,equivalent_plastic_strain,5000,26,0.023263052,-1.63333330853244,1,5842126,860,0,0,generated
584,dabashenliu_run_584\particle_positions_150000.csv,noise_3pct\c5000_phi26.00_logk-1.633333.png,equivalent_plastic_strain,5000,26,0.023263052,-1.63333330853244,3,5842326,860,0,0,generated
584,dabashenliu_run_584\particle_positions_150000.csv,noise_5pct\c5000_phi26.00_logk-1.633333.png,equivalent_plastic_strain,5000,26,0.023263052,-1.63333330853244,5,5842526,860,0,0,generated
585,dabashenliu_run_585\particle_positions_150000.csv,noise_0pct\c5000_phi26.00_logk-1.411111.png,equivalent_plastic_strain,5000,26,0.038805105,-1.41111113709934,0,5852026,860,0,0,generated
585,dabashenliu_run_585\particle_positions_150000.csv,noise_1pct\c5000_phi26.00_logk-1.411111.png,equivalent_plastic_strain,5000,26,0.038805105,-1.41111113709934,1,5852126,860,0,0,generated
585,dabashenliu_run_585\particle_positions_150000.csv,noise_3pct\c5000_phi26.00_logk-1.411111.png,equivalent_plastic_strain,5000,26,0.038805105,-1.41111113709934,3,5852326,860,0,0,generated
585,dabashenliu_run_585\particle_positions_150000.csv,noise_5pct\c5000_phi26.00_logk-1.411111.png,equivalent_plastic_strain,5000,26,0.038805105,-1.41111113709934,5,5852526,860,0,0,generated
586,dabashenliu_run_586\particle_positions_150000.csv,noise_0pct\c5000_phi26.00_logk-1.188889.png,equivalent_plastic_strain,5000,26,0.06473083,-1.18888882427963,0,5862026,860,0,0,generated
586,dabashenliu_run_586\particle_positions_150000.csv,noise_1pct\c5000_phi26.00_logk-1.188889.png,equivalent_plastic_strain,5000,26,0.06473083,-1.18888882427963,1,5862126,860,0,0,generated
586,dabashenliu_run_586\particle_positions_150000.csv,noise_3pct\c5000_phi26.00_logk-1.188889.png,equivalent_plastic_strain,5000,26,0.06473083,-1.18888882427963,3,5862326,860,0,0,generated
586,dabashenliu_run_586\particle_positions_150000.csv,noise_5pct\c5000_phi26.00_logk-1.188889.png,equivalent_plastic_strain,5000,26,0.06473083,-1.18888882427963,5,5862526,860,0,0,generated
587,dabashenliu_run_587\particle_positions_150000.csv,noise_0pct\c5000_phi26.00_logk-0.966667.png,equivalent_plastic_strain,5000,26,0.10797753,-0.966666611293739,0,5872026,860,0,0,generated
587,dabashenliu_run_587\particle_positions_150000.csv,noise_1pct\c5000_phi26.00_logk-0.966667.png,equivalent_plastic_strain,5000,26,0.10797753,-0.966666611293739,1,5872126,860,0,0,generated
587,dabashenliu_run_587\particle_positions_150000.csv,noise_3pct\c5000_phi26.00_logk-0.966667.png,equivalent_plastic_strain,5000,26,0.10797753,-0.966666611293739,3,5872326,860,0,0,generated
587,dabashenliu_run_587\particle_positions_150000.csv,noise_5pct\c5000_phi26.00_logk-0.966667.png,equivalent_plastic_strain,5000,26,0.10797753,-0.966666611293739,5,5872526,860,0,0,generated
588,dabashenliu_run_588\particle_positions_150000.csv,noise_0pct\c5000_phi26.00_logk-0.744444.png,equivalent_plastic_strain,5000,26,0.18011737,-0.744444403052799,0,5882026,860,0,0,generated
588,dabashenliu_run_588\particle_positions_150000.csv,noise_1pct\c5000_phi26.00_logk-0.744444.png,equivalent_plastic_strain,5000,26,0.18011737,-0.744444403052799,1,5882126,860,0,0,generated
588,dabashenliu_run_588\particle_positions_150000.csv,noise_3pct\c5000_phi26.00_logk-0.744444.png,equivalent_plastic_strain,5000,26,0.18011737,-0.744444403052799,3,5882326,860,0,0,generated
588,dabashenliu_run_588\particle_positions_150000.csv,noise_5pct\c5000_phi26.00_logk-0.744444.png,equivalent_plastic_strain,5000,26,0.18011737,-0.744444403052799,5,5882526,860,0,0,generated
589,dabashenliu_run_589\particle_positions_150000.csv,noise_0pct\c5000_phi26.00_logk-0.522222.png,equivalent_plastic_strain,5000,26,0.30045387,-0.522222197678965,0,5892026,860,0,2886,generated
589,dabashenliu_run_589\particle_positions_150000.csv,noise_1pct\c5000_phi26.00_logk-0.522222.png,equivalent_plastic_strain,5000,26,0.30045387,-0.522222197678965,1,5892126,860,0,2886,generated
589,dabashenliu_run_589\particle_positions_150000.csv,noise_3pct\c5000_phi26.00_logk-0.522222.png,equivalent_plastic_strain,5000,26,0.30045387,-0.522222197678965,3,5892326,860,0,2886,generated
589,dabashenliu_run_589\particle_positions_150000.csv,noise_5pct\c5000_phi26.00_logk-0.522222.png,equivalent_plastic_strain,5000,26,0.30045387,-0.522222197678965,5,5892526,860,0,2886,generated
590,dabashenliu_run_590\particle_positions_150000.csv,noise_0pct\c5000_phi26.00_logk-0.300000.png,equivalent_plastic_strain,5000,26,0.50118726,-0.299999977147204,0,5902026,860,0,12715,generated
590,dabashenliu_run_590\particle_positions_150000.csv,noise_1pct\c5000_phi26.00_logk-0.300000.png,equivalent_plastic_strain,5000,26,0.50118726,-0.299999977147204,1,5902126,860,0,12715,generated
590,dabashenliu_run_590\particle_positions_150000.csv,noise_3pct\c5000_phi26.00_logk-0.300000.png,equivalent_plastic_strain,5000,26,0.50118726,-0.299999977147204,3,5902326,860,0,12715,generated
590,dabashenliu_run_590\particle_positions_150000.csv,noise_5pct\c5000_phi26.00_logk-0.300000.png,equivalent_plastic_strain,5000,26,0.50118726,-0.299999977147204,5,5902526,860,0,12715,generated
591,dabashenliu_run_591\particle_positions_150000.csv,noise_0pct\c5000_phi27.00_logk-2.300000.png,equivalent_plastic_strain,5000,27,0.0050118724,-2.29999999447783,0,5912026,860,0,0,generated
591,dabashenliu_run_591\particle_positions_150000.csv,noise_1pct\c5000_phi27.00_logk-2.300000.png,equivalent_plastic_strain,5000,27,0.0050118724,-2.29999999447783,1,5912126,860,0,0,generated
591,dabashenliu_run_591\particle_positions_150000.csv,noise_3pct\c5000_phi27.00_logk-2.300000.png,equivalent_plastic_strain,5000,27,0.0050118724,-2.29999999447783,3,5912326,860,0,0,generated
591,dabashenliu_run_591\particle_positions_150000.csv,noise_5pct\c5000_phi27.00_logk-2.300000.png,equivalent_plastic_strain,5000,27,0.0050118724,-2.29999999447783,5,5912526,860,0,0,generated
592,dabashenliu_run_592\particle_positions_150000.csv,noise_0pct\c5000_phi27.00_logk-2.077778.png,equivalent_plastic_strain,5000,27,0.0083603095,-2.07777764461193,0,5922026,860,0,0,generated
592,dabashenliu_run_592\particle_positions_150000.csv,noise_1pct\c5000_phi27.00_logk-2.077778.png,equivalent_plastic_strain,5000,27,0.0083603095,-2.07777764461193,1,5922126,860,0,0,generated
592,dabashenliu_run_592\particle_positions_150000.csv,noise_3pct\c5000_phi27.00_logk-2.077778.png,equivalent_plastic_strain,5000,27,0.0083603095,-2.07777764461193,3,5922326,860,0,0,generated
592,dabashenliu_run_592\particle_positions_150000.csv,noise_5pct\c5000_phi27.00_logk-2.077778.png,equivalent_plastic_strain,5000,27,0.0083603095,-2.07777764461193,5,5922526,860,0,0,generated
593,dabashenliu_run_593\particle_positions_150000.csv,noise_0pct\c5000_phi27.00_logk-1.855556.png,equivalent_plastic_strain,5000,27,0.013945831,-1.85555560201739,0,5932026,860,0,0,generated
593,dabashenliu_run_593\particle_positions_150000.csv,noise_1pct\c5000_phi27.00_logk-1.855556.png,equivalent_plastic_strain,5000,27,0.013945831,-1.85555560201739,1,5932126,860,0,0,generated
593,dabashenliu_run_593\particle_positions_150000.csv,noise_3pct\c5000_phi27.00_logk-1.855556.png,equivalent_plastic_strain,5000,27,0.013945831,-1.85555560201739,3,5932326,860,0,0,generated
593,dabashenliu_run_593\particle_positions_150000.csv,noise_5pct\c5000_phi27.00_logk-1.855556.png,equivalent_plastic_strain,5000,27,0.013945831,-1.85555560201739,5,5932526,860,0,0,generated
594,dabashenliu_run_594\particle_positions_150000.csv,noise_0pct\c5000_phi27.00_logk-1.633333.png,equivalent_plastic_strain,5000,27,0.023263052,-1.63333330853244,0,5942026,860,0,0,generated
594,dabashenliu_run_594\particle_positions_150000.csv,noise_1pct\c5000_phi27.00_logk-1.633333.png,equivalent_plastic_strain,5000,27,0.023263052,-1.63333330853244,1,5942126,860,0,0,generated
594,dabashenliu_run_594\particle_positions_150000.csv,noise_3pct\c5000_phi27.00_logk-1.633333.png,equivalent_plastic_strain,5000,27,0.023263052,-1.63333330853244,3,5942326,860,0,0,generated
594,dabashenliu_run_594\particle_positions_150000.csv,noise_5pct\c5000_phi27.00_logk-1.633333.png,equivalent_plastic_strain,5000,27,0.023263052,-1.63333330853244,5,5942526,860,0,0,generated
595,dabashenliu_run_595\particle_positions_150000.csv,noise_0pct\c5000_phi27.00_logk-1.411111.png,equivalent_plastic_strain,5000,27,0.038805105,-1.41111113709934,0,5952026,860,0,0,generated
595,dabashenliu_run_595\particle_positions_150000.csv,noise_1pct\c5000_phi27.00_logk-1.411111.png,equivalent_plastic_strain,5000,27,0.038805105,-1.41111113709934,1,5952126,860,0,0,generated
595,dabashenliu_run_595\particle_positions_150000.csv,noise_3pct\c5000_phi27.00_logk-1.411111.png,equivalent_plastic_strain,5000,27,0.038805105,-1.41111113709934,3,5952326,860,0,0,generated
595,dabashenliu_run_595\particle_positions_150000.csv,noise_5pct\c5000_phi27.00_logk-1.411111.png,equivalent_plastic_strain,5000,27,0.038805105,-1.41111113709934,5,5952526,860,0,0,generated
596,dabashenliu_run_596\particle_positions_150000.csv,noise_0pct\c5000_phi27.00_logk-1.188889.png,equivalent_plastic_strain,5000,27,0.06473083,-1.18888882427963,0,5962026,860,0,0,generated
596,dabashenliu_run_596\particle_positions_150000.csv,noise_1pct\c5000_phi27.00_logk-1.188889.png,equivalent_plastic_strain,5000,27,0.06473083,-1.18888882427963,1,5962126,860,0,0,generated
596,dabashenliu_run_596\particle_positions_150000.csv,noise_3pct\c5000_phi27.00_logk-1.188889.png,equivalent_plastic_strain,5000,27,0.06473083,-1.18888882427963,3,5962326,860,0,0,generated
596,dabashenliu_run_596\particle_positions_150000.csv,noise_5pct\c5000_phi27.00_logk-1.188889.png,equivalent_plastic_strain,5000,27,0.06473083,-1.18888882427963,5,5962526,860,0,0,generated
597,dabashenliu_run_597\particle_positions_150000.csv,noise_0pct\c5000_phi27.00_logk-0.966667.png,equivalent_plastic_strain,5000,27,0.10797753,-0.966666611293739,0,5972026,860,0,0,generated
597,dabashenliu_run_597\particle_positions_150000.csv,noise_1pct\c5000_phi27.00_logk-0.966667.png,equivalent_plastic_strain,5000,27,0.10797753,-0.966666611293739,1,5972126,860,0,0,generated
597,dabashenliu_run_597\particle_positions_150000.csv,noise_3pct\c5000_phi27.00_logk-0.966667.png,equivalent_plastic_strain,5000,27,0.10797753,-0.966666611293739,3,5972326,860,0,0,generated
597,dabashenliu_run_597\particle_positions_150000.csv,noise_5pct\c5000_phi27.00_logk-0.966667.png,equivalent_plastic_strain,5000,27,0.10797753,-0.966666611293739,5,5972526,860,0,0,generated
598,dabashenliu_run_598\particle_positions_150000.csv,noise_0pct\c5000_phi27.00_logk-0.744444.png,equivalent_plastic_strain,5000,27,0.18011737,-0.744444403052799,0,5982026,860,0,77,generated
598,dabashenliu_run_598\particle_positions_150000.csv,noise_1pct\c5000_phi27.00_logk-0.744444.png,equivalent_plastic_strain,5000,27,0.18011737,-0.744444403052799,1,5982126,860,0,77,generated
598,dabashenliu_run_598\particle_positions_150000.csv,noise_3pct\c5000_phi27.00_logk-0.744444.png,equivalent_plastic_strain,5000,27,0.18011737,-0.744444403052799,3,5982326,860,0,77,generated
598,dabashenliu_run_598\particle_positions_150000.csv,noise_5pct\c5000_phi27.00_logk-0.744444.png,equivalent_plastic_strain,5000,27,0.18011737,-0.744444403052799,5,5982526,860,0,77,generated
599,dabashenliu_run_599\particle_positions_150000.csv,noise_0pct\c5000_phi27.00_logk-0.522222.png,equivalent_plastic_strain,5000,27,0.30045387,-0.522222197678965,0,5992026,860,0,3008,generated
599,dabashenliu_run_599\particle_positions_150000.csv,noise_1pct\c5000_phi27.00_logk-0.522222.png,equivalent_plastic_strain,5000,27,0.30045387,-0.522222197678965,1,5992126,860,0,3008,generated
599,dabashenliu_run_599\particle_positions_150000.csv,noise_3pct\c5000_phi27.00_logk-0.522222.png,equivalent_plastic_strain,5000,27,0.30045387,-0.522222197678965,3,5992326,860,0,3008,generated
599,dabashenliu_run_599\particle_positions_150000.csv,noise_5pct\c5000_phi27.00_logk-0.522222.png,equivalent_plastic_strain,5000,27,0.30045387,-0.522222197678965,5,5992526,860,0,3008,generated
600,dabashenliu_run_600\particle_positions_150000.csv,noise_0pct\c5000_phi27.00_logk-0.300000.png,equivalent_plastic_strain,5000,27,0.50118726,-0.299999977147204,0,6002026,860,0,8065,generated
600,dabashenliu_run_600\particle_positions_150000.csv,noise_1pct\c5000_phi27.00_logk-0.300000.png,equivalent_plastic_strain,5000,27,0.50118726,-0.299999977147204,1,6002126,860,0,8065,generated
600,dabashenliu_run_600\particle_positions_150000.csv,noise_3pct\c5000_phi27.00_logk-0.300000.png,equivalent_plastic_strain,5000,27,0.50118726,-0.299999977147204,3,6002326,860,0,8065,generated
600,dabashenliu_run_600\particle_positions_150000.csv,noise_5pct\c5000_phi27.00_logk-0.300000.png,equivalent_plastic_strain,5000,27,0.50118726,-0.299999977147204,5,6002526,860,0,8065,generated
601,dabashenliu_run_601\particle_positions_150000.csv,noise_0pct\c5400_phi18.00_logk-2.300000.png,equivalent_plastic_strain,5400,18,0.0050118724,-2.29999999447783,0,6012026,860,0,0,generated
601,dabashenliu_run_601\particle_positions_150000.csv,noise_1pct\c5400_phi18.00_logk-2.300000.png,equivalent_plastic_strain,5400,18,0.0050118724,-2.29999999447783,1,6012126,860,0,0,generated
601,dabashenliu_run_601\particle_positions_150000.csv,noise_3pct\c5400_phi18.00_logk-2.300000.png,equivalent_plastic_strain,5400,18,0.0050118724,-2.29999999447783,3,6012326,860,0,0,generated
601,dabashenliu_run_601\particle_positions_150000.csv,noise_5pct\c5400_phi18.00_logk-2.300000.png,equivalent_plastic_strain,5400,18,0.0050118724,-2.29999999447783,5,6012526,860,0,0,generated
602,dabashenliu_run_602\particle_positions_150000.csv,noise_0pct\c5400_phi18.00_logk-2.077778.png,equivalent_plastic_strain,5400,18,0.0083603095,-2.07777764461193,0,6022026,860,0,0,generated
602,dabashenliu_run_602\particle_positions_150000.csv,noise_1pct\c5400_phi18.00_logk-2.077778.png,equivalent_plastic_strain,5400,18,0.0083603095,-2.07777764461193,1,6022126,860,0,0,generated
602,dabashenliu_run_602\particle_positions_150000.csv,noise_3pct\c5400_phi18.00_logk-2.077778.png,equivalent_plastic_strain,5400,18,0.0083603095,-2.07777764461193,3,6022326,860,0,0,generated
602,dabashenliu_run_602\particle_positions_150000.csv,noise_5pct\c5400_phi18.00_logk-2.077778.png,equivalent_plastic_strain,5400,18,0.0083603095,-2.07777764461193,5,6022526,860,0,0,generated
603,dabashenliu_run_603\particle_positions_150000.csv,noise_0pct\c5400_phi18.00_logk-1.855556.png,equivalent_plastic_strain,5400,18,0.013945831,-1.85555560201739,0,6032026,860,0,0,generated
603,dabashenliu_run_603\particle_positions_150000.csv,noise_1pct\c5400_phi18.00_logk-1.855556.png,equivalent_plastic_strain,5400,18,0.013945831,-1.85555560201739,1,6032126,860,0,0,generated
603,dabashenliu_run_603\particle_positions_150000.csv,noise_3pct\c5400_phi18.00_logk-1.855556.png,equivalent_plastic_strain,5400,18,0.013945831,-1.85555560201739,3,6032326,860,0,0,generated
603,dabashenliu_run_603\particle_positions_150000.csv,noise_5pct\c5400_phi18.00_logk-1.855556.png,equivalent_plastic_strain,5400,18,0.013945831,-1.85555560201739,5,6032526,860,0,0,generated
604,dabashenliu_run_604\particle_positions_150000.csv,noise_0pct\c5400_phi18.00_logk-1.633333.png,equivalent_plastic_strain,5400,18,0.023263052,-1.63333330853244,0,6042026,860,0,0,generated
604,dabashenliu_run_604\particle_positions_150000.csv,noise_1pct\c5400_phi18.00_logk-1.633333.png,equivalent_plastic_strain,5400,18,0.023263052,-1.63333330853244,1,6042126,860,0,0,generated
604,dabashenliu_run_604\particle_positions_150000.csv,noise_3pct\c5400_phi18.00_logk-1.633333.png,equivalent_plastic_strain,5400,18,0.023263052,-1.63333330853244,3,6042326,860,0,0,generated
604,dabashenliu_run_604\particle_positions_150000.csv,noise_5pct\c5400_phi18.00_logk-1.633333.png,equivalent_plastic_strain,5400,18,0.023263052,-1.63333330853244,5,6042526,860,0,0,generated
605,dabashenliu_run_605\particle_positions_150000.csv,noise_0pct\c5400_phi18.00_logk-1.411111.png,equivalent_plastic_strain,5400,18,0.038805105,-1.41111113709934,0,6052026,860,0,0,generated
605,dabashenliu_run_605\particle_positions_150000.csv,noise_1pct\c5400_phi18.00_logk-1.411111.png,equivalent_plastic_strain,5400,18,0.038805105,-1.41111113709934,1,6052126,860,0,0,generated
605,dabashenliu_run_605\particle_positions_150000.csv,noise_3pct\c5400_phi18.00_logk-1.411111.png,equivalent_plastic_strain,5400,18,0.038805105,-1.41111113709934,3,6052326,860,0,0,generated
605,dabashenliu_run_605\particle_positions_150000.csv,noise_5pct\c5400_phi18.00_logk-1.411111.png,equivalent_plastic_strain,5400,18,0.038805105,-1.41111113709934,5,6052526,860,0,0,generated
606,dabashenliu_run_606\particle_positions_150000.csv,noise_0pct\c5400_phi18.00_logk-1.188889.png,equivalent_plastic_strain,5400,18,0.06473083,-1.18888882427963,0,6062026,860,0,0,generated
606,dabashenliu_run_606\particle_positions_150000.csv,noise_1pct\c5400_phi18.00_logk-1.188889.png,equivalent_plastic_strain,5400,18,0.06473083,-1.18888882427963,1,6062126,860,0,0,generated
606,dabashenliu_run_606\particle_positions_150000.csv,noise_3pct\c5400_phi18.00_logk-1.188889.png,equivalent_plastic_strain,5400,18,0.06473083,-1.18888882427963,3,6062326,860,0,0,generated
606,dabashenliu_run_606\particle_positions_150000.csv,noise_5pct\c5400_phi18.00_logk-1.188889.png,equivalent_plastic_strain,5400,18,0.06473083,-1.18888882427963,5,6062526,860,0,0,generated
607,dabashenliu_run_607\particle_positions_150000.csv,noise_0pct\c5400_phi18.00_logk-0.966667.png,equivalent_plastic_strain,5400,18,0.10797753,-0.966666611293739,0,6072026,860,0,0,generated
607,dabashenliu_run_607\particle_positions_150000.csv,noise_1pct\c5400_phi18.00_logk-0.966667.png,equivalent_plastic_strain,5400,18,0.10797753,-0.966666611293739,1,6072126,860,0,0,generated
607,dabashenliu_run_607\particle_positions_150000.csv,noise_3pct\c5400_phi18.00_logk-0.966667.png,equivalent_plastic_strain,5400,18,0.10797753,-0.966666611293739,3,6072326,860,0,0,generated
607,dabashenliu_run_607\particle_positions_150000.csv,noise_5pct\c5400_phi18.00_logk-0.966667.png,equivalent_plastic_strain,5400,18,0.10797753,-0.966666611293739,5,6072526,860,0,0,generated
608,dabashenliu_run_608\particle_positions_150000.csv,noise_0pct\c5400_phi18.00_logk-0.744444.png,equivalent_plastic_strain,5400,18,0.18011737,-0.744444403052799,0,6082026,860,0,2879,generated
608,dabashenliu_run_608\particle_positions_150000.csv,noise_1pct\c5400_phi18.00_logk-0.744444.png,equivalent_plastic_strain,5400,18,0.18011737,-0.744444403052799,1,6082126,860,0,2879,generated
608,dabashenliu_run_608\particle_positions_150000.csv,noise_3pct\c5400_phi18.00_logk-0.744444.png,equivalent_plastic_strain,5400,18,0.18011737,-0.744444403052799,3,6082326,860,0,2879,generated
608,dabashenliu_run_608\particle_positions_150000.csv,noise_5pct\c5400_phi18.00_logk-0.744444.png,equivalent_plastic_strain,5400,18,0.18011737,-0.744444403052799,5,6082526,860,0,2879,generated
609,dabashenliu_run_609\particle_positions_150000.csv,noise_0pct\c5400_phi18.00_logk-0.522222.png,equivalent_plastic_strain,5400,18,0.30045387,-0.522222197678965,0,6092026,860,0,19523,generated
609,dabashenliu_run_609\particle_positions_150000.csv,noise_1pct\c5400_phi18.00_logk-0.522222.png,equivalent_plastic_strain,5400,18,0.30045387,-0.522222197678965,1,6092126,860,0,19523,generated
609,dabashenliu_run_609\particle_positions_150000.csv,noise_3pct\c5400_phi18.00_logk-0.522222.png,equivalent_plastic_strain,5400,18,0.30045387,-0.522222197678965,3,6092326,860,0,19523,generated
609,dabashenliu_run_609\particle_positions_150000.csv,noise_5pct\c5400_phi18.00_logk-0.522222.png,equivalent_plastic_strain,5400,18,0.30045387,-0.522222197678965,5,6092526,860,0,19523,generated
610,dabashenliu_run_610\particle_positions_150000.csv,noise_0pct\c5400_phi18.00_logk-0.300000.png,equivalent_plastic_strain,5400,18,0.50118726,-0.299999977147204,0,6102026,860,0,26175,generated
610,dabashenliu_run_610\particle_positions_150000.csv,noise_1pct\c5400_phi18.00_logk-0.300000.png,equivalent_plastic_strain,5400,18,0.50118726,-0.299999977147204,1,6102126,860,0,26175,generated
610,dabashenliu_run_610\particle_positions_150000.csv,noise_3pct\c5400_phi18.00_logk-0.300000.png,equivalent_plastic_strain,5400,18,0.50118726,-0.299999977147204,3,6102326,860,0,26175,generated
610,dabashenliu_run_610\particle_positions_150000.csv,noise_5pct\c5400_phi18.00_logk-0.300000.png,equivalent_plastic_strain,5400,18,0.50118726,-0.299999977147204,5,6102526,860,0,26175,generated
611,dabashenliu_run_611\particle_positions_150000.csv,noise_0pct\c5400_phi19.00_logk-2.300000.png,equivalent_plastic_strain,5400,19,0.0050118724,-2.29999999447783,0,6112026,860,0,0,generated
611,dabashenliu_run_611\particle_positions_150000.csv,noise_1pct\c5400_phi19.00_logk-2.300000.png,equivalent_plastic_strain,5400,19,0.0050118724,-2.29999999447783,1,6112126,860,0,0,generated
611,dabashenliu_run_611\particle_positions_150000.csv,noise_3pct\c5400_phi19.00_logk-2.300000.png,equivalent_plastic_strain,5400,19,0.0050118724,-2.29999999447783,3,6112326,860,0,0,generated
611,dabashenliu_run_611\particle_positions_150000.csv,noise_5pct\c5400_phi19.00_logk-2.300000.png,equivalent_plastic_strain,5400,19,0.0050118724,-2.29999999447783,5,6112526,860,0,0,generated
612,dabashenliu_run_612\particle_positions_150000.csv,noise_0pct\c5400_phi19.00_logk-2.077778.png,equivalent_plastic_strain,5400,19,0.0083603095,-2.07777764461193,0,6122026,860,0,0,generated
612,dabashenliu_run_612\particle_positions_150000.csv,noise_1pct\c5400_phi19.00_logk-2.077778.png,equivalent_plastic_strain,5400,19,0.0083603095,-2.07777764461193,1,6122126,860,0,0,generated
612,dabashenliu_run_612\particle_positions_150000.csv,noise_3pct\c5400_phi19.00_logk-2.077778.png,equivalent_plastic_strain,5400,19,0.0083603095,-2.07777764461193,3,6122326,860,0,0,generated
612,dabashenliu_run_612\particle_positions_150000.csv,noise_5pct\c5400_phi19.00_logk-2.077778.png,equivalent_plastic_strain,5400,19,0.0083603095,-2.07777764461193,5,6122526,860,0,0,generated
613,dabashenliu_run_613\particle_positions_150000.csv,noise_0pct\c5400_phi19.00_logk-1.855556.png,equivalent_plastic_strain,5400,19,0.013945831,-1.85555560201739,0,6132026,860,0,0,generated
613,dabashenliu_run_613\particle_positions_150000.csv,noise_1pct\c5400_phi19.00_logk-1.855556.png,equivalent_plastic_strain,5400,19,0.013945831,-1.85555560201739,1,6132126,860,0,0,generated
613,dabashenliu_run_613\particle_positions_150000.csv,noise_3pct\c5400_phi19.00_logk-1.855556.png,equivalent_plastic_strain,5400,19,0.013945831,-1.85555560201739,3,6132326,860,0,0,generated
613,dabashenliu_run_613\particle_positions_150000.csv,noise_5pct\c5400_phi19.00_logk-1.855556.png,equivalent_plastic_strain,5400,19,0.013945831,-1.85555560201739,5,6132526,860,0,0,generated
614,dabashenliu_run_614\particle_positions_150000.csv,noise_0pct\c5400_phi19.00_logk-1.633333.png,equivalent_plastic_strain,5400,19,0.023263052,-1.63333330853244,0,6142026,860,0,0,generated
614,dabashenliu_run_614\particle_positions_150000.csv,noise_1pct\c5400_phi19.00_logk-1.633333.png,equivalent_plastic_strain,5400,19,0.023263052,-1.63333330853244,1,6142126,860,0,0,generated
614,dabashenliu_run_614\particle_positions_150000.csv,noise_3pct\c5400_phi19.00_logk-1.633333.png,equivalent_plastic_strain,5400,19,0.023263052,-1.63333330853244,3,6142326,860,0,0,generated
614,dabashenliu_run_614\particle_positions_150000.csv,noise_5pct\c5400_phi19.00_logk-1.633333.png,equivalent_plastic_strain,5400,19,0.023263052,-1.63333330853244,5,6142526,860,0,0,generated
615,dabashenliu_run_615\particle_positions_150000.csv,noise_0pct\c5400_phi19.00_logk-1.411111.png,equivalent_plastic_strain,5400,19,0.038805105,-1.41111113709934,0,6152026,860,0,0,generated
615,dabashenliu_run_615\particle_positions_150000.csv,noise_1pct\c5400_phi19.00_logk-1.411111.png,equivalent_plastic_strain,5400,19,0.038805105,-1.41111113709934,1,6152126,860,0,0,generated
615,dabashenliu_run_615\particle_positions_150000.csv,noise_3pct\c5400_phi19.00_logk-1.411111.png,equivalent_plastic_strain,5400,19,0.038805105,-1.41111113709934,3,6152326,860,0,0,generated
615,dabashenliu_run_615\particle_positions_150000.csv,noise_5pct\c5400_phi19.00_logk-1.411111.png,equivalent_plastic_strain,5400,19,0.038805105,-1.41111113709934,5,6152526,860,0,0,generated
616,dabashenliu_run_616\particle_positions_150000.csv,noise_0pct\c5400_phi19.00_logk-1.188889.png,equivalent_plastic_strain,5400,19,0.06473083,-1.18888882427963,0,6162026,860,0,0,generated
616,dabashenliu_run_616\particle_positions_150000.csv,noise_1pct\c5400_phi19.00_logk-1.188889.png,equivalent_plastic_strain,5400,19,0.06473083,-1.18888882427963,1,6162126,860,0,0,generated
616,dabashenliu_run_616\particle_positions_150000.csv,noise_3pct\c5400_phi19.00_logk-1.188889.png,equivalent_plastic_strain,5400,19,0.06473083,-1.18888882427963,3,6162326,860,0,0,generated
616,dabashenliu_run_616\particle_positions_150000.csv,noise_5pct\c5400_phi19.00_logk-1.188889.png,equivalent_plastic_strain,5400,19,0.06473083,-1.18888882427963,5,6162526,860,0,0,generated
617,dabashenliu_run_617\particle_positions_150000.csv,noise_0pct\c5400_phi19.00_logk-0.966667.png,equivalent_plastic_strain,5400,19,0.10797753,-0.966666611293739,0,6172026,860,0,0,generated
617,dabashenliu_run_617\particle_positions_150000.csv,noise_1pct\c5400_phi19.00_logk-0.966667.png,equivalent_plastic_strain,5400,19,0.10797753,-0.966666611293739,1,6172126,860,0,0,generated
617,dabashenliu_run_617\particle_positions_150000.csv,noise_3pct\c5400_phi19.00_logk-0.966667.png,equivalent_plastic_strain,5400,19,0.10797753,-0.966666611293739,3,6172326,860,0,0,generated
617,dabashenliu_run_617\particle_positions_150000.csv,noise_5pct\c5400_phi19.00_logk-0.966667.png,equivalent_plastic_strain,5400,19,0.10797753,-0.966666611293739,5,6172526,860,0,0,generated
618,dabashenliu_run_618\particle_positions_150000.csv,noise_0pct\c5400_phi19.00_logk-0.744444.png,equivalent_plastic_strain,5400,19,0.18011737,-0.744444403052799,0,6182026,860,0,3104,generated
618,dabashenliu_run_618\particle_positions_150000.csv,noise_1pct\c5400_phi19.00_logk-0.744444.png,equivalent_plastic_strain,5400,19,0.18011737,-0.744444403052799,1,6182126,860,0,3104,generated
618,dabashenliu_run_618\particle_positions_150000.csv,noise_3pct\c5400_phi19.00_logk-0.744444.png,equivalent_plastic_strain,5400,19,0.18011737,-0.744444403052799,3,6182326,860,0,3104,generated
618,dabashenliu_run_618\particle_positions_150000.csv,noise_5pct\c5400_phi19.00_logk-0.744444.png,equivalent_plastic_strain,5400,19,0.18011737,-0.744444403052799,5,6182526,860,0,3104,generated
619,dabashenliu_run_619\particle_positions_150000.csv,noise_0pct\c5400_phi19.00_logk-0.522222.png,equivalent_plastic_strain,5400,19,0.30045387,-0.522222197678965,0,6192026,860,0,10904,generated
619,dabashenliu_run_619\particle_positions_150000.csv,noise_1pct\c5400_phi19.00_logk-0.522222.png,equivalent_plastic_strain,5400,19,0.30045387,-0.522222197678965,1,6192126,860,0,10904,generated
619,dabashenliu_run_619\particle_positions_150000.csv,noise_3pct\c5400_phi19.00_logk-0.522222.png,equivalent_plastic_strain,5400,19,0.30045387,-0.522222197678965,3,6192326,860,0,10904,generated
619,dabashenliu_run_619\particle_positions_150000.csv,noise_5pct\c5400_phi19.00_logk-0.522222.png,equivalent_plastic_strain,5400,19,0.30045387,-0.522222197678965,5,6192526,860,0,10904,generated
620,dabashenliu_run_620\particle_positions_150000.csv,noise_0pct\c5400_phi19.00_logk-0.300000.png,equivalent_plastic_strain,5400,19,0.50118726,-0.299999977147204,0,6202026,860,0,23974,generated
620,dabashenliu_run_620\particle_positions_150000.csv,noise_1pct\c5400_phi19.00_logk-0.300000.png,equivalent_plastic_strain,5400,19,0.50118726,-0.299999977147204,1,6202126,860,0,23974,generated
620,dabashenliu_run_620\particle_positions_150000.csv,noise_3pct\c5400_phi19.00_logk-0.300000.png,equivalent_plastic_strain,5400,19,0.50118726,-0.299999977147204,3,6202326,860,0,23974,generated
620,dabashenliu_run_620\particle_positions_150000.csv,noise_5pct\c5400_phi19.00_logk-0.300000.png,equivalent_plastic_strain,5400,19,0.50118726,-0.299999977147204,5,6202526,860,0,23974,generated
621,dabashenliu_run_621\particle_positions_150000.csv,noise_0pct\c5400_phi20.00_logk-2.300000.png,equivalent_plastic_strain,5400,20,0.0050118724,-2.29999999447783,0,6212026,860,0,0,generated
621,dabashenliu_run_621\particle_positions_150000.csv,noise_1pct\c5400_phi20.00_logk-2.300000.png,equivalent_plastic_strain,5400,20,0.0050118724,-2.29999999447783,1,6212126,860,0,0,generated
621,dabashenliu_run_621\particle_positions_150000.csv,noise_3pct\c5400_phi20.00_logk-2.300000.png,equivalent_plastic_strain,5400,20,0.0050118724,-2.29999999447783,3,6212326,860,0,0,generated
621,dabashenliu_run_621\particle_positions_150000.csv,noise_5pct\c5400_phi20.00_logk-2.300000.png,equivalent_plastic_strain,5400,20,0.0050118724,-2.29999999447783,5,6212526,860,0,0,generated
622,dabashenliu_run_622\particle_positions_150000.csv,noise_0pct\c5400_phi20.00_logk-2.077778.png,equivalent_plastic_strain,5400,20,0.0083603095,-2.07777764461193,0,6222026,860,0,0,generated
622,dabashenliu_run_622\particle_positions_150000.csv,noise_1pct\c5400_phi20.00_logk-2.077778.png,equivalent_plastic_strain,5400,20,0.0083603095,-2.07777764461193,1,6222126,860,0,0,generated
622,dabashenliu_run_622\particle_positions_150000.csv,noise_3pct\c5400_phi20.00_logk-2.077778.png,equivalent_plastic_strain,5400,20,0.0083603095,-2.07777764461193,3,6222326,860,0,0,generated
622,dabashenliu_run_622\particle_positions_150000.csv,noise_5pct\c5400_phi20.00_logk-2.077778.png,equivalent_plastic_strain,5400,20,0.0083603095,-2.07777764461193,5,6222526,860,0,0,generated
623,dabashenliu_run_623\particle_positions_150000.csv,noise_0pct\c5400_phi20.00_logk-1.855556.png,equivalent_plastic_strain,5400,20,0.013945831,-1.85555560201739,0,6232026,860,0,0,generated
623,dabashenliu_run_623\particle_positions_150000.csv,noise_1pct\c5400_phi20.00_logk-1.855556.png,equivalent_plastic_strain,5400,20,0.013945831,-1.85555560201739,1,6232126,860,0,0,generated
623,dabashenliu_run_623\particle_positions_150000.csv,noise_3pct\c5400_phi20.00_logk-1.855556.png,equivalent_plastic_strain,5400,20,0.013945831,-1.85555560201739,3,6232326,860,0,0,generated
623,dabashenliu_run_623\particle_positions_150000.csv,noise_5pct\c5400_phi20.00_logk-1.855556.png,equivalent_plastic_strain,5400,20,0.013945831,-1.85555560201739,5,6232526,860,0,0,generated
624,dabashenliu_run_624\particle_positions_150000.csv,noise_0pct\c5400_phi20.00_logk-1.633333.png,equivalent_plastic_strain,5400,20,0.023263052,-1.63333330853244,0,6242026,860,0,0,generated
624,dabashenliu_run_624\particle_positions_150000.csv,noise_1pct\c5400_phi20.00_logk-1.633333.png,equivalent_plastic_strain,5400,20,0.023263052,-1.63333330853244,1,6242126,860,0,0,generated
624,dabashenliu_run_624\particle_positions_150000.csv,noise_3pct\c5400_phi20.00_logk-1.633333.png,equivalent_plastic_strain,5400,20,0.023263052,-1.63333330853244,3,6242326,860,0,0,generated
624,dabashenliu_run_624\particle_positions_150000.csv,noise_5pct\c5400_phi20.00_logk-1.633333.png,equivalent_plastic_strain,5400,20,0.023263052,-1.63333330853244,5,6242526,860,0,0,generated
625,dabashenliu_run_625\particle_positions_150000.csv,noise_0pct\c5400_phi20.00_logk-1.411111.png,equivalent_plastic_strain,5400,20,0.038805105,-1.41111113709934,0,6252026,860,0,0,generated
625,dabashenliu_run_625\particle_positions_150000.csv,noise_1pct\c5400_phi20.00_logk-1.411111.png,equivalent_plastic_strain,5400,20,0.038805105,-1.41111113709934,1,6252126,860,0,0,generated
625,dabashenliu_run_625\particle_positions_150000.csv,noise_3pct\c5400_phi20.00_logk-1.411111.png,equivalent_plastic_strain,5400,20,0.038805105,-1.41111113709934,3,6252326,860,0,0,generated
625,dabashenliu_run_625\particle_positions_150000.csv,noise_5pct\c5400_phi20.00_logk-1.411111.png,equivalent_plastic_strain,5400,20,0.038805105,-1.41111113709934,5,6252526,860,0,0,generated
626,dabashenliu_run_626\particle_positions_150000.csv,noise_0pct\c5400_phi20.00_logk-1.188889.png,equivalent_plastic_strain,5400,20,0.06473083,-1.18888882427963,0,6262026,860,0,0,generated
626,dabashenliu_run_626\particle_positions_150000.csv,noise_1pct\c5400_phi20.00_logk-1.188889.png,equivalent_plastic_strain,5400,20,0.06473083,-1.18888882427963,1,6262126,860,0,0,generated
626,dabashenliu_run_626\particle_positions_150000.csv,noise_3pct\c5400_phi20.00_logk-1.188889.png,equivalent_plastic_strain,5400,20,0.06473083,-1.18888882427963,3,6262326,860,0,0,generated
626,dabashenliu_run_626\particle_positions_150000.csv,noise_5pct\c5400_phi20.00_logk-1.188889.png,equivalent_plastic_strain,5400,20,0.06473083,-1.18888882427963,5,6262526,860,0,0,generated
627,dabashenliu_run_627\particle_positions_150000.csv,noise_0pct\c5400_phi20.00_logk-0.966667.png,equivalent_plastic_strain,5400,20,0.10797753,-0.966666611293739,0,6272026,860,0,0,generated
627,dabashenliu_run_627\particle_positions_150000.csv,noise_1pct\c5400_phi20.00_logk-0.966667.png,equivalent_plastic_strain,5400,20,0.10797753,-0.966666611293739,1,6272126,860,0,0,generated
627,dabashenliu_run_627\particle_positions_150000.csv,noise_3pct\c5400_phi20.00_logk-0.966667.png,equivalent_plastic_strain,5400,20,0.10797753,-0.966666611293739,3,6272326,860,0,0,generated
627,dabashenliu_run_627\particle_positions_150000.csv,noise_5pct\c5400_phi20.00_logk-0.966667.png,equivalent_plastic_strain,5400,20,0.10797753,-0.966666611293739,5,6272526,860,0,0,generated
628,dabashenliu_run_628\particle_positions_150000.csv,noise_0pct\c5400_phi20.00_logk-0.744444.png,equivalent_plastic_strain,5400,20,0.18011737,-0.744444403052799,0,6282026,860,0,2848,generated
628,dabashenliu_run_628\particle_positions_150000.csv,noise_1pct\c5400_phi20.00_logk-0.744444.png,equivalent_plastic_strain,5400,20,0.18011737,-0.744444403052799,1,6282126,860,0,2848,generated
628,dabashenliu_run_628\particle_positions_150000.csv,noise_3pct\c5400_phi20.00_logk-0.744444.png,equivalent_plastic_strain,5400,20,0.18011737,-0.744444403052799,3,6282326,860,0,2848,generated
628,dabashenliu_run_628\particle_positions_150000.csv,noise_5pct\c5400_phi20.00_logk-0.744444.png,equivalent_plastic_strain,5400,20,0.18011737,-0.744444403052799,5,6282526,860,0,2848,generated
629,dabashenliu_run_629\particle_positions_150000.csv,noise_0pct\c5400_phi20.00_logk-0.522222.png,equivalent_plastic_strain,5400,20,0.30045387,-0.522222197678965,0,6292026,860,0,13104,generated
629,dabashenliu_run_629\particle_positions_150000.csv,noise_1pct\c5400_phi20.00_logk-0.522222.png,equivalent_plastic_strain,5400,20,0.30045387,-0.522222197678965,1,6292126,860,0,13104,generated
629,dabashenliu_run_629\particle_positions_150000.csv,noise_3pct\c5400_phi20.00_logk-0.522222.png,equivalent_plastic_strain,5400,20,0.30045387,-0.522222197678965,3,6292326,860,0,13104,generated
629,dabashenliu_run_629\particle_positions_150000.csv,noise_5pct\c5400_phi20.00_logk-0.522222.png,equivalent_plastic_strain,5400,20,0.30045387,-0.522222197678965,5,6292526,860,0,13104,generated
630,dabashenliu_run_630\particle_positions_150000.csv,noise_0pct\c5400_phi20.00_logk-0.300000.png,equivalent_plastic_strain,5400,20,0.50118726,-0.299999977147204,0,6302026,860,0,24476,generated
630,dabashenliu_run_630\particle_positions_150000.csv,noise_1pct\c5400_phi20.00_logk-0.300000.png,equivalent_plastic_strain,5400,20,0.50118726,-0.299999977147204,1,6302126,860,0,24476,generated
630,dabashenliu_run_630\particle_positions_150000.csv,noise_3pct\c5400_phi20.00_logk-0.300000.png,equivalent_plastic_strain,5400,20,0.50118726,-0.299999977147204,3,6302326,860,0,24476,generated
630,dabashenliu_run_630\particle_positions_150000.csv,noise_5pct\c5400_phi20.00_logk-0.300000.png,equivalent_plastic_strain,5400,20,0.50118726,-0.299999977147204,5,6302526,860,0,24476,generated
631,dabashenliu_run_631\particle_positions_150000.csv,noise_0pct\c5400_phi21.00_logk-2.300000.png,equivalent_plastic_strain,5400,21,0.0050118724,-2.29999999447783,0,6312026,860,0,0,generated
631,dabashenliu_run_631\particle_positions_150000.csv,noise_1pct\c5400_phi21.00_logk-2.300000.png,equivalent_plastic_strain,5400,21,0.0050118724,-2.29999999447783,1,6312126,860,0,0,generated
631,dabashenliu_run_631\particle_positions_150000.csv,noise_3pct\c5400_phi21.00_logk-2.300000.png,equivalent_plastic_strain,5400,21,0.0050118724,-2.29999999447783,3,6312326,860,0,0,generated
631,dabashenliu_run_631\particle_positions_150000.csv,noise_5pct\c5400_phi21.00_logk-2.300000.png,equivalent_plastic_strain,5400,21,0.0050118724,-2.29999999447783,5,6312526,860,0,0,generated
632,dabashenliu_run_632\particle_positions_150000.csv,noise_0pct\c5400_phi21.00_logk-2.077778.png,equivalent_plastic_strain,5400,21,0.0083603095,-2.07777764461193,0,6322026,860,0,0,generated
632,dabashenliu_run_632\particle_positions_150000.csv,noise_1pct\c5400_phi21.00_logk-2.077778.png,equivalent_plastic_strain,5400,21,0.0083603095,-2.07777764461193,1,6322126,860,0,0,generated
632,dabashenliu_run_632\particle_positions_150000.csv,noise_3pct\c5400_phi21.00_logk-2.077778.png,equivalent_plastic_strain,5400,21,0.0083603095,-2.07777764461193,3,6322326,860,0,0,generated
632,dabashenliu_run_632\particle_positions_150000.csv,noise_5pct\c5400_phi21.00_logk-2.077778.png,equivalent_plastic_strain,5400,21,0.0083603095,-2.07777764461193,5,6322526,860,0,0,generated
633,dabashenliu_run_633\particle_positions_150000.csv,noise_0pct\c5400_phi21.00_logk-1.855556.png,equivalent_plastic_strain,5400,21,0.013945831,-1.85555560201739,0,6332026,860,0,0,generated
633,dabashenliu_run_633\particle_positions_150000.csv,noise_1pct\c5400_phi21.00_logk-1.855556.png,equivalent_plastic_strain,5400,21,0.013945831,-1.85555560201739,1,6332126,860,0,0,generated
633,dabashenliu_run_633\particle_positions_150000.csv,noise_3pct\c5400_phi21.00_logk-1.855556.png,equivalent_plastic_strain,5400,21,0.013945831,-1.85555560201739,3,6332326,860,0,0,generated
633,dabashenliu_run_633\particle_positions_150000.csv,noise_5pct\c5400_phi21.00_logk-1.855556.png,equivalent_plastic_strain,5400,21,0.013945831,-1.85555560201739,5,6332526,860,0,0,generated
634,dabashenliu_run_634\particle_positions_150000.csv,noise_0pct\c5400_phi21.00_logk-1.633333.png,equivalent_plastic_strain,5400,21,0.023263052,-1.63333330853244,0,6342026,860,0,0,generated
634,dabashenliu_run_634\particle_positions_150000.csv,noise_1pct\c5400_phi21.00_logk-1.633333.png,equivalent_plastic_strain,5400,21,0.023263052,-1.63333330853244,1,6342126,860,0,0,generated
634,dabashenliu_run_634\particle_positions_150000.csv,noise_3pct\c5400_phi21.00_logk-1.633333.png,equivalent_plastic_strain,5400,21,0.023263052,-1.63333330853244,3,6342326,860,0,0,generated
634,dabashenliu_run_634\particle_positions_150000.csv,noise_5pct\c5400_phi21.00_logk-1.633333.png,equivalent_plastic_strain,5400,21,0.023263052,-1.63333330853244,5,6342526,860,0,0,generated
635,dabashenliu_run_635\particle_positions_150000.csv,noise_0pct\c5400_phi21.00_logk-1.411111.png,equivalent_plastic_strain,5400,21,0.038805105,-1.41111113709934,0,6352026,860,0,0,generated
635,dabashenliu_run_635\particle_positions_150000.csv,noise_1pct\c5400_phi21.00_logk-1.411111.png,equivalent_plastic_strain,5400,21,0.038805105,-1.41111113709934,1,6352126,860,0,0,generated
635,dabashenliu_run_635\particle_positions_150000.csv,noise_3pct\c5400_phi21.00_logk-1.411111.png,equivalent_plastic_strain,5400,21,0.038805105,-1.41111113709934,3,6352326,860,0,0,generated
635,dabashenliu_run_635\particle_positions_150000.csv,noise_5pct\c5400_phi21.00_logk-1.411111.png,equivalent_plastic_strain,5400,21,0.038805105,-1.41111113709934,5,6352526,860,0,0,generated
636,dabashenliu_run_636\particle_positions_150000.csv,noise_0pct\c5400_phi21.00_logk-1.188889.png,equivalent_plastic_strain,5400,21,0.06473083,-1.18888882427963,0,6362026,860,0,0,generated
636,dabashenliu_run_636\particle_positions_150000.csv,noise_1pct\c5400_phi21.00_logk-1.188889.png,equivalent_plastic_strain,5400,21,0.06473083,-1.18888882427963,1,6362126,860,0,0,generated
636,dabashenliu_run_636\particle_positions_150000.csv,noise_3pct\c5400_phi21.00_logk-1.188889.png,equivalent_plastic_strain,5400,21,0.06473083,-1.18888882427963,3,6362326,860,0,0,generated
636,dabashenliu_run_636\particle_positions_150000.csv,noise_5pct\c5400_phi21.00_logk-1.188889.png,equivalent_plastic_strain,5400,21,0.06473083,-1.18888882427963,5,6362526,860,0,0,generated
637,dabashenliu_run_637\particle_positions_150000.csv,noise_0pct\c5400_phi21.00_logk-0.966667.png,equivalent_plastic_strain,5400,21,0.10797753,-0.966666611293739,0,6372026,860,0,0,generated
637,dabashenliu_run_637\particle_positions_150000.csv,noise_1pct\c5400_phi21.00_logk-0.966667.png,equivalent_plastic_strain,5400,21,0.10797753,-0.966666611293739,1,6372126,860,0,0,generated
637,dabashenliu_run_637\particle_positions_150000.csv,noise_3pct\c5400_phi21.00_logk-0.966667.png,equivalent_plastic_strain,5400,21,0.10797753,-0.966666611293739,3,6372326,860,0,0,generated
637,dabashenliu_run_637\particle_positions_150000.csv,noise_5pct\c5400_phi21.00_logk-0.966667.png,equivalent_plastic_strain,5400,21,0.10797753,-0.966666611293739,5,6372526,860,0,0,generated
638,dabashenliu_run_638\particle_positions_150000.csv,noise_0pct\c5400_phi21.00_logk-0.744444.png,equivalent_plastic_strain,5400,21,0.18011737,-0.744444403052799,0,6382026,860,0,2272,generated
638,dabashenliu_run_638\particle_positions_150000.csv,noise_1pct\c5400_phi21.00_logk-0.744444.png,equivalent_plastic_strain,5400,21,0.18011737,-0.744444403052799,1,6382126,860,0,2272,generated
638,dabashenliu_run_638\particle_positions_150000.csv,noise_3pct\c5400_phi21.00_logk-0.744444.png,equivalent_plastic_strain,5400,21,0.18011737,-0.744444403052799,3,6382326,860,0,2272,generated
638,dabashenliu_run_638\particle_positions_150000.csv,noise_5pct\c5400_phi21.00_logk-0.744444.png,equivalent_plastic_strain,5400,21,0.18011737,-0.744444403052799,5,6382526,860,0,2272,generated
639,dabashenliu_run_639\particle_positions_150000.csv,noise_0pct\c5400_phi21.00_logk-0.522222.png,equivalent_plastic_strain,5400,21,0.30045387,-0.522222197678965,0,6392026,860,0,9175,generated
639,dabashenliu_run_639\particle_positions_150000.csv,noise_1pct\c5400_phi21.00_logk-0.522222.png,equivalent_plastic_strain,5400,21,0.30045387,-0.522222197678965,1,6392126,860,0,9175,generated
639,dabashenliu_run_639\particle_positions_150000.csv,noise_3pct\c5400_phi21.00_logk-0.522222.png,equivalent_plastic_strain,5400,21,0.30045387,-0.522222197678965,3,6392326,860,0,9175,generated
639,dabashenliu_run_639\particle_positions_150000.csv,noise_5pct\c5400_phi21.00_logk-0.522222.png,equivalent_plastic_strain,5400,21,0.30045387,-0.522222197678965,5,6392526,860,0,9175,generated
640,dabashenliu_run_640\particle_positions_150000.csv,noise_0pct\c5400_phi21.00_logk-0.300000.png,equivalent_plastic_strain,5400,21,0.50118726,-0.299999977147204,0,6402026,860,0,16626,generated
640,dabashenliu_run_640\particle_positions_150000.csv,noise_1pct\c5400_phi21.00_logk-0.300000.png,equivalent_plastic_strain,5400,21,0.50118726,-0.299999977147204,1,6402126,860,0,16626,generated
640,dabashenliu_run_640\particle_positions_150000.csv,noise_3pct\c5400_phi21.00_logk-0.300000.png,equivalent_plastic_strain,5400,21,0.50118726,-0.299999977147204,3,6402326,860,0,16626,generated
640,dabashenliu_run_640\particle_positions_150000.csv,noise_5pct\c5400_phi21.00_logk-0.300000.png,equivalent_plastic_strain,5400,21,0.50118726,-0.299999977147204,5,6402526,860,0,16626,generated
641,dabashenliu_run_641\particle_positions_150000.csv,noise_0pct\c5400_phi22.00_logk-2.300000.png,equivalent_plastic_strain,5400,22,0.0050118724,-2.29999999447783,0,6412026,860,0,0,generated
641,dabashenliu_run_641\particle_positions_150000.csv,noise_1pct\c5400_phi22.00_logk-2.300000.png,equivalent_plastic_strain,5400,22,0.0050118724,-2.29999999447783,1,6412126,860,0,0,generated
641,dabashenliu_run_641\particle_positions_150000.csv,noise_3pct\c5400_phi22.00_logk-2.300000.png,equivalent_plastic_strain,5400,22,0.0050118724,-2.29999999447783,3,6412326,860,0,0,generated
641,dabashenliu_run_641\particle_positions_150000.csv,noise_5pct\c5400_phi22.00_logk-2.300000.png,equivalent_plastic_strain,5400,22,0.0050118724,-2.29999999447783,5,6412526,860,0,0,generated
642,dabashenliu_run_642\particle_positions_150000.csv,noise_0pct\c5400_phi22.00_logk-2.077778.png,equivalent_plastic_strain,5400,22,0.0083603095,-2.07777764461193,0,6422026,860,0,0,generated
642,dabashenliu_run_642\particle_positions_150000.csv,noise_1pct\c5400_phi22.00_logk-2.077778.png,equivalent_plastic_strain,5400,22,0.0083603095,-2.07777764461193,1,6422126,860,0,0,generated
642,dabashenliu_run_642\particle_positions_150000.csv,noise_3pct\c5400_phi22.00_logk-2.077778.png,equivalent_plastic_strain,5400,22,0.0083603095,-2.07777764461193,3,6422326,860,0,0,generated
642,dabashenliu_run_642\particle_positions_150000.csv,noise_5pct\c5400_phi22.00_logk-2.077778.png,equivalent_plastic_strain,5400,22,0.0083603095,-2.07777764461193,5,6422526,860,0,0,generated
643,dabashenliu_run_643\particle_positions_150000.csv,noise_0pct\c5400_phi22.00_logk-1.855556.png,equivalent_plastic_strain,5400,22,0.013945831,-1.85555560201739,0,6432026,860,0,0,generated
643,dabashenliu_run_643\particle_positions_150000.csv,noise_1pct\c5400_phi22.00_logk-1.855556.png,equivalent_plastic_strain,5400,22,0.013945831,-1.85555560201739,1,6432126,860,0,0,generated
643,dabashenliu_run_643\particle_positions_150000.csv,noise_3pct\c5400_phi22.00_logk-1.855556.png,equivalent_plastic_strain,5400,22,0.013945831,-1.85555560201739,3,6432326,860,0,0,generated
643,dabashenliu_run_643\particle_positions_150000.csv,noise_5pct\c5400_phi22.00_logk-1.855556.png,equivalent_plastic_strain,5400,22,0.013945831,-1.85555560201739,5,6432526,860,0,0,generated
644,dabashenliu_run_644\particle_positions_150000.csv,noise_0pct\c5400_phi22.00_logk-1.633333.png,equivalent_plastic_strain,5400,22,0.023263052,-1.63333330853244,0,6442026,860,0,0,generated
644,dabashenliu_run_644\particle_positions_150000.csv,noise_1pct\c5400_phi22.00_logk-1.633333.png,equivalent_plastic_strain,5400,22,0.023263052,-1.63333330853244,1,6442126,860,0,0,generated
644,dabashenliu_run_644\particle_positions_150000.csv,noise_3pct\c5400_phi22.00_logk-1.633333.png,equivalent_plastic_strain,5400,22,0.023263052,-1.63333330853244,3,6442326,860,0,0,generated
644,dabashenliu_run_644\particle_positions_150000.csv,noise_5pct\c5400_phi22.00_logk-1.633333.png,equivalent_plastic_strain,5400,22,0.023263052,-1.63333330853244,5,6442526,860,0,0,generated
645,dabashenliu_run_645\particle_positions_150000.csv,noise_0pct\c5400_phi22.00_logk-1.411111.png,equivalent_plastic_strain,5400,22,0.038805105,-1.41111113709934,0,6452026,860,0,0,generated
645,dabashenliu_run_645\particle_positions_150000.csv,noise_1pct\c5400_phi22.00_logk-1.411111.png,equivalent_plastic_strain,5400,22,0.038805105,-1.41111113709934,1,6452126,860,0,0,generated
645,dabashenliu_run_645\particle_positions_150000.csv,noise_3pct\c5400_phi22.00_logk-1.411111.png,equivalent_plastic_strain,5400,22,0.038805105,-1.41111113709934,3,6452326,860,0,0,generated
645,dabashenliu_run_645\particle_positions_150000.csv,noise_5pct\c5400_phi22.00_logk-1.411111.png,equivalent_plastic_strain,5400,22,0.038805105,-1.41111113709934,5,6452526,860,0,0,generated
646,dabashenliu_run_646\particle_positions_150000.csv,noise_0pct\c5400_phi22.00_logk-1.188889.png,equivalent_plastic_strain,5400,22,0.06473083,-1.18888882427963,0,6462026,860,0,0,generated
646,dabashenliu_run_646\particle_positions_150000.csv,noise_1pct\c5400_phi22.00_logk-1.188889.png,equivalent_plastic_strain,5400,22,0.06473083,-1.18888882427963,1,6462126,860,0,0,generated
646,dabashenliu_run_646\particle_positions_150000.csv,noise_3pct\c5400_phi22.00_logk-1.188889.png,equivalent_plastic_strain,5400,22,0.06473083,-1.18888882427963,3,6462326,860,0,0,generated
646,dabashenliu_run_646\particle_positions_150000.csv,noise_5pct\c5400_phi22.00_logk-1.188889.png,equivalent_plastic_strain,5400,22,0.06473083,-1.18888882427963,5,6462526,860,0,0,generated
647,dabashenliu_run_647\particle_positions_150000.csv,noise_0pct\c5400_phi22.00_logk-0.966667.png,equivalent_plastic_strain,5400,22,0.10797753,-0.966666611293739,0,6472026,860,0,0,generated
647,dabashenliu_run_647\particle_positions_150000.csv,noise_1pct\c5400_phi22.00_logk-0.966667.png,equivalent_plastic_strain,5400,22,0.10797753,-0.966666611293739,1,6472126,860,0,0,generated
647,dabashenliu_run_647\particle_positions_150000.csv,noise_3pct\c5400_phi22.00_logk-0.966667.png,equivalent_plastic_strain,5400,22,0.10797753,-0.966666611293739,3,6472326,860,0,0,generated
647,dabashenliu_run_647\particle_positions_150000.csv,noise_5pct\c5400_phi22.00_logk-0.966667.png,equivalent_plastic_strain,5400,22,0.10797753,-0.966666611293739,5,6472526,860,0,0,generated
648,dabashenliu_run_648\particle_positions_150000.csv,noise_0pct\c5400_phi22.00_logk-0.744444.png,equivalent_plastic_strain,5400,22,0.18011737,-0.744444403052799,0,6482026,860,0,1638,generated
648,dabashenliu_run_648\particle_positions_150000.csv,noise_1pct\c5400_phi22.00_logk-0.744444.png,equivalent_plastic_strain,5400,22,0.18011737,-0.744444403052799,1,6482126,860,0,1638,generated
648,dabashenliu_run_648\particle_positions_150000.csv,noise_3pct\c5400_phi22.00_logk-0.744444.png,equivalent_plastic_strain,5400,22,0.18011737,-0.744444403052799,3,6482326,860,0,1638,generated
648,dabashenliu_run_648\particle_positions_150000.csv,noise_5pct\c5400_phi22.00_logk-0.744444.png,equivalent_plastic_strain,5400,22,0.18011737,-0.744444403052799,5,6482526,860,0,1638,generated
649,dabashenliu_run_649\particle_positions_150000.csv,noise_0pct\c5400_phi22.00_logk-0.522222.png,equivalent_plastic_strain,5400,22,0.30045387,-0.522222197678965,0,6492026,860,0,7177,generated
649,dabashenliu_run_649\particle_positions_150000.csv,noise_1pct\c5400_phi22.00_logk-0.522222.png,equivalent_plastic_strain,5400,22,0.30045387,-0.522222197678965,1,6492126,860,0,7177,generated
649,dabashenliu_run_649\particle_positions_150000.csv,noise_3pct\c5400_phi22.00_logk-0.522222.png,equivalent_plastic_strain,5400,22,0.30045387,-0.522222197678965,3,6492326,860,0,7177,generated
649,dabashenliu_run_649\particle_positions_150000.csv,noise_5pct\c5400_phi22.00_logk-0.522222.png,equivalent_plastic_strain,5400,22,0.30045387,-0.522222197678965,5,6492526,860,0,7177,generated
650,dabashenliu_run_650\particle_positions_150000.csv,noise_0pct\c5400_phi22.00_logk-0.300000.png,equivalent_plastic_strain,5400,22,0.50118726,-0.299999977147204,0,6502026,860,0,10824,generated
650,dabashenliu_run_650\particle_positions_150000.csv,noise_1pct\c5400_phi22.00_logk-0.300000.png,equivalent_plastic_strain,5400,22,0.50118726,-0.299999977147204,1,6502126,860,0,10824,generated
650,dabashenliu_run_650\particle_positions_150000.csv,noise_3pct\c5400_phi22.00_logk-0.300000.png,equivalent_plastic_strain,5400,22,0.50118726,-0.299999977147204,3,6502326,860,0,10824,generated
650,dabashenliu_run_650\particle_positions_150000.csv,noise_5pct\c5400_phi22.00_logk-0.300000.png,equivalent_plastic_strain,5400,22,0.50118726,-0.299999977147204,5,6502526,860,0,10824,generated
651,dabashenliu_run_651\particle_positions_150000.csv,noise_0pct\c5400_phi23.00_logk-2.300000.png,equivalent_plastic_strain,5400,23,0.0050118724,-2.29999999447783,0,6512026,860,0,0,generated
651,dabashenliu_run_651\particle_positions_150000.csv,noise_1pct\c5400_phi23.00_logk-2.300000.png,equivalent_plastic_strain,5400,23,0.0050118724,-2.29999999447783,1,6512126,860,0,0,generated
651,dabashenliu_run_651\particle_positions_150000.csv,noise_3pct\c5400_phi23.00_logk-2.300000.png,equivalent_plastic_strain,5400,23,0.0050118724,-2.29999999447783,3,6512326,860,0,0,generated
651,dabashenliu_run_651\particle_positions_150000.csv,noise_5pct\c5400_phi23.00_logk-2.300000.png,equivalent_plastic_strain,5400,23,0.0050118724,-2.29999999447783,5,6512526,860,0,0,generated
652,dabashenliu_run_652\particle_positions_150000.csv,noise_0pct\c5400_phi23.00_logk-2.077778.png,equivalent_plastic_strain,5400,23,0.0083603095,-2.07777764461193,0,6522026,860,0,0,generated
652,dabashenliu_run_652\particle_positions_150000.csv,noise_1pct\c5400_phi23.00_logk-2.077778.png,equivalent_plastic_strain,5400,23,0.0083603095,-2.07777764461193,1,6522126,860,0,0,generated
652,dabashenliu_run_652\particle_positions_150000.csv,noise_3pct\c5400_phi23.00_logk-2.077778.png,equivalent_plastic_strain,5400,23,0.0083603095,-2.07777764461193,3,6522326,860,0,0,generated
652,dabashenliu_run_652\particle_positions_150000.csv,noise_5pct\c5400_phi23.00_logk-2.077778.png,equivalent_plastic_strain,5400,23,0.0083603095,-2.07777764461193,5,6522526,860,0,0,generated
653,dabashenliu_run_653\particle_positions_150000.csv,noise_0pct\c5400_phi23.00_logk-1.855556.png,equivalent_plastic_strain,5400,23,0.013945831,-1.85555560201739,0,6532026,860,0,0,generated
653,dabashenliu_run_653\particle_positions_150000.csv,noise_1pct\c5400_phi23.00_logk-1.855556.png,equivalent_plastic_strain,5400,23,0.013945831,-1.85555560201739,1,6532126,860,0,0,generated
653,dabashenliu_run_653\particle_positions_150000.csv,noise_3pct\c5400_phi23.00_logk-1.855556.png,equivalent_plastic_strain,5400,23,0.013945831,-1.85555560201739,3,6532326,860,0,0,generated
653,dabashenliu_run_653\particle_positions_150000.csv,noise_5pct\c5400_phi23.00_logk-1.855556.png,equivalent_plastic_strain,5400,23,0.013945831,-1.85555560201739,5,6532526,860,0,0,generated
654,dabashenliu_run_654\particle_positions_150000.csv,noise_0pct\c5400_phi23.00_logk-1.633333.png,equivalent_plastic_strain,5400,23,0.023263052,-1.63333330853244,0,6542026,860,0,0,generated
654,dabashenliu_run_654\particle_positions_150000.csv,noise_1pct\c5400_phi23.00_logk-1.633333.png,equivalent_plastic_strain,5400,23,0.023263052,-1.63333330853244,1,6542126,860,0,0,generated
654,dabashenliu_run_654\particle_positions_150000.csv,noise_3pct\c5400_phi23.00_logk-1.633333.png,equivalent_plastic_strain,5400,23,0.023263052,-1.63333330853244,3,6542326,860,0,0,generated
654,dabashenliu_run_654\particle_positions_150000.csv,noise_5pct\c5400_phi23.00_logk-1.633333.png,equivalent_plastic_strain,5400,23,0.023263052,-1.63333330853244,5,6542526,860,0,0,generated
655,dabashenliu_run_655\particle_positions_150000.csv,noise_0pct\c5400_phi23.00_logk-1.411111.png,equivalent_plastic_strain,5400,23,0.038805105,-1.41111113709934,0,6552026,860,0,0,generated
655,dabashenliu_run_655\particle_positions_150000.csv,noise_1pct\c5400_phi23.00_logk-1.411111.png,equivalent_plastic_strain,5400,23,0.038805105,-1.41111113709934,1,6552126,860,0,0,generated
655,dabashenliu_run_655\particle_positions_150000.csv,noise_3pct\c5400_phi23.00_logk-1.411111.png,equivalent_plastic_strain,5400,23,0.038805105,-1.41111113709934,3,6552326,860,0,0,generated
655,dabashenliu_run_655\particle_positions_150000.csv,noise_5pct\c5400_phi23.00_logk-1.411111.png,equivalent_plastic_strain,5400,23,0.038805105,-1.41111113709934,5,6552526,860,0,0,generated
656,dabashenliu_run_656\particle_positions_150000.csv,noise_0pct\c5400_phi23.00_logk-1.188889.png,equivalent_plastic_strain,5400,23,0.06473083,-1.18888882427963,0,6562026,860,0,0,generated
656,dabashenliu_run_656\particle_positions_150000.csv,noise_1pct\c5400_phi23.00_logk-1.188889.png,equivalent_plastic_strain,5400,23,0.06473083,-1.18888882427963,1,6562126,860,0,0,generated
656,dabashenliu_run_656\particle_positions_150000.csv,noise_3pct\c5400_phi23.00_logk-1.188889.png,equivalent_plastic_strain,5400,23,0.06473083,-1.18888882427963,3,6562326,860,0,0,generated
656,dabashenliu_run_656\particle_positions_150000.csv,noise_5pct\c5400_phi23.00_logk-1.188889.png,equivalent_plastic_strain,5400,23,0.06473083,-1.18888882427963,5,6562526,860,0,0,generated
657,dabashenliu_run_657\particle_positions_150000.csv,noise_0pct\c5400_phi23.00_logk-0.966667.png,equivalent_plastic_strain,5400,23,0.10797753,-0.966666611293739,0,6572026,860,0,0,generated
657,dabashenliu_run_657\particle_positions_150000.csv,noise_1pct\c5400_phi23.00_logk-0.966667.png,equivalent_plastic_strain,5400,23,0.10797753,-0.966666611293739,1,6572126,860,0,0,generated
657,dabashenliu_run_657\particle_positions_150000.csv,noise_3pct\c5400_phi23.00_logk-0.966667.png,equivalent_plastic_strain,5400,23,0.10797753,-0.966666611293739,3,6572326,860,0,0,generated
657,dabashenliu_run_657\particle_positions_150000.csv,noise_5pct\c5400_phi23.00_logk-0.966667.png,equivalent_plastic_strain,5400,23,0.10797753,-0.966666611293739,5,6572526,860,0,0,generated
658,dabashenliu_run_658\particle_positions_150000.csv,noise_0pct\c5400_phi23.00_logk-0.744444.png,equivalent_plastic_strain,5400,23,0.18011737,-0.744444403052799,0,6582026,860,0,1162,generated
658,dabashenliu_run_658\particle_positions_150000.csv,noise_1pct\c5400_phi23.00_logk-0.744444.png,equivalent_plastic_strain,5400,23,0.18011737,-0.744444403052799,1,6582126,860,0,1162,generated
658,dabashenliu_run_658\particle_positions_150000.csv,noise_3pct\c5400_phi23.00_logk-0.744444.png,equivalent_plastic_strain,5400,23,0.18011737,-0.744444403052799,3,6582326,860,0,1162,generated
658,dabashenliu_run_658\particle_positions_150000.csv,noise_5pct\c5400_phi23.00_logk-0.744444.png,equivalent_plastic_strain,5400,23,0.18011737,-0.744444403052799,5,6582526,860,0,1162,generated
659,dabashenliu_run_659\particle_positions_150000.csv,noise_0pct\c5400_phi23.00_logk-0.522222.png,equivalent_plastic_strain,5400,23,0.30045387,-0.522222197678965,0,6592026,860,0,4277,generated
659,dabashenliu_run_659\particle_positions_150000.csv,noise_1pct\c5400_phi23.00_logk-0.522222.png,equivalent_plastic_strain,5400,23,0.30045387,-0.522222197678965,1,6592126,860,0,4277,generated
659,dabashenliu_run_659\particle_positions_150000.csv,noise_3pct\c5400_phi23.00_logk-0.522222.png,equivalent_plastic_strain,5400,23,0.30045387,-0.522222197678965,3,6592326,860,0,4277,generated
659,dabashenliu_run_659\particle_positions_150000.csv,noise_5pct\c5400_phi23.00_logk-0.522222.png,equivalent_plastic_strain,5400,23,0.30045387,-0.522222197678965,5,6592526,860,0,4277,generated
660,dabashenliu_run_660\particle_positions_150000.csv,noise_0pct\c5400_phi23.00_logk-0.300000.png,equivalent_plastic_strain,5400,23,0.50118726,-0.299999977147204,0,6602026,860,0,9783,generated
660,dabashenliu_run_660\particle_positions_150000.csv,noise_1pct\c5400_phi23.00_logk-0.300000.png,equivalent_plastic_strain,5400,23,0.50118726,-0.299999977147204,1,6602126,860,0,9783,generated
660,dabashenliu_run_660\particle_positions_150000.csv,noise_3pct\c5400_phi23.00_logk-0.300000.png,equivalent_plastic_strain,5400,23,0.50118726,-0.299999977147204,3,6602326,860,0,9783,generated
660,dabashenliu_run_660\particle_positions_150000.csv,noise_5pct\c5400_phi23.00_logk-0.300000.png,equivalent_plastic_strain,5400,23,0.50118726,-0.299999977147204,5,6602526,860,0,9783,generated
661,dabashenliu_run_661\particle_positions_150000.csv,noise_0pct\c5400_phi24.00_logk-2.300000.png,equivalent_plastic_strain,5400,24,0.0050118724,-2.29999999447783,0,6612026,860,0,0,generated
661,dabashenliu_run_661\particle_positions_150000.csv,noise_1pct\c5400_phi24.00_logk-2.300000.png,equivalent_plastic_strain,5400,24,0.0050118724,-2.29999999447783,1,6612126,860,0,0,generated
661,dabashenliu_run_661\particle_positions_150000.csv,noise_3pct\c5400_phi24.00_logk-2.300000.png,equivalent_plastic_strain,5400,24,0.0050118724,-2.29999999447783,3,6612326,860,0,0,generated
661,dabashenliu_run_661\particle_positions_150000.csv,noise_5pct\c5400_phi24.00_logk-2.300000.png,equivalent_plastic_strain,5400,24,0.0050118724,-2.29999999447783,5,6612526,860,0,0,generated
662,dabashenliu_run_662\particle_positions_150000.csv,noise_0pct\c5400_phi24.00_logk-2.077778.png,equivalent_plastic_strain,5400,24,0.0083603095,-2.07777764461193,0,6622026,860,0,0,generated
662,dabashenliu_run_662\particle_positions_150000.csv,noise_1pct\c5400_phi24.00_logk-2.077778.png,equivalent_plastic_strain,5400,24,0.0083603095,-2.07777764461193,1,6622126,860,0,0,generated
662,dabashenliu_run_662\particle_positions_150000.csv,noise_3pct\c5400_phi24.00_logk-2.077778.png,equivalent_plastic_strain,5400,24,0.0083603095,-2.07777764461193,3,6622326,860,0,0,generated
662,dabashenliu_run_662\particle_positions_150000.csv,noise_5pct\c5400_phi24.00_logk-2.077778.png,equivalent_plastic_strain,5400,24,0.0083603095,-2.07777764461193,5,6622526,860,0,0,generated
663,dabashenliu_run_663\particle_positions_150000.csv,noise_0pct\c5400_phi24.00_logk-1.855556.png,equivalent_plastic_strain,5400,24,0.013945831,-1.85555560201739,0,6632026,860,0,0,generated
663,dabashenliu_run_663\particle_positions_150000.csv,noise_1pct\c5400_phi24.00_logk-1.855556.png,equivalent_plastic_strain,5400,24,0.013945831,-1.85555560201739,1,6632126,860,0,0,generated
663,dabashenliu_run_663\particle_positions_150000.csv,noise_3pct\c5400_phi24.00_logk-1.855556.png,equivalent_plastic_strain,5400,24,0.013945831,-1.85555560201739,3,6632326,860,0,0,generated
663,dabashenliu_run_663\particle_positions_150000.csv,noise_5pct\c5400_phi24.00_logk-1.855556.png,equivalent_plastic_strain,5400,24,0.013945831,-1.85555560201739,5,6632526,860,0,0,generated
664,dabashenliu_run_664\particle_positions_150000.csv,noise_0pct\c5400_phi24.00_logk-1.633333.png,equivalent_plastic_strain,5400,24,0.023263052,-1.63333330853244,0,6642026,860,0,0,generated
664,dabashenliu_run_664\particle_positions_150000.csv,noise_1pct\c5400_phi24.00_logk-1.633333.png,equivalent_plastic_strain,5400,24,0.023263052,-1.63333330853244,1,6642126,860,0,0,generated
664,dabashenliu_run_664\particle_positions_150000.csv,noise_3pct\c5400_phi24.00_logk-1.633333.png,equivalent_plastic_strain,5400,24,0.023263052,-1.63333330853244,3,6642326,860,0,0,generated
664,dabashenliu_run_664\particle_positions_150000.csv,noise_5pct\c5400_phi24.00_logk-1.633333.png,equivalent_plastic_strain,5400,24,0.023263052,-1.63333330853244,5,6642526,860,0,0,generated
665,dabashenliu_run_665\particle_positions_150000.csv,noise_0pct\c5400_phi24.00_logk-1.411111.png,equivalent_plastic_strain,5400,24,0.038805105,-1.41111113709934,0,6652026,860,0,0,generated
665,dabashenliu_run_665\particle_positions_150000.csv,noise_1pct\c5400_phi24.00_logk-1.411111.png,equivalent_plastic_strain,5400,24,0.038805105,-1.41111113709934,1,6652126,860,0,0,generated
665,dabashenliu_run_665\particle_positions_150000.csv,noise_3pct\c5400_phi24.00_logk-1.411111.png,equivalent_plastic_strain,5400,24,0.038805105,-1.41111113709934,3,6652326,860,0,0,generated
665,dabashenliu_run_665\particle_positions_150000.csv,noise_5pct\c5400_phi24.00_logk-1.411111.png,equivalent_plastic_strain,5400,24,0.038805105,-1.41111113709934,5,6652526,860,0,0,generated
666,dabashenliu_run_666\particle_positions_150000.csv,noise_0pct\c5400_phi24.00_logk-1.188889.png,equivalent_plastic_strain,5400,24,0.06473083,-1.18888882427963,0,6662026,860,0,0,generated
666,dabashenliu_run_666\particle_positions_150000.csv,noise_1pct\c5400_phi24.00_logk-1.188889.png,equivalent_plastic_strain,5400,24,0.06473083,-1.18888882427963,1,6662126,860,0,0,generated
666,dabashenliu_run_666\particle_positions_150000.csv,noise_3pct\c5400_phi24.00_logk-1.188889.png,equivalent_plastic_strain,5400,24,0.06473083,-1.18888882427963,3,6662326,860,0,0,generated
666,dabashenliu_run_666\particle_positions_150000.csv,noise_5pct\c5400_phi24.00_logk-1.188889.png,equivalent_plastic_strain,5400,24,0.06473083,-1.18888882427963,5,6662526,860,0,0,generated
667,dabashenliu_run_667\particle_positions_150000.csv,noise_0pct\c5400_phi24.00_logk-0.966667.png,equivalent_plastic_strain,5400,24,0.10797753,-0.966666611293739,0,6672026,860,0,0,generated
667,dabashenliu_run_667\particle_positions_150000.csv,noise_1pct\c5400_phi24.00_logk-0.966667.png,equivalent_plastic_strain,5400,24,0.10797753,-0.966666611293739,1,6672126,860,0,0,generated
667,dabashenliu_run_667\particle_positions_150000.csv,noise_3pct\c5400_phi24.00_logk-0.966667.png,equivalent_plastic_strain,5400,24,0.10797753,-0.966666611293739,3,6672326,860,0,0,generated
667,dabashenliu_run_667\particle_positions_150000.csv,noise_5pct\c5400_phi24.00_logk-0.966667.png,equivalent_plastic_strain,5400,24,0.10797753,-0.966666611293739,5,6672526,860,0,0,generated
668,dabashenliu_run_668\particle_positions_150000.csv,noise_0pct\c5400_phi24.00_logk-0.744444.png,equivalent_plastic_strain,5400,24,0.18011737,-0.744444403052799,0,6682026,860,0,455,generated
668,dabashenliu_run_668\particle_positions_150000.csv,noise_1pct\c5400_phi24.00_logk-0.744444.png,equivalent_plastic_strain,5400,24,0.18011737,-0.744444403052799,1,6682126,860,0,455,generated
668,dabashenliu_run_668\particle_positions_150000.csv,noise_3pct\c5400_phi24.00_logk-0.744444.png,equivalent_plastic_strain,5400,24,0.18011737,-0.744444403052799,3,6682326,860,0,455,generated
668,dabashenliu_run_668\particle_positions_150000.csv,noise_5pct\c5400_phi24.00_logk-0.744444.png,equivalent_plastic_strain,5400,24,0.18011737,-0.744444403052799,5,6682526,860,0,455,generated
669,dabashenliu_run_669\particle_positions_150000.csv,noise_0pct\c5400_phi24.00_logk-0.522222.png,equivalent_plastic_strain,5400,24,0.30045387,-0.522222197678965,0,6692026,860,0,2865,generated
669,dabashenliu_run_669\particle_positions_150000.csv,noise_1pct\c5400_phi24.00_logk-0.522222.png,equivalent_plastic_strain,5400,24,0.30045387,-0.522222197678965,1,6692126,860,0,2865,generated
669,dabashenliu_run_669\particle_positions_150000.csv,noise_3pct\c5400_phi24.00_logk-0.522222.png,equivalent_plastic_strain,5400,24,0.30045387,-0.522222197678965,3,6692326,860,0,2865,generated
669,dabashenliu_run_669\particle_positions_150000.csv,noise_5pct\c5400_phi24.00_logk-0.522222.png,equivalent_plastic_strain,5400,24,0.30045387,-0.522222197678965,5,6692526,860,0,2865,generated
670,dabashenliu_run_670\particle_positions_150000.csv,noise_0pct\c5400_phi24.00_logk-0.300000.png,equivalent_plastic_strain,5400,24,0.50118726,-0.299999977147204,0,6702026,860,0,11529,generated
670,dabashenliu_run_670\particle_positions_150000.csv,noise_1pct\c5400_phi24.00_logk-0.300000.png,equivalent_plastic_strain,5400,24,0.50118726,-0.299999977147204,1,6702126,860,0,11529,generated
670,dabashenliu_run_670\particle_positions_150000.csv,noise_3pct\c5400_phi24.00_logk-0.300000.png,equivalent_plastic_strain,5400,24,0.50118726,-0.299999977147204,3,6702326,860,0,11529,generated
670,dabashenliu_run_670\particle_positions_150000.csv,noise_5pct\c5400_phi24.00_logk-0.300000.png,equivalent_plastic_strain,5400,24,0.50118726,-0.299999977147204,5,6702526,860,0,11529,generated
671,dabashenliu_run_671\particle_positions_150000.csv,noise_0pct\c5400_phi25.00_logk-2.300000.png,equivalent_plastic_strain,5400,25,0.0050118724,-2.29999999447783,0,6712026,860,0,0,generated
671,dabashenliu_run_671\particle_positions_150000.csv,noise_1pct\c5400_phi25.00_logk-2.300000.png,equivalent_plastic_strain,5400,25,0.0050118724,-2.29999999447783,1,6712126,860,0,0,generated
671,dabashenliu_run_671\particle_positions_150000.csv,noise_3pct\c5400_phi25.00_logk-2.300000.png,equivalent_plastic_strain,5400,25,0.0050118724,-2.29999999447783,3,6712326,860,0,0,generated
671,dabashenliu_run_671\particle_positions_150000.csv,noise_5pct\c5400_phi25.00_logk-2.300000.png,equivalent_plastic_strain,5400,25,0.0050118724,-2.29999999447783,5,6712526,860,0,0,generated
672,dabashenliu_run_672\particle_positions_150000.csv,noise_0pct\c5400_phi25.00_logk-2.077778.png,equivalent_plastic_strain,5400,25,0.0083603095,-2.07777764461193,0,6722026,860,0,0,generated
672,dabashenliu_run_672\particle_positions_150000.csv,noise_1pct\c5400_phi25.00_logk-2.077778.png,equivalent_plastic_strain,5400,25,0.0083603095,-2.07777764461193,1,6722126,860,0,0,generated
672,dabashenliu_run_672\particle_positions_150000.csv,noise_3pct\c5400_phi25.00_logk-2.077778.png,equivalent_plastic_strain,5400,25,0.0083603095,-2.07777764461193,3,6722326,860,0,0,generated
672,dabashenliu_run_672\particle_positions_150000.csv,noise_5pct\c5400_phi25.00_logk-2.077778.png,equivalent_plastic_strain,5400,25,0.0083603095,-2.07777764461193,5,6722526,860,0,0,generated
673,dabashenliu_run_673\particle_positions_150000.csv,noise_0pct\c5400_phi25.00_logk-1.855556.png,equivalent_plastic_strain,5400,25,0.013945831,-1.85555560201739,0,6732026,860,0,0,generated
673,dabashenliu_run_673\particle_positions_150000.csv,noise_1pct\c5400_phi25.00_logk-1.855556.png,equivalent_plastic_strain,5400,25,0.013945831,-1.85555560201739,1,6732126,860,0,0,generated
673,dabashenliu_run_673\particle_positions_150000.csv,noise_3pct\c5400_phi25.00_logk-1.855556.png,equivalent_plastic_strain,5400,25,0.013945831,-1.85555560201739,3,6732326,860,0,0,generated
673,dabashenliu_run_673\particle_positions_150000.csv,noise_5pct\c5400_phi25.00_logk-1.855556.png,equivalent_plastic_strain,5400,25,0.013945831,-1.85555560201739,5,6732526,860,0,0,generated
674,dabashenliu_run_674\particle_positions_150000.csv,noise_0pct\c5400_phi25.00_logk-1.633333.png,equivalent_plastic_strain,5400,25,0.023263052,-1.63333330853244,0,6742026,860,0,0,generated
674,dabashenliu_run_674\particle_positions_150000.csv,noise_1pct\c5400_phi25.00_logk-1.633333.png,equivalent_plastic_strain,5400,25,0.023263052,-1.63333330853244,1,6742126,860,0,0,generated
674,dabashenliu_run_674\particle_positions_150000.csv,noise_3pct\c5400_phi25.00_logk-1.633333.png,equivalent_plastic_strain,5400,25,0.023263052,-1.63333330853244,3,6742326,860,0,0,generated
674,dabashenliu_run_674\particle_positions_150000.csv,noise_5pct\c5400_phi25.00_logk-1.633333.png,equivalent_plastic_strain,5400,25,0.023263052,-1.63333330853244,5,6742526,860,0,0,generated
675,dabashenliu_run_675\particle_positions_150000.csv,noise_0pct\c5400_phi25.00_logk-1.411111.png,equivalent_plastic_strain,5400,25,0.038805105,-1.41111113709934,0,6752026,860,0,0,generated
675,dabashenliu_run_675\particle_positions_150000.csv,noise_1pct\c5400_phi25.00_logk-1.411111.png,equivalent_plastic_strain,5400,25,0.038805105,-1.41111113709934,1,6752126,860,0,0,generated
675,dabashenliu_run_675\particle_positions_150000.csv,noise_3pct\c5400_phi25.00_logk-1.411111.png,equivalent_plastic_strain,5400,25,0.038805105,-1.41111113709934,3,6752326,860,0,0,generated
675,dabashenliu_run_675\particle_positions_150000.csv,noise_5pct\c5400_phi25.00_logk-1.411111.png,equivalent_plastic_strain,5400,25,0.038805105,-1.41111113709934,5,6752526,860,0,0,generated
676,dabashenliu_run_676\particle_positions_150000.csv,noise_0pct\c5400_phi25.00_logk-1.188889.png,equivalent_plastic_strain,5400,25,0.06473083,-1.18888882427963,0,6762026,860,0,0,generated
676,dabashenliu_run_676\particle_positions_150000.csv,noise_1pct\c5400_phi25.00_logk-1.188889.png,equivalent_plastic_strain,5400,25,0.06473083,-1.18888882427963,1,6762126,860,0,0,generated
676,dabashenliu_run_676\particle_positions_150000.csv,noise_3pct\c5400_phi25.00_logk-1.188889.png,equivalent_plastic_strain,5400,25,0.06473083,-1.18888882427963,3,6762326,860,0,0,generated
676,dabashenliu_run_676\particle_positions_150000.csv,noise_5pct\c5400_phi25.00_logk-1.188889.png,equivalent_plastic_strain,5400,25,0.06473083,-1.18888882427963,5,6762526,860,0,0,generated
677,dabashenliu_run_677\particle_positions_150000.csv,noise_0pct\c5400_phi25.00_logk-0.966667.png,equivalent_plastic_strain,5400,25,0.10797753,-0.966666611293739,0,6772026,860,0,0,generated
677,dabashenliu_run_677\particle_positions_150000.csv,noise_1pct\c5400_phi25.00_logk-0.966667.png,equivalent_plastic_strain,5400,25,0.10797753,-0.966666611293739,1,6772126,860,0,0,generated
677,dabashenliu_run_677\particle_positions_150000.csv,noise_3pct\c5400_phi25.00_logk-0.966667.png,equivalent_plastic_strain,5400,25,0.10797753,-0.966666611293739,3,6772326,860,0,0,generated
677,dabashenliu_run_677\particle_positions_150000.csv,noise_5pct\c5400_phi25.00_logk-0.966667.png,equivalent_plastic_strain,5400,25,0.10797753,-0.966666611293739,5,6772526,860,0,0,generated
678,dabashenliu_run_678\particle_positions_150000.csv,noise_0pct\c5400_phi25.00_logk-0.744444.png,equivalent_plastic_strain,5400,25,0.18011737,-0.744444403052799,0,6782026,860,0,0,generated
678,dabashenliu_run_678\particle_positions_150000.csv,noise_1pct\c5400_phi25.00_logk-0.744444.png,equivalent_plastic_strain,5400,25,0.18011737,-0.744444403052799,1,6782126,860,0,0,generated
678,dabashenliu_run_678\particle_positions_150000.csv,noise_3pct\c5400_phi25.00_logk-0.744444.png,equivalent_plastic_strain,5400,25,0.18011737,-0.744444403052799,3,6782326,860,0,0,generated
678,dabashenliu_run_678\particle_positions_150000.csv,noise_5pct\c5400_phi25.00_logk-0.744444.png,equivalent_plastic_strain,5400,25,0.18011737,-0.744444403052799,5,6782526,860,0,0,generated
679,dabashenliu_run_679\particle_positions_150000.csv,noise_0pct\c5400_phi25.00_logk-0.522222.png,equivalent_plastic_strain,5400,25,0.30045387,-0.522222197678965,0,6792026,860,0,2298,generated
679,dabashenliu_run_679\particle_positions_150000.csv,noise_1pct\c5400_phi25.00_logk-0.522222.png,equivalent_plastic_strain,5400,25,0.30045387,-0.522222197678965,1,6792126,860,0,2298,generated
679,dabashenliu_run_679\particle_positions_150000.csv,noise_3pct\c5400_phi25.00_logk-0.522222.png,equivalent_plastic_strain,5400,25,0.30045387,-0.522222197678965,3,6792326,860,0,2298,generated
679,dabashenliu_run_679\particle_positions_150000.csv,noise_5pct\c5400_phi25.00_logk-0.522222.png,equivalent_plastic_strain,5400,25,0.30045387,-0.522222197678965,5,6792526,860,0,2298,generated
680,dabashenliu_run_680\particle_positions_150000.csv,noise_0pct\c5400_phi25.00_logk-0.300000.png,equivalent_plastic_strain,5400,25,0.50118726,-0.299999977147204,0,6802026,860,0,6611,generated
680,dabashenliu_run_680\particle_positions_150000.csv,noise_1pct\c5400_phi25.00_logk-0.300000.png,equivalent_plastic_strain,5400,25,0.50118726,-0.299999977147204,1,6802126,860,0,6611,generated
680,dabashenliu_run_680\particle_positions_150000.csv,noise_3pct\c5400_phi25.00_logk-0.300000.png,equivalent_plastic_strain,5400,25,0.50118726,-0.299999977147204,3,6802326,860,0,6611,generated
680,dabashenliu_run_680\particle_positions_150000.csv,noise_5pct\c5400_phi25.00_logk-0.300000.png,equivalent_plastic_strain,5400,25,0.50118726,-0.299999977147204,5,6802526,860,0,6611,generated
681,dabashenliu_run_681\particle_positions_150000.csv,noise_0pct\c5400_phi26.00_logk-2.300000.png,equivalent_plastic_strain,5400,26,0.0050118724,-2.29999999447783,0,6812026,860,0,0,generated
681,dabashenliu_run_681\particle_positions_150000.csv,noise_1pct\c5400_phi26.00_logk-2.300000.png,equivalent_plastic_strain,5400,26,0.0050118724,-2.29999999447783,1,6812126,860,0,0,generated
681,dabashenliu_run_681\particle_positions_150000.csv,noise_3pct\c5400_phi26.00_logk-2.300000.png,equivalent_plastic_strain,5400,26,0.0050118724,-2.29999999447783,3,6812326,860,0,0,generated
681,dabashenliu_run_681\particle_positions_150000.csv,noise_5pct\c5400_phi26.00_logk-2.300000.png,equivalent_plastic_strain,5400,26,0.0050118724,-2.29999999447783,5,6812526,860,0,0,generated
682,dabashenliu_run_682\particle_positions_150000.csv,noise_0pct\c5400_phi26.00_logk-2.077778.png,equivalent_plastic_strain,5400,26,0.0083603095,-2.07777764461193,0,6822026,860,0,0,generated
682,dabashenliu_run_682\particle_positions_150000.csv,noise_1pct\c5400_phi26.00_logk-2.077778.png,equivalent_plastic_strain,5400,26,0.0083603095,-2.07777764461193,1,6822126,860,0,0,generated
682,dabashenliu_run_682\particle_positions_150000.csv,noise_3pct\c5400_phi26.00_logk-2.077778.png,equivalent_plastic_strain,5400,26,0.0083603095,-2.07777764461193,3,6822326,860,0,0,generated
682,dabashenliu_run_682\particle_positions_150000.csv,noise_5pct\c5400_phi26.00_logk-2.077778.png,equivalent_plastic_strain,5400,26,0.0083603095,-2.07777764461193,5,6822526,860,0,0,generated
683,dabashenliu_run_683\particle_positions_150000.csv,noise_0pct\c5400_phi26.00_logk-1.855556.png,equivalent_plastic_strain,5400,26,0.013945831,-1.85555560201739,0,6832026,860,0,0,generated
683,dabashenliu_run_683\particle_positions_150000.csv,noise_1pct\c5400_phi26.00_logk-1.855556.png,equivalent_plastic_strain,5400,26,0.013945831,-1.85555560201739,1,6832126,860,0,0,generated
683,dabashenliu_run_683\particle_positions_150000.csv,noise_3pct\c5400_phi26.00_logk-1.855556.png,equivalent_plastic_strain,5400,26,0.013945831,-1.85555560201739,3,6832326,860,0,0,generated
683,dabashenliu_run_683\particle_positions_150000.csv,noise_5pct\c5400_phi26.00_logk-1.855556.png,equivalent_plastic_strain,5400,26,0.013945831,-1.85555560201739,5,6832526,860,0,0,generated
684,dabashenliu_run_684\particle_positions_150000.csv,noise_0pct\c5400_phi26.00_logk-1.633333.png,equivalent_plastic_strain,5400,26,0.023263052,-1.63333330853244,0,6842026,860,0,0,generated
684,dabashenliu_run_684\particle_positions_150000.csv,noise_1pct\c5400_phi26.00_logk-1.633333.png,equivalent_plastic_strain,5400,26,0.023263052,-1.63333330853244,1,6842126,860,0,0,generated
684,dabashenliu_run_684\particle_positions_150000.csv,noise_3pct\c5400_phi26.00_logk-1.633333.png,equivalent_plastic_strain,5400,26,0.023263052,-1.63333330853244,3,6842326,860,0,0,generated
684,dabashenliu_run_684\particle_positions_150000.csv,noise_5pct\c5400_phi26.00_logk-1.633333.png,equivalent_plastic_strain,5400,26,0.023263052,-1.63333330853244,5,6842526,860,0,0,generated
685,dabashenliu_run_685\particle_positions_150000.csv,noise_0pct\c5400_phi26.00_logk-1.411111.png,equivalent_plastic_strain,5400,26,0.038805105,-1.41111113709934,0,6852026,860,0,0,generated
685,dabashenliu_run_685\particle_positions_150000.csv,noise_1pct\c5400_phi26.00_logk-1.411111.png,equivalent_plastic_strain,5400,26,0.038805105,-1.41111113709934,1,6852126,860,0,0,generated
685,dabashenliu_run_685\particle_positions_150000.csv,noise_3pct\c5400_phi26.00_logk-1.411111.png,equivalent_plastic_strain,5400,26,0.038805105,-1.41111113709934,3,6852326,860,0,0,generated
685,dabashenliu_run_685\particle_positions_150000.csv,noise_5pct\c5400_phi26.00_logk-1.411111.png,equivalent_plastic_strain,5400,26,0.038805105,-1.41111113709934,5,6852526,860,0,0,generated
686,dabashenliu_run_686\particle_positions_150000.csv,noise_0pct\c5400_phi26.00_logk-1.188889.png,equivalent_plastic_strain,5400,26,0.06473083,-1.18888882427963,0,6862026,860,0,0,generated
686,dabashenliu_run_686\particle_positions_150000.csv,noise_1pct\c5400_phi26.00_logk-1.188889.png,equivalent_plastic_strain,5400,26,0.06473083,-1.18888882427963,1,6862126,860,0,0,generated
686,dabashenliu_run_686\particle_positions_150000.csv,noise_3pct\c5400_phi26.00_logk-1.188889.png,equivalent_plastic_strain,5400,26,0.06473083,-1.18888882427963,3,6862326,860,0,0,generated
686,dabashenliu_run_686\particle_positions_150000.csv,noise_5pct\c5400_phi26.00_logk-1.188889.png,equivalent_plastic_strain,5400,26,0.06473083,-1.18888882427963,5,6862526,860,0,0,generated
687,dabashenliu_run_687\particle_positions_150000.csv,noise_0pct\c5400_phi26.00_logk-0.966667.png,equivalent_plastic_strain,5400,26,0.10797753,-0.966666611293739,0,6872026,860,0,0,generated
687,dabashenliu_run_687\particle_positions_150000.csv,noise_1pct\c5400_phi26.00_logk-0.966667.png,equivalent_plastic_strain,5400,26,0.10797753,-0.966666611293739,1,6872126,860,0,0,generated
687,dabashenliu_run_687\particle_positions_150000.csv,noise_3pct\c5400_phi26.00_logk-0.966667.png,equivalent_plastic_strain,5400,26,0.10797753,-0.966666611293739,3,6872326,860,0,0,generated
687,dabashenliu_run_687\particle_positions_150000.csv,noise_5pct\c5400_phi26.00_logk-0.966667.png,equivalent_plastic_strain,5400,26,0.10797753,-0.966666611293739,5,6872526,860,0,0,generated
688,dabashenliu_run_688\particle_positions_150000.csv,noise_0pct\c5400_phi26.00_logk-0.744444.png,equivalent_plastic_strain,5400,26,0.18011737,-0.744444403052799,0,6882026,860,0,12,generated
688,dabashenliu_run_688\particle_positions_150000.csv,noise_1pct\c5400_phi26.00_logk-0.744444.png,equivalent_plastic_strain,5400,26,0.18011737,-0.744444403052799,1,6882126,860,0,12,generated
688,dabashenliu_run_688\particle_positions_150000.csv,noise_3pct\c5400_phi26.00_logk-0.744444.png,equivalent_plastic_strain,5400,26,0.18011737,-0.744444403052799,3,6882326,860,0,12,generated
688,dabashenliu_run_688\particle_positions_150000.csv,noise_5pct\c5400_phi26.00_logk-0.744444.png,equivalent_plastic_strain,5400,26,0.18011737,-0.744444403052799,5,6882526,860,0,12,generated
689,dabashenliu_run_689\particle_positions_150000.csv,noise_0pct\c5400_phi26.00_logk-0.522222.png,equivalent_plastic_strain,5400,26,0.30045387,-0.522222197678965,0,6892026,860,0,2084,generated
689,dabashenliu_run_689\particle_positions_150000.csv,noise_1pct\c5400_phi26.00_logk-0.522222.png,equivalent_plastic_strain,5400,26,0.30045387,-0.522222197678965,1,6892126,860,0,2084,generated
689,dabashenliu_run_689\particle_positions_150000.csv,noise_3pct\c5400_phi26.00_logk-0.522222.png,equivalent_plastic_strain,5400,26,0.30045387,-0.522222197678965,3,6892326,860,0,2084,generated
689,dabashenliu_run_689\particle_positions_150000.csv,noise_5pct\c5400_phi26.00_logk-0.522222.png,equivalent_plastic_strain,5400,26,0.30045387,-0.522222197678965,5,6892526,860,0,2084,generated
690,dabashenliu_run_690\particle_positions_150000.csv,noise_0pct\c5400_phi26.00_logk-0.300000.png,equivalent_plastic_strain,5400,26,0.50118726,-0.299999977147204,0,6902026,860,0,4760,generated
690,dabashenliu_run_690\particle_positions_150000.csv,noise_1pct\c5400_phi26.00_logk-0.300000.png,equivalent_plastic_strain,5400,26,0.50118726,-0.299999977147204,1,6902126,860,0,4760,generated
690,dabashenliu_run_690\particle_positions_150000.csv,noise_3pct\c5400_phi26.00_logk-0.300000.png,equivalent_plastic_strain,5400,26,0.50118726,-0.299999977147204,3,6902326,860,0,4760,generated
690,dabashenliu_run_690\particle_positions_150000.csv,noise_5pct\c5400_phi26.00_logk-0.300000.png,equivalent_plastic_strain,5400,26,0.50118726,-0.299999977147204,5,6902526,860,0,4760,generated
691,dabashenliu_run_691\particle_positions_150000.csv,noise_0pct\c5400_phi27.00_logk-2.300000.png,equivalent_plastic_strain,5400,27,0.0050118724,-2.29999999447783,0,6912026,860,0,0,generated
691,dabashenliu_run_691\particle_positions_150000.csv,noise_1pct\c5400_phi27.00_logk-2.300000.png,equivalent_plastic_strain,5400,27,0.0050118724,-2.29999999447783,1,6912126,860,0,0,generated
691,dabashenliu_run_691\particle_positions_150000.csv,noise_3pct\c5400_phi27.00_logk-2.300000.png,equivalent_plastic_strain,5400,27,0.0050118724,-2.29999999447783,3,6912326,860,0,0,generated
691,dabashenliu_run_691\particle_positions_150000.csv,noise_5pct\c5400_phi27.00_logk-2.300000.png,equivalent_plastic_strain,5400,27,0.0050118724,-2.29999999447783,5,6912526,860,0,0,generated
692,dabashenliu_run_692\particle_positions_150000.csv,noise_0pct\c5400_phi27.00_logk-2.077778.png,equivalent_plastic_strain,5400,27,0.0083603095,-2.07777764461193,0,6922026,860,0,0,generated
692,dabashenliu_run_692\particle_positions_150000.csv,noise_1pct\c5400_phi27.00_logk-2.077778.png,equivalent_plastic_strain,5400,27,0.0083603095,-2.07777764461193,1,6922126,860,0,0,generated
692,dabashenliu_run_692\particle_positions_150000.csv,noise_3pct\c5400_phi27.00_logk-2.077778.png,equivalent_plastic_strain,5400,27,0.0083603095,-2.07777764461193,3,6922326,860,0,0,generated
692,dabashenliu_run_692\particle_positions_150000.csv,noise_5pct\c5400_phi27.00_logk-2.077778.png,equivalent_plastic_strain,5400,27,0.0083603095,-2.07777764461193,5,6922526,860,0,0,generated
693,dabashenliu_run_693\particle_positions_150000.csv,noise_0pct\c5400_phi27.00_logk-1.855556.png,equivalent_plastic_strain,5400,27,0.013945831,-1.85555560201739,0,6932026,860,0,0,generated
693,dabashenliu_run_693\particle_positions_150000.csv,noise_1pct\c5400_phi27.00_logk-1.855556.png,equivalent_plastic_strain,5400,27,0.013945831,-1.85555560201739,1,6932126,860,0,0,generated
693,dabashenliu_run_693\particle_positions_150000.csv,noise_3pct\c5400_phi27.00_logk-1.855556.png,equivalent_plastic_strain,5400,27,0.013945831,-1.85555560201739,3,6932326,860,0,0,generated
693,dabashenliu_run_693\particle_positions_150000.csv,noise_5pct\c5400_phi27.00_logk-1.855556.png,equivalent_plastic_strain,5400,27,0.013945831,-1.85555560201739,5,6932526,860,0,0,generated
694,dabashenliu_run_694\particle_positions_150000.csv,noise_0pct\c5400_phi27.00_logk-1.633333.png,equivalent_plastic_strain,5400,27,0.023263052,-1.63333330853244,0,6942026,860,0,0,generated
694,dabashenliu_run_694\particle_positions_150000.csv,noise_1pct\c5400_phi27.00_logk-1.633333.png,equivalent_plastic_strain,5400,27,0.023263052,-1.63333330853244,1,6942126,860,0,0,generated
694,dabashenliu_run_694\particle_positions_150000.csv,noise_3pct\c5400_phi27.00_logk-1.633333.png,equivalent_plastic_strain,5400,27,0.023263052,-1.63333330853244,3,6942326,860,0,0,generated
694,dabashenliu_run_694\particle_positions_150000.csv,noise_5pct\c5400_phi27.00_logk-1.633333.png,equivalent_plastic_strain,5400,27,0.023263052,-1.63333330853244,5,6942526,860,0,0,generated
695,dabashenliu_run_695\particle_positions_150000.csv,noise_0pct\c5400_phi27.00_logk-1.411111.png,equivalent_plastic_strain,5400,27,0.038805105,-1.41111113709934,0,6952026,860,0,0,generated
695,dabashenliu_run_695\particle_positions_150000.csv,noise_1pct\c5400_phi27.00_logk-1.411111.png,equivalent_plastic_strain,5400,27,0.038805105,-1.41111113709934,1,6952126,860,0,0,generated
695,dabashenliu_run_695\particle_positions_150000.csv,noise_3pct\c5400_phi27.00_logk-1.411111.png,equivalent_plastic_strain,5400,27,0.038805105,-1.41111113709934,3,6952326,860,0,0,generated
695,dabashenliu_run_695\particle_positions_150000.csv,noise_5pct\c5400_phi27.00_logk-1.411111.png,equivalent_plastic_strain,5400,27,0.038805105,-1.41111113709934,5,6952526,860,0,0,generated
696,dabashenliu_run_696\particle_positions_150000.csv,noise_0pct\c5400_phi27.00_logk-1.188889.png,equivalent_plastic_strain,5400,27,0.06473083,-1.18888882427963,0,6962026,860,0,0,generated
696,dabashenliu_run_696\particle_positions_150000.csv,noise_1pct\c5400_phi27.00_logk-1.188889.png,equivalent_plastic_strain,5400,27,0.06473083,-1.18888882427963,1,6962126,860,0,0,generated
696,dabashenliu_run_696\particle_positions_150000.csv,noise_3pct\c5400_phi27.00_logk-1.188889.png,equivalent_plastic_strain,5400,27,0.06473083,-1.18888882427963,3,6962326,860,0,0,generated
696,dabashenliu_run_696\particle_positions_150000.csv,noise_5pct\c5400_phi27.00_logk-1.188889.png,equivalent_plastic_strain,5400,27,0.06473083,-1.18888882427963,5,6962526,860,0,0,generated
697,dabashenliu_run_697\particle_positions_150000.csv,noise_0pct\c5400_phi27.00_logk-0.966667.png,equivalent_plastic_strain,5400,27,0.10797753,-0.966666611293739,0,6972026,860,0,0,generated
697,dabashenliu_run_697\particle_positions_150000.csv,noise_1pct\c5400_phi27.00_logk-0.966667.png,equivalent_plastic_strain,5400,27,0.10797753,-0.966666611293739,1,6972126,860,0,0,generated
697,dabashenliu_run_697\particle_positions_150000.csv,noise_3pct\c5400_phi27.00_logk-0.966667.png,equivalent_plastic_strain,5400,27,0.10797753,-0.966666611293739,3,6972326,860,0,0,generated
697,dabashenliu_run_697\particle_positions_150000.csv,noise_5pct\c5400_phi27.00_logk-0.966667.png,equivalent_plastic_strain,5400,27,0.10797753,-0.966666611293739,5,6972526,860,0,0,generated
698,dabashenliu_run_698\particle_positions_150000.csv,noise_0pct\c5400_phi27.00_logk-0.744444.png,equivalent_plastic_strain,5400,27,0.18011737,-0.744444403052799,0,6982026,860,0,0,generated
698,dabashenliu_run_698\particle_positions_150000.csv,noise_1pct\c5400_phi27.00_logk-0.744444.png,equivalent_plastic_strain,5400,27,0.18011737,-0.744444403052799,1,6982126,860,0,0,generated
698,dabashenliu_run_698\particle_positions_150000.csv,noise_3pct\c5400_phi27.00_logk-0.744444.png,equivalent_plastic_strain,5400,27,0.18011737,-0.744444403052799,3,6982326,860,0,0,generated
698,dabashenliu_run_698\particle_positions_150000.csv,noise_5pct\c5400_phi27.00_logk-0.744444.png,equivalent_plastic_strain,5400,27,0.18011737,-0.744444403052799,5,6982526,860,0,0,generated
699,dabashenliu_run_699\particle_positions_150000.csv,noise_0pct\c5400_phi27.00_logk-0.522222.png,equivalent_plastic_strain,5400,27,0.30045387,-0.522222197678965,0,6992026,860,0,1860,generated
699,dabashenliu_run_699\particle_positions_150000.csv,noise_1pct\c5400_phi27.00_logk-0.522222.png,equivalent_plastic_strain,5400,27,0.30045387,-0.522222197678965,1,6992126,860,0,1860,generated
699,dabashenliu_run_699\particle_positions_150000.csv,noise_3pct\c5400_phi27.00_logk-0.522222.png,equivalent_plastic_strain,5400,27,0.30045387,-0.522222197678965,3,6992326,860,0,1860,generated
699,dabashenliu_run_699\particle_positions_150000.csv,noise_5pct\c5400_phi27.00_logk-0.522222.png,equivalent_plastic_strain,5400,27,0.30045387,-0.522222197678965,5,6992526,860,0,1860,generated
700,dabashenliu_run_700\particle_positions_150000.csv,noise_0pct\c5400_phi27.00_logk-0.300000.png,equivalent_plastic_strain,5400,27,0.50118726,-0.299999977147204,0,7002026,860,0,3689,generated
700,dabashenliu_run_700\particle_positions_150000.csv,noise_1pct\c5400_phi27.00_logk-0.300000.png,equivalent_plastic_strain,5400,27,0.50118726,-0.299999977147204,1,7002126,860,0,3689,generated
700,dabashenliu_run_700\particle_positions_150000.csv,noise_3pct\c5400_phi27.00_logk-0.300000.png,equivalent_plastic_strain,5400,27,0.50118726,-0.299999977147204,3,7002326,860,0,3689,generated
700,dabashenliu_run_700\particle_positions_150000.csv,noise_5pct\c5400_phi27.00_logk-0.300000.png,equivalent_plastic_strain,5400,27,0.50118726,-0.299999977147204,5,7002526,860,0,3689,generated
701,dabashenliu_run_701\particle_positions_150000.csv,noise_0pct\c5800_phi18.00_logk-2.300000.png,equivalent_plastic_strain,5800,18,0.0050118724,-2.29999999447783,0,7012026,860,0,0,generated
701,dabashenliu_run_701\particle_positions_150000.csv,noise_1pct\c5800_phi18.00_logk-2.300000.png,equivalent_plastic_strain,5800,18,0.0050118724,-2.29999999447783,1,7012126,860,0,0,generated
701,dabashenliu_run_701\particle_positions_150000.csv,noise_3pct\c5800_phi18.00_logk-2.300000.png,equivalent_plastic_strain,5800,18,0.0050118724,-2.29999999447783,3,7012326,860,0,0,generated
701,dabashenliu_run_701\particle_positions_150000.csv,noise_5pct\c5800_phi18.00_logk-2.300000.png,equivalent_plastic_strain,5800,18,0.0050118724,-2.29999999447783,5,7012526,860,0,0,generated
702,dabashenliu_run_702\particle_positions_150000.csv,noise_0pct\c5800_phi18.00_logk-2.077778.png,equivalent_plastic_strain,5800,18,0.0083603095,-2.07777764461193,0,7022026,860,0,0,generated
702,dabashenliu_run_702\particle_positions_150000.csv,noise_1pct\c5800_phi18.00_logk-2.077778.png,equivalent_plastic_strain,5800,18,0.0083603095,-2.07777764461193,1,7022126,860,0,0,generated
702,dabashenliu_run_702\particle_positions_150000.csv,noise_3pct\c5800_phi18.00_logk-2.077778.png,equivalent_plastic_strain,5800,18,0.0083603095,-2.07777764461193,3,7022326,860,0,0,generated
702,dabashenliu_run_702\particle_positions_150000.csv,noise_5pct\c5800_phi18.00_logk-2.077778.png,equivalent_plastic_strain,5800,18,0.0083603095,-2.07777764461193,5,7022526,860,0,0,generated
703,dabashenliu_run_703\particle_positions_150000.csv,noise_0pct\c5800_phi18.00_logk-1.855556.png,equivalent_plastic_strain,5800,18,0.013945831,-1.85555560201739,0,7032026,860,0,0,generated
703,dabashenliu_run_703\particle_positions_150000.csv,noise_1pct\c5800_phi18.00_logk-1.855556.png,equivalent_plastic_strain,5800,18,0.013945831,-1.85555560201739,1,7032126,860,0,0,generated
703,dabashenliu_run_703\particle_positions_150000.csv,noise_3pct\c5800_phi18.00_logk-1.855556.png,equivalent_plastic_strain,5800,18,0.013945831,-1.85555560201739,3,7032326,860,0,0,generated
703,dabashenliu_run_703\particle_positions_150000.csv,noise_5pct\c5800_phi18.00_logk-1.855556.png,equivalent_plastic_strain,5800,18,0.013945831,-1.85555560201739,5,7032526,860,0,0,generated
704,dabashenliu_run_704\particle_positions_150000.csv,noise_0pct\c5800_phi18.00_logk-1.633333.png,equivalent_plastic_strain,5800,18,0.023263052,-1.63333330853244,0,7042026,860,0,0,generated
704,dabashenliu_run_704\particle_positions_150000.csv,noise_1pct\c5800_phi18.00_logk-1.633333.png,equivalent_plastic_strain,5800,18,0.023263052,-1.63333330853244,1,7042126,860,0,0,generated
704,dabashenliu_run_704\particle_positions_150000.csv,noise_3pct\c5800_phi18.00_logk-1.633333.png,equivalent_plastic_strain,5800,18,0.023263052,-1.63333330853244,3,7042326,860,0,0,generated
704,dabashenliu_run_704\particle_positions_150000.csv,noise_5pct\c5800_phi18.00_logk-1.633333.png,equivalent_plastic_strain,5800,18,0.023263052,-1.63333330853244,5,7042526,860,0,0,generated
705,dabashenliu_run_705\particle_positions_150000.csv,noise_0pct\c5800_phi18.00_logk-1.411111.png,equivalent_plastic_strain,5800,18,0.038805105,-1.41111113709934,0,7052026,860,0,0,generated
705,dabashenliu_run_705\particle_positions_150000.csv,noise_1pct\c5800_phi18.00_logk-1.411111.png,equivalent_plastic_strain,5800,18,0.038805105,-1.41111113709934,1,7052126,860,0,0,generated
705,dabashenliu_run_705\particle_positions_150000.csv,noise_3pct\c5800_phi18.00_logk-1.411111.png,equivalent_plastic_strain,5800,18,0.038805105,-1.41111113709934,3,7052326,860,0,0,generated
705,dabashenliu_run_705\particle_positions_150000.csv,noise_5pct\c5800_phi18.00_logk-1.411111.png,equivalent_plastic_strain,5800,18,0.038805105,-1.41111113709934,5,7052526,860,0,0,generated
706,dabashenliu_run_706\particle_positions_150000.csv,noise_0pct\c5800_phi18.00_logk-1.188889.png,equivalent_plastic_strain,5800,18,0.06473083,-1.18888882427963,0,7062026,860,0,0,generated
706,dabashenliu_run_706\particle_positions_150000.csv,noise_1pct\c5800_phi18.00_logk-1.188889.png,equivalent_plastic_strain,5800,18,0.06473083,-1.18888882427963,1,7062126,860,0,0,generated
706,dabashenliu_run_706\particle_positions_150000.csv,noise_3pct\c5800_phi18.00_logk-1.188889.png,equivalent_plastic_strain,5800,18,0.06473083,-1.18888882427963,3,7062326,860,0,0,generated
706,dabashenliu_run_706\particle_positions_150000.csv,noise_5pct\c5800_phi18.00_logk-1.188889.png,equivalent_plastic_strain,5800,18,0.06473083,-1.18888882427963,5,7062526,860,0,0,generated
707,dabashenliu_run_707\particle_positions_150000.csv,noise_0pct\c5800_phi18.00_logk-0.966667.png,equivalent_plastic_strain,5800,18,0.10797753,-0.966666611293739,0,7072026,860,0,0,generated
707,dabashenliu_run_707\particle_positions_150000.csv,noise_1pct\c5800_phi18.00_logk-0.966667.png,equivalent_plastic_strain,5800,18,0.10797753,-0.966666611293739,1,7072126,860,0,0,generated
707,dabashenliu_run_707\particle_positions_150000.csv,noise_3pct\c5800_phi18.00_logk-0.966667.png,equivalent_plastic_strain,5800,18,0.10797753,-0.966666611293739,3,7072326,860,0,0,generated
707,dabashenliu_run_707\particle_positions_150000.csv,noise_5pct\c5800_phi18.00_logk-0.966667.png,equivalent_plastic_strain,5800,18,0.10797753,-0.966666611293739,5,7072526,860,0,0,generated
708,dabashenliu_run_708\particle_positions_150000.csv,noise_0pct\c5800_phi18.00_logk-0.744444.png,equivalent_plastic_strain,5800,18,0.18011737,-0.744444403052799,0,7082026,860,0,2298,generated
708,dabashenliu_run_708\particle_positions_150000.csv,noise_1pct\c5800_phi18.00_logk-0.744444.png,equivalent_plastic_strain,5800,18,0.18011737,-0.744444403052799,1,7082126,860,0,2298,generated
708,dabashenliu_run_708\particle_positions_150000.csv,noise_3pct\c5800_phi18.00_logk-0.744444.png,equivalent_plastic_strain,5800,18,0.18011737,-0.744444403052799,3,7082326,860,0,2298,generated
708,dabashenliu_run_708\particle_positions_150000.csv,noise_5pct\c5800_phi18.00_logk-0.744444.png,equivalent_plastic_strain,5800,18,0.18011737,-0.744444403052799,5,7082526,860,0,2298,generated
709,dabashenliu_run_709\particle_positions_150000.csv,noise_0pct\c5800_phi18.00_logk-0.522222.png,equivalent_plastic_strain,5800,18,0.30045387,-0.522222197678965,0,7092026,860,0,9151,generated
709,dabashenliu_run_709\particle_positions_150000.csv,noise_1pct\c5800_phi18.00_logk-0.522222.png,equivalent_plastic_strain,5800,18,0.30045387,-0.522222197678965,1,7092126,860,0,9151,generated
709,dabashenliu_run_709\particle_positions_150000.csv,noise_3pct\c5800_phi18.00_logk-0.522222.png,equivalent_plastic_strain,5800,18,0.30045387,-0.522222197678965,3,7092326,860,0,9151,generated
709,dabashenliu_run_709\particle_positions_150000.csv,noise_5pct\c5800_phi18.00_logk-0.522222.png,equivalent_plastic_strain,5800,18,0.30045387,-0.522222197678965,5,7092526,860,0,9151,generated
710,dabashenliu_run_710\particle_positions_150000.csv,noise_0pct\c5800_phi18.00_logk-0.300000.png,equivalent_plastic_strain,5800,18,0.50118726,-0.299999977147204,0,7102026,860,0,20828,generated
710,dabashenliu_run_710\particle_positions_150000.csv,noise_1pct\c5800_phi18.00_logk-0.300000.png,equivalent_plastic_strain,5800,18,0.50118726,-0.299999977147204,1,7102126,860,0,20828,generated
710,dabashenliu_run_710\particle_positions_150000.csv,noise_3pct\c5800_phi18.00_logk-0.300000.png,equivalent_plastic_strain,5800,18,0.50118726,-0.299999977147204,3,7102326,860,0,20828,generated
710,dabashenliu_run_710\particle_positions_150000.csv,noise_5pct\c5800_phi18.00_logk-0.300000.png,equivalent_plastic_strain,5800,18,0.50118726,-0.299999977147204,5,7102526,860,0,20828,generated
711,dabashenliu_run_711\particle_positions_150000.csv,noise_0pct\c5800_phi19.00_logk-2.300000.png,equivalent_plastic_strain,5800,19,0.0050118724,-2.29999999447783,0,7112026,860,0,0,generated
711,dabashenliu_run_711\particle_positions_150000.csv,noise_1pct\c5800_phi19.00_logk-2.300000.png,equivalent_plastic_strain,5800,19,0.0050118724,-2.29999999447783,1,7112126,860,0,0,generated
711,dabashenliu_run_711\particle_positions_150000.csv,noise_3pct\c5800_phi19.00_logk-2.300000.png,equivalent_plastic_strain,5800,19,0.0050118724,-2.29999999447783,3,7112326,860,0,0,generated
711,dabashenliu_run_711\particle_positions_150000.csv,noise_5pct\c5800_phi19.00_logk-2.300000.png,equivalent_plastic_strain,5800,19,0.0050118724,-2.29999999447783,5,7112526,860,0,0,generated
712,dabashenliu_run_712\particle_positions_150000.csv,noise_0pct\c5800_phi19.00_logk-2.077778.png,equivalent_plastic_strain,5800,19,0.0083603095,-2.07777764461193,0,7122026,860,0,0,generated
712,dabashenliu_run_712\particle_positions_150000.csv,noise_1pct\c5800_phi19.00_logk-2.077778.png,equivalent_plastic_strain,5800,19,0.0083603095,-2.07777764461193,1,7122126,860,0,0,generated
712,dabashenliu_run_712\particle_positions_150000.csv,noise_3pct\c5800_phi19.00_logk-2.077778.png,equivalent_plastic_strain,5800,19,0.0083603095,-2.07777764461193,3,7122326,860,0,0,generated
712,dabashenliu_run_712\particle_positions_150000.csv,noise_5pct\c5800_phi19.00_logk-2.077778.png,equivalent_plastic_strain,5800,19,0.0083603095,-2.07777764461193,5,7122526,860,0,0,generated
713,dabashenliu_run_713\particle_positions_150000.csv,noise_0pct\c5800_phi19.00_logk-1.855556.png,equivalent_plastic_strain,5800,19,0.013945831,-1.85555560201739,0,7132026,860,0,0,generated
713,dabashenliu_run_713\particle_positions_150000.csv,noise_1pct\c5800_phi19.00_logk-1.855556.png,equivalent_plastic_strain,5800,19,0.013945831,-1.85555560201739,1,7132126,860,0,0,generated
713,dabashenliu_run_713\particle_positions_150000.csv,noise_3pct\c5800_phi19.00_logk-1.855556.png,equivalent_plastic_strain,5800,19,0.013945831,-1.85555560201739,3,7132326,860,0,0,generated
713,dabashenliu_run_713\particle_positions_150000.csv,noise_5pct\c5800_phi19.00_logk-1.855556.png,equivalent_plastic_strain,5800,19,0.013945831,-1.85555560201739,5,7132526,860,0,0,generated
714,dabashenliu_run_714\particle_positions_150000.csv,noise_0pct\c5800_phi19.00_logk-1.633333.png,equivalent_plastic_strain,5800,19,0.023263052,-1.63333330853244,0,7142026,860,0,0,generated
714,dabashenliu_run_714\particle_positions_150000.csv,noise_1pct\c5800_phi19.00_logk-1.633333.png,equivalent_plastic_strain,5800,19,0.023263052,-1.63333330853244,1,7142126,860,0,0,generated
714,dabashenliu_run_714\particle_positions_150000.csv,noise_3pct\c5800_phi19.00_logk-1.633333.png,equivalent_plastic_strain,5800,19,0.023263052,-1.63333330853244,3,7142326,860,0,0,generated
714,dabashenliu_run_714\particle_positions_150000.csv,noise_5pct\c5800_phi19.00_logk-1.633333.png,equivalent_plastic_strain,5800,19,0.023263052,-1.63333330853244,5,7142526,860,0,0,generated
715,dabashenliu_run_715\particle_positions_150000.csv,noise_0pct\c5800_phi19.00_logk-1.411111.png,equivalent_plastic_strain,5800,19,0.038805105,-1.41111113709934,0,7152026,860,0,0,generated
715,dabashenliu_run_715\particle_positions_150000.csv,noise_1pct\c5800_phi19.00_logk-1.411111.png,equivalent_plastic_strain,5800,19,0.038805105,-1.41111113709934,1,7152126,860,0,0,generated
715,dabashenliu_run_715\particle_positions_150000.csv,noise_3pct\c5800_phi19.00_logk-1.411111.png,equivalent_plastic_strain,5800,19,0.038805105,-1.41111113709934,3,7152326,860,0,0,generated
715,dabashenliu_run_715\particle_positions_150000.csv,noise_5pct\c5800_phi19.00_logk-1.411111.png,equivalent_plastic_strain,5800,19,0.038805105,-1.41111113709934,5,7152526,860,0,0,generated
716,dabashenliu_run_716\particle_positions_150000.csv,noise_0pct\c5800_phi19.00_logk-1.188889.png,equivalent_plastic_strain,5800,19,0.06473083,-1.18888882427963,0,7162026,860,0,0,generated
716,dabashenliu_run_716\particle_positions_150000.csv,noise_1pct\c5800_phi19.00_logk-1.188889.png,equivalent_plastic_strain,5800,19,0.06473083,-1.18888882427963,1,7162126,860,0,0,generated
716,dabashenliu_run_716\particle_positions_150000.csv,noise_3pct\c5800_phi19.00_logk-1.188889.png,equivalent_plastic_strain,5800,19,0.06473083,-1.18888882427963,3,7162326,860,0,0,generated
716,dabashenliu_run_716\particle_positions_150000.csv,noise_5pct\c5800_phi19.00_logk-1.188889.png,equivalent_plastic_strain,5800,19,0.06473083,-1.18888882427963,5,7162526,860,0,0,generated
717,dabashenliu_run_717\particle_positions_150000.csv,noise_0pct\c5800_phi19.00_logk-0.966667.png,equivalent_plastic_strain,5800,19,0.10797753,-0.966666611293739,0,7172026,860,0,0,generated
717,dabashenliu_run_717\particle_positions_150000.csv,noise_1pct\c5800_phi19.00_logk-0.966667.png,equivalent_plastic_strain,5800,19,0.10797753,-0.966666611293739,1,7172126,860,0,0,generated
717,dabashenliu_run_717\particle_positions_150000.csv,noise_3pct\c5800_phi19.00_logk-0.966667.png,equivalent_plastic_strain,5800,19,0.10797753,-0.966666611293739,3,7172326,860,0,0,generated
717,dabashenliu_run_717\particle_positions_150000.csv,noise_5pct\c5800_phi19.00_logk-0.966667.png,equivalent_plastic_strain,5800,19,0.10797753,-0.966666611293739,5,7172526,860,0,0,generated
718,dabashenliu_run_718\particle_positions_150000.csv,noise_0pct\c5800_phi19.00_logk-0.744444.png,equivalent_plastic_strain,5800,19,0.18011737,-0.744444403052799,0,7182026,860,0,2181,generated
718,dabashenliu_run_718\particle_positions_150000.csv,noise_1pct\c5800_phi19.00_logk-0.744444.png,equivalent_plastic_strain,5800,19,0.18011737,-0.744444403052799,1,7182126,860,0,2181,generated
718,dabashenliu_run_718\particle_positions_150000.csv,noise_3pct\c5800_phi19.00_logk-0.744444.png,equivalent_plastic_strain,5800,19,0.18011737,-0.744444403052799,3,7182326,860,0,2181,generated
718,dabashenliu_run_718\particle_positions_150000.csv,noise_5pct\c5800_phi19.00_logk-0.744444.png,equivalent_plastic_strain,5800,19,0.18011737,-0.744444403052799,5,7182526,860,0,2181,generated
719,dabashenliu_run_719\particle_positions_150000.csv,noise_0pct\c5800_phi19.00_logk-0.522222.png,equivalent_plastic_strain,5800,19,0.30045387,-0.522222197678965,0,7192026,860,0,8489,generated
719,dabashenliu_run_719\particle_positions_150000.csv,noise_1pct\c5800_phi19.00_logk-0.522222.png,equivalent_plastic_strain,5800,19,0.30045387,-0.522222197678965,1,7192126,860,0,8489,generated
719,dabashenliu_run_719\particle_positions_150000.csv,noise_3pct\c5800_phi19.00_logk-0.522222.png,equivalent_plastic_strain,5800,19,0.30045387,-0.522222197678965,3,7192326,860,0,8489,generated
719,dabashenliu_run_719\particle_positions_150000.csv,noise_5pct\c5800_phi19.00_logk-0.522222.png,equivalent_plastic_strain,5800,19,0.30045387,-0.522222197678965,5,7192526,860,0,8489,generated
720,dabashenliu_run_720\particle_positions_150000.csv,noise_0pct\c5800_phi19.00_logk-0.300000.png,equivalent_plastic_strain,5800,19,0.50118726,-0.299999977147204,0,7202026,860,0,17834,generated
720,dabashenliu_run_720\particle_positions_150000.csv,noise_1pct\c5800_phi19.00_logk-0.300000.png,equivalent_plastic_strain,5800,19,0.50118726,-0.299999977147204,1,7202126,860,0,17834,generated
720,dabashenliu_run_720\particle_positions_150000.csv,noise_3pct\c5800_phi19.00_logk-0.300000.png,equivalent_plastic_strain,5800,19,0.50118726,-0.299999977147204,3,7202326,860,0,17834,generated
720,dabashenliu_run_720\particle_positions_150000.csv,noise_5pct\c5800_phi19.00_logk-0.300000.png,equivalent_plastic_strain,5800,19,0.50118726,-0.299999977147204,5,7202526,860,0,17834,generated
721,dabashenliu_run_721\particle_positions_150000.csv,noise_0pct\c5800_phi20.00_logk-2.300000.png,equivalent_plastic_strain,5800,20,0.0050118724,-2.29999999447783,0,7212026,860,0,0,generated
721,dabashenliu_run_721\particle_positions_150000.csv,noise_1pct\c5800_phi20.00_logk-2.300000.png,equivalent_plastic_strain,5800,20,0.0050118724,-2.29999999447783,1,7212126,860,0,0,generated
721,dabashenliu_run_721\particle_positions_150000.csv,noise_3pct\c5800_phi20.00_logk-2.300000.png,equivalent_plastic_strain,5800,20,0.0050118724,-2.29999999447783,3,7212326,860,0,0,generated
721,dabashenliu_run_721\particle_positions_150000.csv,noise_5pct\c5800_phi20.00_logk-2.300000.png,equivalent_plastic_strain,5800,20,0.0050118724,-2.29999999447783,5,7212526,860,0,0,generated
722,dabashenliu_run_722\particle_positions_150000.csv,noise_0pct\c5800_phi20.00_logk-2.077778.png,equivalent_plastic_strain,5800,20,0.0083603095,-2.07777764461193,0,7222026,860,0,0,generated
722,dabashenliu_run_722\particle_positions_150000.csv,noise_1pct\c5800_phi20.00_logk-2.077778.png,equivalent_plastic_strain,5800,20,0.0083603095,-2.07777764461193,1,7222126,860,0,0,generated
722,dabashenliu_run_722\particle_positions_150000.csv,noise_3pct\c5800_phi20.00_logk-2.077778.png,equivalent_plastic_strain,5800,20,0.0083603095,-2.07777764461193,3,7222326,860,0,0,generated
722,dabashenliu_run_722\particle_positions_150000.csv,noise_5pct\c5800_phi20.00_logk-2.077778.png,equivalent_plastic_strain,5800,20,0.0083603095,-2.07777764461193,5,7222526,860,0,0,generated
723,dabashenliu_run_723\particle_positions_150000.csv,noise_0pct\c5800_phi20.00_logk-1.855556.png,equivalent_plastic_strain,5800,20,0.013945831,-1.85555560201739,0,7232026,860,0,0,generated
723,dabashenliu_run_723\particle_positions_150000.csv,noise_1pct\c5800_phi20.00_logk-1.855556.png,equivalent_plastic_strain,5800,20,0.013945831,-1.85555560201739,1,7232126,860,0,0,generated
723,dabashenliu_run_723\particle_positions_150000.csv,noise_3pct\c5800_phi20.00_logk-1.855556.png,equivalent_plastic_strain,5800,20,0.013945831,-1.85555560201739,3,7232326,860,0,0,generated
723,dabashenliu_run_723\particle_positions_150000.csv,noise_5pct\c5800_phi20.00_logk-1.855556.png,equivalent_plastic_strain,5800,20,0.013945831,-1.85555560201739,5,7232526,860,0,0,generated
724,dabashenliu_run_724\particle_positions_150000.csv,noise_0pct\c5800_phi20.00_logk-1.633333.png,equivalent_plastic_strain,5800,20,0.023263052,-1.63333330853244,0,7242026,860,0,0,generated
724,dabashenliu_run_724\particle_positions_150000.csv,noise_1pct\c5800_phi20.00_logk-1.633333.png,equivalent_plastic_strain,5800,20,0.023263052,-1.63333330853244,1,7242126,860,0,0,generated
724,dabashenliu_run_724\particle_positions_150000.csv,noise_3pct\c5800_phi20.00_logk-1.633333.png,equivalent_plastic_strain,5800,20,0.023263052,-1.63333330853244,3,7242326,860,0,0,generated
724,dabashenliu_run_724\particle_positions_150000.csv,noise_5pct\c5800_phi20.00_logk-1.633333.png,equivalent_plastic_strain,5800,20,0.023263052,-1.63333330853244,5,7242526,860,0,0,generated
725,dabashenliu_run_725\particle_positions_150000.csv,noise_0pct\c5800_phi20.00_logk-1.411111.png,equivalent_plastic_strain,5800,20,0.038805105,-1.41111113709934,0,7252026,860,0,0,generated
725,dabashenliu_run_725\particle_positions_150000.csv,noise_1pct\c5800_phi20.00_logk-1.411111.png,equivalent_plastic_strain,5800,20,0.038805105,-1.41111113709934,1,7252126,860,0,0,generated
725,dabashenliu_run_725\particle_positions_150000.csv,noise_3pct\c5800_phi20.00_logk-1.411111.png,equivalent_plastic_strain,5800,20,0.038805105,-1.41111113709934,3,7252326,860,0,0,generated
725,dabashenliu_run_725\particle_positions_150000.csv,noise_5pct\c5800_phi20.00_logk-1.411111.png,equivalent_plastic_strain,5800,20,0.038805105,-1.41111113709934,5,7252526,860,0,0,generated
726,dabashenliu_run_726\particle_positions_150000.csv,noise_0pct\c5800_phi20.00_logk-1.188889.png,equivalent_plastic_strain,5800,20,0.06473083,-1.18888882427963,0,7262026,860,0,0,generated
726,dabashenliu_run_726\particle_positions_150000.csv,noise_1pct\c5800_phi20.00_logk-1.188889.png,equivalent_plastic_strain,5800,20,0.06473083,-1.18888882427963,1,7262126,860,0,0,generated
726,dabashenliu_run_726\particle_positions_150000.csv,noise_3pct\c5800_phi20.00_logk-1.188889.png,equivalent_plastic_strain,5800,20,0.06473083,-1.18888882427963,3,7262326,860,0,0,generated
726,dabashenliu_run_726\particle_positions_150000.csv,noise_5pct\c5800_phi20.00_logk-1.188889.png,equivalent_plastic_strain,5800,20,0.06473083,-1.18888882427963,5,7262526,860,0,0,generated
727,dabashenliu_run_727\particle_positions_150000.csv,noise_0pct\c5800_phi20.00_logk-0.966667.png,equivalent_plastic_strain,5800,20,0.10797753,-0.966666611293739,0,7272026,860,0,0,generated
727,dabashenliu_run_727\particle_positions_150000.csv,noise_1pct\c5800_phi20.00_logk-0.966667.png,equivalent_plastic_strain,5800,20,0.10797753,-0.966666611293739,1,7272126,860,0,0,generated
727,dabashenliu_run_727\particle_positions_150000.csv,noise_3pct\c5800_phi20.00_logk-0.966667.png,equivalent_plastic_strain,5800,20,0.10797753,-0.966666611293739,3,7272326,860,0,0,generated
727,dabashenliu_run_727\particle_positions_150000.csv,noise_5pct\c5800_phi20.00_logk-0.966667.png,equivalent_plastic_strain,5800,20,0.10797753,-0.966666611293739,5,7272526,860,0,0,generated
728,dabashenliu_run_728\particle_positions_150000.csv,noise_0pct\c5800_phi20.00_logk-0.744444.png,equivalent_plastic_strain,5800,20,0.18011737,-0.744444403052799,0,7282026,860,0,1574,generated
728,dabashenliu_run_728\particle_positions_150000.csv,noise_1pct\c5800_phi20.00_logk-0.744444.png,equivalent_plastic_strain,5800,20,0.18011737,-0.744444403052799,1,7282126,860,0,1574,generated
728,dabashenliu_run_728\particle_positions_150000.csv,noise_3pct\c5800_phi20.00_logk-0.744444.png,equivalent_plastic_strain,5800,20,0.18011737,-0.744444403052799,3,7282326,860,0,1574,generated
728,dabashenliu_run_728\particle_positions_150000.csv,noise_5pct\c5800_phi20.00_logk-0.744444.png,equivalent_plastic_strain,5800,20,0.18011737,-0.744444403052799,5,7282526,860,0,1574,generated
729,dabashenliu_run_729\particle_positions_150000.csv,noise_0pct\c5800_phi20.00_logk-0.522222.png,equivalent_plastic_strain,5800,20,0.30045387,-0.522222197678965,0,7292026,860,0,6458,generated
729,dabashenliu_run_729\particle_positions_150000.csv,noise_1pct\c5800_phi20.00_logk-0.522222.png,equivalent_plastic_strain,5800,20,0.30045387,-0.522222197678965,1,7292126,860,0,6458,generated
729,dabashenliu_run_729\particle_positions_150000.csv,noise_3pct\c5800_phi20.00_logk-0.522222.png,equivalent_plastic_strain,5800,20,0.30045387,-0.522222197678965,3,7292326,860,0,6458,generated
729,dabashenliu_run_729\particle_positions_150000.csv,noise_5pct\c5800_phi20.00_logk-0.522222.png,equivalent_plastic_strain,5800,20,0.30045387,-0.522222197678965,5,7292526,860,0,6458,generated
730,dabashenliu_run_730\particle_positions_150000.csv,noise_0pct\c5800_phi20.00_logk-0.300000.png,equivalent_plastic_strain,5800,20,0.50118726,-0.299999977147204,0,7302026,860,0,16221,generated
730,dabashenliu_run_730\particle_positions_150000.csv,noise_1pct\c5800_phi20.00_logk-0.300000.png,equivalent_plastic_strain,5800,20,0.50118726,-0.299999977147204,1,7302126,860,0,16221,generated
730,dabashenliu_run_730\particle_positions_150000.csv,noise_3pct\c5800_phi20.00_logk-0.300000.png,equivalent_plastic_strain,5800,20,0.50118726,-0.299999977147204,3,7302326,860,0,16221,generated
730,dabashenliu_run_730\particle_positions_150000.csv,noise_5pct\c5800_phi20.00_logk-0.300000.png,equivalent_plastic_strain,5800,20,0.50118726,-0.299999977147204,5,7302526,860,0,16221,generated
731,dabashenliu_run_731\particle_positions_150000.csv,noise_0pct\c5800_phi21.00_logk-2.300000.png,equivalent_plastic_strain,5800,21,0.0050118724,-2.29999999447783,0,7312026,860,0,0,generated
731,dabashenliu_run_731\particle_positions_150000.csv,noise_1pct\c5800_phi21.00_logk-2.300000.png,equivalent_plastic_strain,5800,21,0.0050118724,-2.29999999447783,1,7312126,860,0,0,generated
731,dabashenliu_run_731\particle_positions_150000.csv,noise_3pct\c5800_phi21.00_logk-2.300000.png,equivalent_plastic_strain,5800,21,0.0050118724,-2.29999999447783,3,7312326,860,0,0,generated
731,dabashenliu_run_731\particle_positions_150000.csv,noise_5pct\c5800_phi21.00_logk-2.300000.png,equivalent_plastic_strain,5800,21,0.0050118724,-2.29999999447783,5,7312526,860,0,0,generated
732,dabashenliu_run_732\particle_positions_150000.csv,noise_0pct\c5800_phi21.00_logk-2.077778.png,equivalent_plastic_strain,5800,21,0.0083603095,-2.07777764461193,0,7322026,860,0,0,generated
732,dabashenliu_run_732\particle_positions_150000.csv,noise_1pct\c5800_phi21.00_logk-2.077778.png,equivalent_plastic_strain,5800,21,0.0083603095,-2.07777764461193,1,7322126,860,0,0,generated
732,dabashenliu_run_732\particle_positions_150000.csv,noise_3pct\c5800_phi21.00_logk-2.077778.png,equivalent_plastic_strain,5800,21,0.0083603095,-2.07777764461193,3,7322326,860,0,0,generated
732,dabashenliu_run_732\particle_positions_150000.csv,noise_5pct\c5800_phi21.00_logk-2.077778.png,equivalent_plastic_strain,5800,21,0.0083603095,-2.07777764461193,5,7322526,860,0,0,generated
733,dabashenliu_run_733\particle_positions_150000.csv,noise_0pct\c5800_phi21.00_logk-1.855556.png,equivalent_plastic_strain,5800,21,0.013945831,-1.85555560201739,0,7332026,860,0,0,generated
733,dabashenliu_run_733\particle_positions_150000.csv,noise_1pct\c5800_phi21.00_logk-1.855556.png,equivalent_plastic_strain,5800,21,0.013945831,-1.85555560201739,1,7332126,860,0,0,generated
733,dabashenliu_run_733\particle_positions_150000.csv,noise_3pct\c5800_phi21.00_logk-1.855556.png,equivalent_plastic_strain,5800,21,0.013945831,-1.85555560201739,3,7332326,860,0,0,generated
733,dabashenliu_run_733\particle_positions_150000.csv,noise_5pct\c5800_phi21.00_logk-1.855556.png,equivalent_plastic_strain,5800,21,0.013945831,-1.85555560201739,5,7332526,860,0,0,generated
734,dabashenliu_run_734\particle_positions_150000.csv,noise_0pct\c5800_phi21.00_logk-1.633333.png,equivalent_plastic_strain,5800,21,0.023263052,-1.63333330853244,0,7342026,860,0,0,generated
734,dabashenliu_run_734\particle_positions_150000.csv,noise_1pct\c5800_phi21.00_logk-1.633333.png,equivalent_plastic_strain,5800,21,0.023263052,-1.63333330853244,1,7342126,860,0,0,generated
734,dabashenliu_run_734\particle_positions_150000.csv,noise_3pct\c5800_phi21.00_logk-1.633333.png,equivalent_plastic_strain,5800,21,0.023263052,-1.63333330853244,3,7342326,860,0,0,generated
734,dabashenliu_run_734\particle_positions_150000.csv,noise_5pct\c5800_phi21.00_logk-1.633333.png,equivalent_plastic_strain,5800,21,0.023263052,-1.63333330853244,5,7342526,860,0,0,generated
735,dabashenliu_run_735\particle_positions_150000.csv,noise_0pct\c5800_phi21.00_logk-1.411111.png,equivalent_plastic_strain,5800,21,0.038805105,-1.41111113709934,0,7352026,860,0,0,generated
735,dabashenliu_run_735\particle_positions_150000.csv,noise_1pct\c5800_phi21.00_logk-1.411111.png,equivalent_plastic_strain,5800,21,0.038805105,-1.41111113709934,1,7352126,860,0,0,generated
735,dabashenliu_run_735\particle_positions_150000.csv,noise_3pct\c5800_phi21.00_logk-1.411111.png,equivalent_plastic_strain,5800,21,0.038805105,-1.41111113709934,3,7352326,860,0,0,generated
735,dabashenliu_run_735\particle_positions_150000.csv,noise_5pct\c5800_phi21.00_logk-1.411111.png,equivalent_plastic_strain,5800,21,0.038805105,-1.41111113709934,5,7352526,860,0,0,generated
736,dabashenliu_run_736\particle_positions_150000.csv,noise_0pct\c5800_phi21.00_logk-1.188889.png,equivalent_plastic_strain,5800,21,0.06473083,-1.18888882427963,0,7362026,860,0,0,generated
736,dabashenliu_run_736\particle_positions_150000.csv,noise_1pct\c5800_phi21.00_logk-1.188889.png,equivalent_plastic_strain,5800,21,0.06473083,-1.18888882427963,1,7362126,860,0,0,generated
736,dabashenliu_run_736\particle_positions_150000.csv,noise_3pct\c5800_phi21.00_logk-1.188889.png,equivalent_plastic_strain,5800,21,0.06473083,-1.18888882427963,3,7362326,860,0,0,generated
736,dabashenliu_run_736\particle_positions_150000.csv,noise_5pct\c5800_phi21.00_logk-1.188889.png,equivalent_plastic_strain,5800,21,0.06473083,-1.18888882427963,5,7362526,860,0,0,generated
737,dabashenliu_run_737\particle_positions_150000.csv,noise_0pct\c5800_phi21.00_logk-0.966667.png,equivalent_plastic_strain,5800,21,0.10797753,-0.966666611293739,0,7372026,860,0,0,generated
737,dabashenliu_run_737\particle_positions_150000.csv,noise_1pct\c5800_phi21.00_logk-0.966667.png,equivalent_plastic_strain,5800,21,0.10797753,-0.966666611293739,1,7372126,860,0,0,generated
737,dabashenliu_run_737\particle_positions_150000.csv,noise_3pct\c5800_phi21.00_logk-0.966667.png,equivalent_plastic_strain,5800,21,0.10797753,-0.966666611293739,3,7372326,860,0,0,generated
737,dabashenliu_run_737\particle_positions_150000.csv,noise_5pct\c5800_phi21.00_logk-0.966667.png,equivalent_plastic_strain,5800,21,0.10797753,-0.966666611293739,5,7372526,860,0,0,generated
738,dabashenliu_run_738\particle_positions_150000.csv,noise_0pct\c5800_phi21.00_logk-0.744444.png,equivalent_plastic_strain,5800,21,0.18011737,-0.744444403052799,0,7382026,860,0,634,generated
738,dabashenliu_run_738\particle_positions_150000.csv,noise_1pct\c5800_phi21.00_logk-0.744444.png,equivalent_plastic_strain,5800,21,0.18011737,-0.744444403052799,1,7382126,860,0,634,generated
738,dabashenliu_run_738\particle_positions_150000.csv,noise_3pct\c5800_phi21.00_logk-0.744444.png,equivalent_plastic_strain,5800,21,0.18011737,-0.744444403052799,3,7382326,860,0,634,generated
738,dabashenliu_run_738\particle_positions_150000.csv,noise_5pct\c5800_phi21.00_logk-0.744444.png,equivalent_plastic_strain,5800,21,0.18011737,-0.744444403052799,5,7382526,860,0,634,generated
739,dabashenliu_run_739\particle_positions_150000.csv,noise_0pct\c5800_phi21.00_logk-0.522222.png,equivalent_plastic_strain,5800,21,0.30045387,-0.522222197678965,0,7392026,860,0,5082,generated
739,dabashenliu_run_739\particle_positions_150000.csv,noise_1pct\c5800_phi21.00_logk-0.522222.png,equivalent_plastic_strain,5800,21,0.30045387,-0.522222197678965,1,7392126,860,0,5082,generated
739,dabashenliu_run_739\particle_positions_150000.csv,noise_3pct\c5800_phi21.00_logk-0.522222.png,equivalent_plastic_strain,5800,21,0.30045387,-0.522222197678965,3,7392326,860,0,5082,generated
739,dabashenliu_run_739\particle_positions_150000.csv,noise_5pct\c5800_phi21.00_logk-0.522222.png,equivalent_plastic_strain,5800,21,0.30045387,-0.522222197678965,5,7392526,860,0,5082,generated
740,dabashenliu_run_740\particle_positions_150000.csv,noise_0pct\c5800_phi21.00_logk-0.300000.png,equivalent_plastic_strain,5800,21,0.50118726,-0.299999977147204,0,7402026,860,0,15262,generated
740,dabashenliu_run_740\particle_positions_150000.csv,noise_1pct\c5800_phi21.00_logk-0.300000.png,equivalent_plastic_strain,5800,21,0.50118726,-0.299999977147204,1,7402126,860,0,15262,generated
740,dabashenliu_run_740\particle_positions_150000.csv,noise_3pct\c5800_phi21.00_logk-0.300000.png,equivalent_plastic_strain,5800,21,0.50118726,-0.299999977147204,3,7402326,860,0,15262,generated
740,dabashenliu_run_740\particle_positions_150000.csv,noise_5pct\c5800_phi21.00_logk-0.300000.png,equivalent_plastic_strain,5800,21,0.50118726,-0.299999977147204,5,7402526,860,0,15262,generated
741,dabashenliu_run_741\particle_positions_150000.csv,noise_0pct\c5800_phi22.00_logk-2.300000.png,equivalent_plastic_strain,5800,22,0.0050118724,-2.29999999447783,0,7412026,860,0,0,generated
741,dabashenliu_run_741\particle_positions_150000.csv,noise_1pct\c5800_phi22.00_logk-2.300000.png,equivalent_plastic_strain,5800,22,0.0050118724,-2.29999999447783,1,7412126,860,0,0,generated
741,dabashenliu_run_741\particle_positions_150000.csv,noise_3pct\c5800_phi22.00_logk-2.300000.png,equivalent_plastic_strain,5800,22,0.0050118724,-2.29999999447783,3,7412326,860,0,0,generated
741,dabashenliu_run_741\particle_positions_150000.csv,noise_5pct\c5800_phi22.00_logk-2.300000.png,equivalent_plastic_strain,5800,22,0.0050118724,-2.29999999447783,5,7412526,860,0,0,generated
742,dabashenliu_run_742\particle_positions_150000.csv,noise_0pct\c5800_phi22.00_logk-2.077778.png,equivalent_plastic_strain,5800,22,0.0083603095,-2.07777764461193,0,7422026,860,0,0,generated
742,dabashenliu_run_742\particle_positions_150000.csv,noise_1pct\c5800_phi22.00_logk-2.077778.png,equivalent_plastic_strain,5800,22,0.0083603095,-2.07777764461193,1,7422126,860,0,0,generated
742,dabashenliu_run_742\particle_positions_150000.csv,noise_3pct\c5800_phi22.00_logk-2.077778.png,equivalent_plastic_strain,5800,22,0.0083603095,-2.07777764461193,3,7422326,860,0,0,generated
742,dabashenliu_run_742\particle_positions_150000.csv,noise_5pct\c5800_phi22.00_logk-2.077778.png,equivalent_plastic_strain,5800,22,0.0083603095,-2.07777764461193,5,7422526,860,0,0,generated
743,dabashenliu_run_743\particle_positions_150000.csv,noise_0pct\c5800_phi22.00_logk-1.855556.png,equivalent_plastic_strain,5800,22,0.013945831,-1.85555560201739,0,7432026,860,0,0,generated
743,dabashenliu_run_743\particle_positions_150000.csv,noise_1pct\c5800_phi22.00_logk-1.855556.png,equivalent_plastic_strain,5800,22,0.013945831,-1.85555560201739,1,7432126,860,0,0,generated
743,dabashenliu_run_743\particle_positions_150000.csv,noise_3pct\c5800_phi22.00_logk-1.855556.png,equivalent_plastic_strain,5800,22,0.013945831,-1.85555560201739,3,7432326,860,0,0,generated
743,dabashenliu_run_743\particle_positions_150000.csv,noise_5pct\c5800_phi22.00_logk-1.855556.png,equivalent_plastic_strain,5800,22,0.013945831,-1.85555560201739,5,7432526,860,0,0,generated
744,dabashenliu_run_744\particle_positions_150000.csv,noise_0pct\c5800_phi22.00_logk-1.633333.png,equivalent_plastic_strain,5800,22,0.023263052,-1.63333330853244,0,7442026,860,0,0,generated
744,dabashenliu_run_744\particle_positions_150000.csv,noise_1pct\c5800_phi22.00_logk-1.633333.png,equivalent_plastic_strain,5800,22,0.023263052,-1.63333330853244,1,7442126,860,0,0,generated
744,dabashenliu_run_744\particle_positions_150000.csv,noise_3pct\c5800_phi22.00_logk-1.633333.png,equivalent_plastic_strain,5800,22,0.023263052,-1.63333330853244,3,7442326,860,0,0,generated
744,dabashenliu_run_744\particle_positions_150000.csv,noise_5pct\c5800_phi22.00_logk-1.633333.png,equivalent_plastic_strain,5800,22,0.023263052,-1.63333330853244,5,7442526,860,0,0,generated
745,dabashenliu_run_745\particle_positions_150000.csv,noise_0pct\c5800_phi22.00_logk-1.411111.png,equivalent_plastic_strain,5800,22,0.038805105,-1.41111113709934,0,7452026,860,0,0,generated
745,dabashenliu_run_745\particle_positions_150000.csv,noise_1pct\c5800_phi22.00_logk-1.411111.png,equivalent_plastic_strain,5800,22,0.038805105,-1.41111113709934,1,7452126,860,0,0,generated
745,dabashenliu_run_745\particle_positions_150000.csv,noise_3pct\c5800_phi22.00_logk-1.411111.png,equivalent_plastic_strain,5800,22,0.038805105,-1.41111113709934,3,7452326,860,0,0,generated
745,dabashenliu_run_745\particle_positions_150000.csv,noise_5pct\c5800_phi22.00_logk-1.411111.png,equivalent_plastic_strain,5800,22,0.038805105,-1.41111113709934,5,7452526,860,0,0,generated
746,dabashenliu_run_746\particle_positions_150000.csv,noise_0pct\c5800_phi22.00_logk-1.188889.png,equivalent_plastic_strain,5800,22,0.06473083,-1.18888882427963,0,7462026,860,0,0,generated
746,dabashenliu_run_746\particle_positions_150000.csv,noise_1pct\c5800_phi22.00_logk-1.188889.png,equivalent_plastic_strain,5800,22,0.06473083,-1.18888882427963,1,7462126,860,0,0,generated
746,dabashenliu_run_746\particle_positions_150000.csv,noise_3pct\c5800_phi22.00_logk-1.188889.png,equivalent_plastic_strain,5800,22,0.06473083,-1.18888882427963,3,7462326,860,0,0,generated
746,dabashenliu_run_746\particle_positions_150000.csv,noise_5pct\c5800_phi22.00_logk-1.188889.png,equivalent_plastic_strain,5800,22,0.06473083,-1.18888882427963,5,7462526,860,0,0,generated
747,dabashenliu_run_747\particle_positions_150000.csv,noise_0pct\c5800_phi22.00_logk-0.966667.png,equivalent_plastic_strain,5800,22,0.10797753,-0.966666611293739,0,7472026,860,0,0,generated
747,dabashenliu_run_747\particle_positions_150000.csv,noise_1pct\c5800_phi22.00_logk-0.966667.png,equivalent_plastic_strain,5800,22,0.10797753,-0.966666611293739,1,7472126,860,0,0,generated
747,dabashenliu_run_747\particle_positions_150000.csv,noise_3pct\c5800_phi22.00_logk-0.966667.png,equivalent_plastic_strain,5800,22,0.10797753,-0.966666611293739,3,7472326,860,0,0,generated
747,dabashenliu_run_747\particle_positions_150000.csv,noise_5pct\c5800_phi22.00_logk-0.966667.png,equivalent_plastic_strain,5800,22,0.10797753,-0.966666611293739,5,7472526,860,0,0,generated
748,dabashenliu_run_748\particle_positions_150000.csv,noise_0pct\c5800_phi22.00_logk-0.744444.png,equivalent_plastic_strain,5800,22,0.18011737,-0.744444403052799,0,7482026,860,0,253,generated
748,dabashenliu_run_748\particle_positions_150000.csv,noise_1pct\c5800_phi22.00_logk-0.744444.png,equivalent_plastic_strain,5800,22,0.18011737,-0.744444403052799,1,7482126,860,0,253,generated
748,dabashenliu_run_748\particle_positions_150000.csv,noise_3pct\c5800_phi22.00_logk-0.744444.png,equivalent_plastic_strain,5800,22,0.18011737,-0.744444403052799,3,7482326,860,0,253,generated
748,dabashenliu_run_748\particle_positions_150000.csv,noise_5pct\c5800_phi22.00_logk-0.744444.png,equivalent_plastic_strain,5800,22,0.18011737,-0.744444403052799,5,7482526,860,0,253,generated
749,dabashenliu_run_749\particle_positions_150000.csv,noise_0pct\c5800_phi22.00_logk-0.522222.png,equivalent_plastic_strain,5800,22,0.30045387,-0.522222197678965,0,7492026,860,0,2306,generated
749,dabashenliu_run_749\particle_positions_150000.csv,noise_1pct\c5800_phi22.00_logk-0.522222.png,equivalent_plastic_strain,5800,22,0.30045387,-0.522222197678965,1,7492126,860,0,2306,generated
749,dabashenliu_run_749\particle_positions_150000.csv,noise_3pct\c5800_phi22.00_logk-0.522222.png,equivalent_plastic_strain,5800,22,0.30045387,-0.522222197678965,3,7492326,860,0,2306,generated
749,dabashenliu_run_749\particle_positions_150000.csv,noise_5pct\c5800_phi22.00_logk-0.522222.png,equivalent_plastic_strain,5800,22,0.30045387,-0.522222197678965,5,7492526,860,0,2306,generated
750,dabashenliu_run_750\particle_positions_150000.csv,noise_0pct\c5800_phi22.00_logk-0.300000.png,equivalent_plastic_strain,5800,22,0.50118726,-0.299999977147204,0,7502026,860,0,8002,generated
750,dabashenliu_run_750\particle_positions_150000.csv,noise_1pct\c5800_phi22.00_logk-0.300000.png,equivalent_plastic_strain,5800,22,0.50118726,-0.299999977147204,1,7502126,860,0,8002,generated
750,dabashenliu_run_750\particle_positions_150000.csv,noise_3pct\c5800_phi22.00_logk-0.300000.png,equivalent_plastic_strain,5800,22,0.50118726,-0.299999977147204,3,7502326,860,0,8002,generated
750,dabashenliu_run_750\particle_positions_150000.csv,noise_5pct\c5800_phi22.00_logk-0.300000.png,equivalent_plastic_strain,5800,22,0.50118726,-0.299999977147204,5,7502526,860,0,8002,generated
751,dabashenliu_run_751\particle_positions_150000.csv,noise_0pct\c5800_phi23.00_logk-2.300000.png,equivalent_plastic_strain,5800,23,0.0050118724,-2.29999999447783,0,7512026,860,0,0,generated
751,dabashenliu_run_751\particle_positions_150000.csv,noise_1pct\c5800_phi23.00_logk-2.300000.png,equivalent_plastic_strain,5800,23,0.0050118724,-2.29999999447783,1,7512126,860,0,0,generated
751,dabashenliu_run_751\particle_positions_150000.csv,noise_3pct\c5800_phi23.00_logk-2.300000.png,equivalent_plastic_strain,5800,23,0.0050118724,-2.29999999447783,3,7512326,860,0,0,generated
751,dabashenliu_run_751\particle_positions_150000.csv,noise_5pct\c5800_phi23.00_logk-2.300000.png,equivalent_plastic_strain,5800,23,0.0050118724,-2.29999999447783,5,7512526,860,0,0,generated
752,dabashenliu_run_752\particle_positions_150000.csv,noise_0pct\c5800_phi23.00_logk-2.077778.png,equivalent_plastic_strain,5800,23,0.0083603095,-2.07777764461193,0,7522026,860,0,0,generated
752,dabashenliu_run_752\particle_positions_150000.csv,noise_1pct\c5800_phi23.00_logk-2.077778.png,equivalent_plastic_strain,5800,23,0.0083603095,-2.07777764461193,1,7522126,860,0,0,generated
752,dabashenliu_run_752\particle_positions_150000.csv,noise_3pct\c5800_phi23.00_logk-2.077778.png,equivalent_plastic_strain,5800,23,0.0083603095,-2.07777764461193,3,7522326,860,0,0,generated
752,dabashenliu_run_752\particle_positions_150000.csv,noise_5pct\c5800_phi23.00_logk-2.077778.png,equivalent_plastic_strain,5800,23,0.0083603095,-2.07777764461193,5,7522526,860,0,0,generated
753,dabashenliu_run_753\particle_positions_150000.csv,noise_0pct\c5800_phi23.00_logk-1.855556.png,equivalent_plastic_strain,5800,23,0.013945831,-1.85555560201739,0,7532026,860,0,0,generated
753,dabashenliu_run_753\particle_positions_150000.csv,noise_1pct\c5800_phi23.00_logk-1.855556.png,equivalent_plastic_strain,5800,23,0.013945831,-1.85555560201739,1,7532126,860,0,0,generated
753,dabashenliu_run_753\particle_positions_150000.csv,noise_3pct\c5800_phi23.00_logk-1.855556.png,equivalent_plastic_strain,5800,23,0.013945831,-1.85555560201739,3,7532326,860,0,0,generated
753,dabashenliu_run_753\particle_positions_150000.csv,noise_5pct\c5800_phi23.00_logk-1.855556.png,equivalent_plastic_strain,5800,23,0.013945831,-1.85555560201739,5,7532526,860,0,0,generated
754,dabashenliu_run_754\particle_positions_150000.csv,noise_0pct\c5800_phi23.00_logk-1.633333.png,equivalent_plastic_strain,5800,23,0.023263052,-1.63333330853244,0,7542026,860,0,0,generated
754,dabashenliu_run_754\particle_positions_150000.csv,noise_1pct\c5800_phi23.00_logk-1.633333.png,equivalent_plastic_strain,5800,23,0.023263052,-1.63333330853244,1,7542126,860,0,0,generated
754,dabashenliu_run_754\particle_positions_150000.csv,noise_3pct\c5800_phi23.00_logk-1.633333.png,equivalent_plastic_strain,5800,23,0.023263052,-1.63333330853244,3,7542326,860,0,0,generated
754,dabashenliu_run_754\particle_positions_150000.csv,noise_5pct\c5800_phi23.00_logk-1.633333.png,equivalent_plastic_strain,5800,23,0.023263052,-1.63333330853244,5,7542526,860,0,0,generated
755,dabashenliu_run_755\particle_positions_150000.csv,noise_0pct\c5800_phi23.00_logk-1.411111.png,equivalent_plastic_strain,5800,23,0.038805105,-1.41111113709934,0,7552026,860,0,0,generated
755,dabashenliu_run_755\particle_positions_150000.csv,noise_1pct\c5800_phi23.00_logk-1.411111.png,equivalent_plastic_strain,5800,23,0.038805105,-1.41111113709934,1,7552126,860,0,0,generated
755,dabashenliu_run_755\particle_positions_150000.csv,noise_3pct\c5800_phi23.00_logk-1.411111.png,equivalent_plastic_strain,5800,23,0.038805105,-1.41111113709934,3,7552326,860,0,0,generated
755,dabashenliu_run_755\particle_positions_150000.csv,noise_5pct\c5800_phi23.00_logk-1.411111.png,equivalent_plastic_strain,5800,23,0.038805105,-1.41111113709934,5,7552526,860,0,0,generated
756,dabashenliu_run_756\particle_positions_150000.csv,noise_0pct\c5800_phi23.00_logk-1.188889.png,equivalent_plastic_strain,5800,23,0.06473083,-1.18888882427963,0,7562026,860,0,0,generated
756,dabashenliu_run_756\particle_positions_150000.csv,noise_1pct\c5800_phi23.00_logk-1.188889.png,equivalent_plastic_strain,5800,23,0.06473083,-1.18888882427963,1,7562126,860,0,0,generated
756,dabashenliu_run_756\particle_positions_150000.csv,noise_3pct\c5800_phi23.00_logk-1.188889.png,equivalent_plastic_strain,5800,23,0.06473083,-1.18888882427963,3,7562326,860,0,0,generated
756,dabashenliu_run_756\particle_positions_150000.csv,noise_5pct\c5800_phi23.00_logk-1.188889.png,equivalent_plastic_strain,5800,23,0.06473083,-1.18888882427963,5,7562526,860,0,0,generated
757,dabashenliu_run_757\particle_positions_150000.csv,noise_0pct\c5800_phi23.00_logk-0.966667.png,equivalent_plastic_strain,5800,23,0.10797753,-0.966666611293739,0,7572026,860,0,0,generated
757,dabashenliu_run_757\particle_positions_150000.csv,noise_1pct\c5800_phi23.00_logk-0.966667.png,equivalent_plastic_strain,5800,23,0.10797753,-0.966666611293739,1,7572126,860,0,0,generated
757,dabashenliu_run_757\particle_positions_150000.csv,noise_3pct\c5800_phi23.00_logk-0.966667.png,equivalent_plastic_strain,5800,23,0.10797753,-0.966666611293739,3,7572326,860,0,0,generated
757,dabashenliu_run_757\particle_positions_150000.csv,noise_5pct\c5800_phi23.00_logk-0.966667.png,equivalent_plastic_strain,5800,23,0.10797753,-0.966666611293739,5,7572526,860,0,0,generated
758,dabashenliu_run_758\particle_positions_150000.csv,noise_0pct\c5800_phi23.00_logk-0.744444.png,equivalent_plastic_strain,5800,23,0.18011737,-0.744444403052799,0,7582026,860,0,392,generated
758,dabashenliu_run_758\particle_positions_150000.csv,noise_1pct\c5800_phi23.00_logk-0.744444.png,equivalent_plastic_strain,5800,23,0.18011737,-0.744444403052799,1,7582126,860,0,392,generated
758,dabashenliu_run_758\particle_positions_150000.csv,noise_3pct\c5800_phi23.00_logk-0.744444.png,equivalent_plastic_strain,5800,23,0.18011737,-0.744444403052799,3,7582326,860,0,392,generated
758,dabashenliu_run_758\particle_positions_150000.csv,noise_5pct\c5800_phi23.00_logk-0.744444.png,equivalent_plastic_strain,5800,23,0.18011737,-0.744444403052799,5,7582526,860,0,392,generated
759,dabashenliu_run_759\particle_positions_150000.csv,noise_0pct\c5800_phi23.00_logk-0.522222.png,equivalent_plastic_strain,5800,23,0.30045387,-0.522222197678965,0,7592026,860,0,2080,generated
759,dabashenliu_run_759\particle_positions_150000.csv,noise_1pct\c5800_phi23.00_logk-0.522222.png,equivalent_plastic_strain,5800,23,0.30045387,-0.522222197678965,1,7592126,860,0,2080,generated
759,dabashenliu_run_759\particle_positions_150000.csv,noise_3pct\c5800_phi23.00_logk-0.522222.png,equivalent_plastic_strain,5800,23,0.30045387,-0.522222197678965,3,7592326,860,0,2080,generated
759,dabashenliu_run_759\particle_positions_150000.csv,noise_5pct\c5800_phi23.00_logk-0.522222.png,equivalent_plastic_strain,5800,23,0.30045387,-0.522222197678965,5,7592526,860,0,2080,generated
760,dabashenliu_run_760\particle_positions_150000.csv,noise_0pct\c5800_phi23.00_logk-0.300000.png,equivalent_plastic_strain,5800,23,0.50118726,-0.299999977147204,0,7602026,860,0,6071,generated
760,dabashenliu_run_760\particle_positions_150000.csv,noise_1pct\c5800_phi23.00_logk-0.300000.png,equivalent_plastic_strain,5800,23,0.50118726,-0.299999977147204,1,7602126,860,0,6071,generated
760,dabashenliu_run_760\particle_positions_150000.csv,noise_3pct\c5800_phi23.00_logk-0.300000.png,equivalent_plastic_strain,5800,23,0.50118726,-0.299999977147204,3,7602326,860,0,6071,generated
760,dabashenliu_run_760\particle_positions_150000.csv,noise_5pct\c5800_phi23.00_logk-0.300000.png,equivalent_plastic_strain,5800,23,0.50118726,-0.299999977147204,5,7602526,860,0,6071,generated
761,dabashenliu_run_761\particle_positions_150000.csv,noise_0pct\c5800_phi24.00_logk-2.300000.png,equivalent_plastic_strain,5800,24,0.0050118724,-2.29999999447783,0,7612026,860,0,0,generated
761,dabashenliu_run_761\particle_positions_150000.csv,noise_1pct\c5800_phi24.00_logk-2.300000.png,equivalent_plastic_strain,5800,24,0.0050118724,-2.29999999447783,1,7612126,860,0,0,generated
761,dabashenliu_run_761\particle_positions_150000.csv,noise_3pct\c5800_phi24.00_logk-2.300000.png,equivalent_plastic_strain,5800,24,0.0050118724,-2.29999999447783,3,7612326,860,0,0,generated
761,dabashenliu_run_761\particle_positions_150000.csv,noise_5pct\c5800_phi24.00_logk-2.300000.png,equivalent_plastic_strain,5800,24,0.0050118724,-2.29999999447783,5,7612526,860,0,0,generated
762,dabashenliu_run_762\particle_positions_150000.csv,noise_0pct\c5800_phi24.00_logk-2.077778.png,equivalent_plastic_strain,5800,24,0.0083603095,-2.07777764461193,0,7622026,860,0,0,generated
762,dabashenliu_run_762\particle_positions_150000.csv,noise_1pct\c5800_phi24.00_logk-2.077778.png,equivalent_plastic_strain,5800,24,0.0083603095,-2.07777764461193,1,7622126,860,0,0,generated
762,dabashenliu_run_762\particle_positions_150000.csv,noise_3pct\c5800_phi24.00_logk-2.077778.png,equivalent_plastic_strain,5800,24,0.0083603095,-2.07777764461193,3,7622326,860,0,0,generated
762,dabashenliu_run_762\particle_positions_150000.csv,noise_5pct\c5800_phi24.00_logk-2.077778.png,equivalent_plastic_strain,5800,24,0.0083603095,-2.07777764461193,5,7622526,860,0,0,generated
763,dabashenliu_run_763\particle_positions_150000.csv,noise_0pct\c5800_phi24.00_logk-1.855556.png,equivalent_plastic_strain,5800,24,0.013945831,-1.85555560201739,0,7632026,860,0,0,generated
763,dabashenliu_run_763\particle_positions_150000.csv,noise_1pct\c5800_phi24.00_logk-1.855556.png,equivalent_plastic_strain,5800,24,0.013945831,-1.85555560201739,1,7632126,860,0,0,generated
763,dabashenliu_run_763\particle_positions_150000.csv,noise_3pct\c5800_phi24.00_logk-1.855556.png,equivalent_plastic_strain,5800,24,0.013945831,-1.85555560201739,3,7632326,860,0,0,generated
763,dabashenliu_run_763\particle_positions_150000.csv,noise_5pct\c5800_phi24.00_logk-1.855556.png,equivalent_plastic_strain,5800,24,0.013945831,-1.85555560201739,5,7632526,860,0,0,generated
764,dabashenliu_run_764\particle_positions_150000.csv,noise_0pct\c5800_phi24.00_logk-1.633333.png,equivalent_plastic_strain,5800,24,0.023263052,-1.63333330853244,0,7642026,860,0,0,generated
764,dabashenliu_run_764\particle_positions_150000.csv,noise_1pct\c5800_phi24.00_logk-1.633333.png,equivalent_plastic_strain,5800,24,0.023263052,-1.63333330853244,1,7642126,860,0,0,generated
764,dabashenliu_run_764\particle_positions_150000.csv,noise_3pct\c5800_phi24.00_logk-1.633333.png,equivalent_plastic_strain,5800,24,0.023263052,-1.63333330853244,3,7642326,860,0,0,generated
764,dabashenliu_run_764\particle_positions_150000.csv,noise_5pct\c5800_phi24.00_logk-1.633333.png,equivalent_plastic_strain,5800,24,0.023263052,-1.63333330853244,5,7642526,860,0,0,generated
765,dabashenliu_run_765\particle_positions_150000.csv,noise_0pct\c5800_phi24.00_logk-1.411111.png,equivalent_plastic_strain,5800,24,0.038805105,-1.41111113709934,0,7652026,860,0,0,generated
765,dabashenliu_run_765\particle_positions_150000.csv,noise_1pct\c5800_phi24.00_logk-1.411111.png,equivalent_plastic_strain,5800,24,0.038805105,-1.41111113709934,1,7652126,860,0,0,generated
765,dabashenliu_run_765\particle_positions_150000.csv,noise_3pct\c5800_phi24.00_logk-1.411111.png,equivalent_plastic_strain,5800,24,0.038805105,-1.41111113709934,3,7652326,860,0,0,generated
765,dabashenliu_run_765\particle_positions_150000.csv,noise_5pct\c5800_phi24.00_logk-1.411111.png,equivalent_plastic_strain,5800,24,0.038805105,-1.41111113709934,5,7652526,860,0,0,generated
766,dabashenliu_run_766\particle_positions_150000.csv,noise_0pct\c5800_phi24.00_logk-1.188889.png,equivalent_plastic_strain,5800,24,0.06473083,-1.18888882427963,0,7662026,860,0,0,generated
766,dabashenliu_run_766\particle_positions_150000.csv,noise_1pct\c5800_phi24.00_logk-1.188889.png,equivalent_plastic_strain,5800,24,0.06473083,-1.18888882427963,1,7662126,860,0,0,generated
766,dabashenliu_run_766\particle_positions_150000.csv,noise_3pct\c5800_phi24.00_logk-1.188889.png,equivalent_plastic_strain,5800,24,0.06473083,-1.18888882427963,3,7662326,860,0,0,generated
766,dabashenliu_run_766\particle_positions_150000.csv,noise_5pct\c5800_phi24.00_logk-1.188889.png,equivalent_plastic_strain,5800,24,0.06473083,-1.18888882427963,5,7662526,860,0,0,generated
767,dabashenliu_run_767\particle_positions_150000.csv,noise_0pct\c5800_phi24.00_logk-0.966667.png,equivalent_plastic_strain,5800,24,0.10797753,-0.966666611293739,0,7672026,860,0,0,generated
767,dabashenliu_run_767\particle_positions_150000.csv,noise_1pct\c5800_phi24.00_logk-0.966667.png,equivalent_plastic_strain,5800,24,0.10797753,-0.966666611293739,1,7672126,860,0,0,generated
767,dabashenliu_run_767\particle_positions_150000.csv,noise_3pct\c5800_phi24.00_logk-0.966667.png,equivalent_plastic_strain,5800,24,0.10797753,-0.966666611293739,3,7672326,860,0,0,generated
767,dabashenliu_run_767\particle_positions_150000.csv,noise_5pct\c5800_phi24.00_logk-0.966667.png,equivalent_plastic_strain,5800,24,0.10797753,-0.966666611293739,5,7672526,860,0,0,generated
768,dabashenliu_run_768\particle_positions_150000.csv,noise_0pct\c5800_phi24.00_logk-0.744444.png,equivalent_plastic_strain,5800,24,0.18011737,-0.744444403052799,0,7682026,860,0,0,generated
768,dabashenliu_run_768\particle_positions_150000.csv,noise_1pct\c5800_phi24.00_logk-0.744444.png,equivalent_plastic_strain,5800,24,0.18011737,-0.744444403052799,1,7682126,860,0,0,generated
768,dabashenliu_run_768\particle_positions_150000.csv,noise_3pct\c5800_phi24.00_logk-0.744444.png,equivalent_plastic_strain,5800,24,0.18011737,-0.744444403052799,3,7682326,860,0,0,generated
768,dabashenliu_run_768\particle_positions_150000.csv,noise_5pct\c5800_phi24.00_logk-0.744444.png,equivalent_plastic_strain,5800,24,0.18011737,-0.744444403052799,5,7682526,860,0,0,generated
769,dabashenliu_run_769\particle_positions_150000.csv,noise_0pct\c5800_phi24.00_logk-0.522222.png,equivalent_plastic_strain,5800,24,0.30045387,-0.522222197678965,0,7692026,860,0,2060,generated
769,dabashenliu_run_769\particle_positions_150000.csv,noise_1pct\c5800_phi24.00_logk-0.522222.png,equivalent_plastic_strain,5800,24,0.30045387,-0.522222197678965,1,7692126,860,0,2060,generated
769,dabashenliu_run_769\particle_positions_150000.csv,noise_3pct\c5800_phi24.00_logk-0.522222.png,equivalent_plastic_strain,5800,24,0.30045387,-0.522222197678965,3,7692326,860,0,2060,generated
769,dabashenliu_run_769\particle_positions_150000.csv,noise_5pct\c5800_phi24.00_logk-0.522222.png,equivalent_plastic_strain,5800,24,0.30045387,-0.522222197678965,5,7692526,860,0,2060,generated
770,dabashenliu_run_770\particle_positions_150000.csv,noise_0pct\c5800_phi24.00_logk-0.300000.png,equivalent_plastic_strain,5800,24,0.50118726,-0.299999977147204,0,7702026,860,0,4571,generated
770,dabashenliu_run_770\particle_positions_150000.csv,noise_1pct\c5800_phi24.00_logk-0.300000.png,equivalent_plastic_strain,5800,24,0.50118726,-0.299999977147204,1,7702126,860,0,4571,generated
770,dabashenliu_run_770\particle_positions_150000.csv,noise_3pct\c5800_phi24.00_logk-0.300000.png,equivalent_plastic_strain,5800,24,0.50118726,-0.299999977147204,3,7702326,860,0,4571,generated
770,dabashenliu_run_770\particle_positions_150000.csv,noise_5pct\c5800_phi24.00_logk-0.300000.png,equivalent_plastic_strain,5800,24,0.50118726,-0.299999977147204,5,7702526,860,0,4571,generated
771,dabashenliu_run_771\particle_positions_150000.csv,noise_0pct\c5800_phi25.00_logk-2.300000.png,equivalent_plastic_strain,5800,25,0.0050118724,-2.29999999447783,0,7712026,860,0,0,generated
771,dabashenliu_run_771\particle_positions_150000.csv,noise_1pct\c5800_phi25.00_logk-2.300000.png,equivalent_plastic_strain,5800,25,0.0050118724,-2.29999999447783,1,7712126,860,0,0,generated
771,dabashenliu_run_771\particle_positions_150000.csv,noise_3pct\c5800_phi25.00_logk-2.300000.png,equivalent_plastic_strain,5800,25,0.0050118724,-2.29999999447783,3,7712326,860,0,0,generated
771,dabashenliu_run_771\particle_positions_150000.csv,noise_5pct\c5800_phi25.00_logk-2.300000.png,equivalent_plastic_strain,5800,25,0.0050118724,-2.29999999447783,5,7712526,860,0,0,generated
772,dabashenliu_run_772\particle_positions_150000.csv,noise_0pct\c5800_phi25.00_logk-2.077778.png,equivalent_plastic_strain,5800,25,0.0083603095,-2.07777764461193,0,7722026,860,0,0,generated
772,dabashenliu_run_772\particle_positions_150000.csv,noise_1pct\c5800_phi25.00_logk-2.077778.png,equivalent_plastic_strain,5800,25,0.0083603095,-2.07777764461193,1,7722126,860,0,0,generated
772,dabashenliu_run_772\particle_positions_150000.csv,noise_3pct\c5800_phi25.00_logk-2.077778.png,equivalent_plastic_strain,5800,25,0.0083603095,-2.07777764461193,3,7722326,860,0,0,generated
772,dabashenliu_run_772\particle_positions_150000.csv,noise_5pct\c5800_phi25.00_logk-2.077778.png,equivalent_plastic_strain,5800,25,0.0083603095,-2.07777764461193,5,7722526,860,0,0,generated
773,dabashenliu_run_773\particle_positions_150000.csv,noise_0pct\c5800_phi25.00_logk-1.855556.png,equivalent_plastic_strain,5800,25,0.013945831,-1.85555560201739,0,7732026,860,0,0,generated
773,dabashenliu_run_773\particle_positions_150000.csv,noise_1pct\c5800_phi25.00_logk-1.855556.png,equivalent_plastic_strain,5800,25,0.013945831,-1.85555560201739,1,7732126,860,0,0,generated
773,dabashenliu_run_773\particle_positions_150000.csv,noise_3pct\c5800_phi25.00_logk-1.855556.png,equivalent_plastic_strain,5800,25,0.013945831,-1.85555560201739,3,7732326,860,0,0,generated
773,dabashenliu_run_773\particle_positions_150000.csv,noise_5pct\c5800_phi25.00_logk-1.855556.png,equivalent_plastic_strain,5800,25,0.013945831,-1.85555560201739,5,7732526,860,0,0,generated
774,dabashenliu_run_774\particle_positions_150000.csv,noise_0pct\c5800_phi25.00_logk-1.633333.png,equivalent_plastic_strain,5800,25,0.023263052,-1.63333330853244,0,7742026,860,0,0,generated
774,dabashenliu_run_774\particle_positions_150000.csv,noise_1pct\c5800_phi25.00_logk-1.633333.png,equivalent_plastic_strain,5800,25,0.023263052,-1.63333330853244,1,7742126,860,0,0,generated
774,dabashenliu_run_774\particle_positions_150000.csv,noise_3pct\c5800_phi25.00_logk-1.633333.png,equivalent_plastic_strain,5800,25,0.023263052,-1.63333330853244,3,7742326,860,0,0,generated
774,dabashenliu_run_774\particle_positions_150000.csv,noise_5pct\c5800_phi25.00_logk-1.633333.png,equivalent_plastic_strain,5800,25,0.023263052,-1.63333330853244,5,7742526,860,0,0,generated
775,dabashenliu_run_775\particle_positions_150000.csv,noise_0pct\c5800_phi25.00_logk-1.411111.png,equivalent_plastic_strain,5800,25,0.038805105,-1.41111113709934,0,7752026,860,0,0,generated
775,dabashenliu_run_775\particle_positions_150000.csv,noise_1pct\c5800_phi25.00_logk-1.411111.png,equivalent_plastic_strain,5800,25,0.038805105,-1.41111113709934,1,7752126,860,0,0,generated
775,dabashenliu_run_775\particle_positions_150000.csv,noise_3pct\c5800_phi25.00_logk-1.411111.png,equivalent_plastic_strain,5800,25,0.038805105,-1.41111113709934,3,7752326,860,0,0,generated
775,dabashenliu_run_775\particle_positions_150000.csv,noise_5pct\c5800_phi25.00_logk-1.411111.png,equivalent_plastic_strain,5800,25,0.038805105,-1.41111113709934,5,7752526,860,0,0,generated
776,dabashenliu_run_776\particle_positions_150000.csv,noise_0pct\c5800_phi25.00_logk-1.188889.png,equivalent_plastic_strain,5800,25,0.06473083,-1.18888882427963,0,7762026,860,0,0,generated
776,dabashenliu_run_776\particle_positions_150000.csv,noise_1pct\c5800_phi25.00_logk-1.188889.png,equivalent_plastic_strain,5800,25,0.06473083,-1.18888882427963,1,7762126,860,0,0,generated
776,dabashenliu_run_776\particle_positions_150000.csv,noise_3pct\c5800_phi25.00_logk-1.188889.png,equivalent_plastic_strain,5800,25,0.06473083,-1.18888882427963,3,7762326,860,0,0,generated
776,dabashenliu_run_776\particle_positions_150000.csv,noise_5pct\c5800_phi25.00_logk-1.188889.png,equivalent_plastic_strain,5800,25,0.06473083,-1.18888882427963,5,7762526,860,0,0,generated
777,dabashenliu_run_777\particle_positions_150000.csv,noise_0pct\c5800_phi25.00_logk-0.966667.png,equivalent_plastic_strain,5800,25,0.10797753,-0.966666611293739,0,7772026,860,0,0,generated
777,dabashenliu_run_777\particle_positions_150000.csv,noise_1pct\c5800_phi25.00_logk-0.966667.png,equivalent_plastic_strain,5800,25,0.10797753,-0.966666611293739,1,7772126,860,0,0,generated
777,dabashenliu_run_777\particle_positions_150000.csv,noise_3pct\c5800_phi25.00_logk-0.966667.png,equivalent_plastic_strain,5800,25,0.10797753,-0.966666611293739,3,7772326,860,0,0,generated
777,dabashenliu_run_777\particle_positions_150000.csv,noise_5pct\c5800_phi25.00_logk-0.966667.png,equivalent_plastic_strain,5800,25,0.10797753,-0.966666611293739,5,7772526,860,0,0,generated
778,dabashenliu_run_778\particle_positions_150000.csv,noise_0pct\c5800_phi25.00_logk-0.744444.png,equivalent_plastic_strain,5800,25,0.18011737,-0.744444403052799,0,7782026,860,0,45,generated
778,dabashenliu_run_778\particle_positions_150000.csv,noise_1pct\c5800_phi25.00_logk-0.744444.png,equivalent_plastic_strain,5800,25,0.18011737,-0.744444403052799,1,7782126,860,0,45,generated
778,dabashenliu_run_778\particle_positions_150000.csv,noise_3pct\c5800_phi25.00_logk-0.744444.png,equivalent_plastic_strain,5800,25,0.18011737,-0.744444403052799,3,7782326,860,0,45,generated
778,dabashenliu_run_778\particle_positions_150000.csv,noise_5pct\c5800_phi25.00_logk-0.744444.png,equivalent_plastic_strain,5800,25,0.18011737,-0.744444403052799,5,7782526,860,0,45,generated
779,dabashenliu_run_779\particle_positions_150000.csv,noise_0pct\c5800_phi25.00_logk-0.522222.png,equivalent_plastic_strain,5800,25,0.30045387,-0.522222197678965,0,7792026,860,0,1913,generated
779,dabashenliu_run_779\particle_positions_150000.csv,noise_1pct\c5800_phi25.00_logk-0.522222.png,equivalent_plastic_strain,5800,25,0.30045387,-0.522222197678965,1,7792126,860,0,1913,generated
779,dabashenliu_run_779\particle_positions_150000.csv,noise_3pct\c5800_phi25.00_logk-0.522222.png,equivalent_plastic_strain,5800,25,0.30045387,-0.522222197678965,3,7792326,860,0,1913,generated
779,dabashenliu_run_779\particle_positions_150000.csv,noise_5pct\c5800_phi25.00_logk-0.522222.png,equivalent_plastic_strain,5800,25,0.30045387,-0.522222197678965,5,7792526,860,0,1913,generated
780,dabashenliu_run_780\particle_positions_150000.csv,noise_0pct\c5800_phi25.00_logk-0.300000.png,equivalent_plastic_strain,5800,25,0.50118726,-0.299999977147204,0,7802026,860,0,2720,generated
780,dabashenliu_run_780\particle_positions_150000.csv,noise_1pct\c5800_phi25.00_logk-0.300000.png,equivalent_plastic_strain,5800,25,0.50118726,-0.299999977147204,1,7802126,860,0,2720,generated
780,dabashenliu_run_780\particle_positions_150000.csv,noise_3pct\c5800_phi25.00_logk-0.300000.png,equivalent_plastic_strain,5800,25,0.50118726,-0.299999977147204,3,7802326,860,0,2720,generated
780,dabashenliu_run_780\particle_positions_150000.csv,noise_5pct\c5800_phi25.00_logk-0.300000.png,equivalent_plastic_strain,5800,25,0.50118726,-0.299999977147204,5,7802526,860,0,2720,generated
781,dabashenliu_run_781\particle_positions_150000.csv,noise_0pct\c5800_phi26.00_logk-2.300000.png,equivalent_plastic_strain,5800,26,0.0050118724,-2.29999999447783,0,7812026,860,0,0,generated
781,dabashenliu_run_781\particle_positions_150000.csv,noise_1pct\c5800_phi26.00_logk-2.300000.png,equivalent_plastic_strain,5800,26,0.0050118724,-2.29999999447783,1,7812126,860,0,0,generated
781,dabashenliu_run_781\particle_positions_150000.csv,noise_3pct\c5800_phi26.00_logk-2.300000.png,equivalent_plastic_strain,5800,26,0.0050118724,-2.29999999447783,3,7812326,860,0,0,generated
781,dabashenliu_run_781\particle_positions_150000.csv,noise_5pct\c5800_phi26.00_logk-2.300000.png,equivalent_plastic_strain,5800,26,0.0050118724,-2.29999999447783,5,7812526,860,0,0,generated
782,dabashenliu_run_782\particle_positions_150000.csv,noise_0pct\c5800_phi26.00_logk-2.077778.png,equivalent_plastic_strain,5800,26,0.0083603095,-2.07777764461193,0,7822026,860,0,0,generated
782,dabashenliu_run_782\particle_positions_150000.csv,noise_1pct\c5800_phi26.00_logk-2.077778.png,equivalent_plastic_strain,5800,26,0.0083603095,-2.07777764461193,1,7822126,860,0,0,generated
782,dabashenliu_run_782\particle_positions_150000.csv,noise_3pct\c5800_phi26.00_logk-2.077778.png,equivalent_plastic_strain,5800,26,0.0083603095,-2.07777764461193,3,7822326,860,0,0,generated
782,dabashenliu_run_782\particle_positions_150000.csv,noise_5pct\c5800_phi26.00_logk-2.077778.png,equivalent_plastic_strain,5800,26,0.0083603095,-2.07777764461193,5,7822526,860,0,0,generated
783,dabashenliu_run_783\particle_positions_150000.csv,noise_0pct\c5800_phi26.00_logk-1.855556.png,equivalent_plastic_strain,5800,26,0.013945831,-1.85555560201739,0,7832026,860,0,0,generated
783,dabashenliu_run_783\particle_positions_150000.csv,noise_1pct\c5800_phi26.00_logk-1.855556.png,equivalent_plastic_strain,5800,26,0.013945831,-1.85555560201739,1,7832126,860,0,0,generated
783,dabashenliu_run_783\particle_positions_150000.csv,noise_3pct\c5800_phi26.00_logk-1.855556.png,equivalent_plastic_strain,5800,26,0.013945831,-1.85555560201739,3,7832326,860,0,0,generated
783,dabashenliu_run_783\particle_positions_150000.csv,noise_5pct\c5800_phi26.00_logk-1.855556.png,equivalent_plastic_strain,5800,26,0.013945831,-1.85555560201739,5,7832526,860,0,0,generated
784,dabashenliu_run_784\particle_positions_150000.csv,noise_0pct\c5800_phi26.00_logk-1.633333.png,equivalent_plastic_strain,5800,26,0.023263052,-1.63333330853244,0,7842026,860,0,0,generated
784,dabashenliu_run_784\particle_positions_150000.csv,noise_1pct\c5800_phi26.00_logk-1.633333.png,equivalent_plastic_strain,5800,26,0.023263052,-1.63333330853244,1,7842126,860,0,0,generated
784,dabashenliu_run_784\particle_positions_150000.csv,noise_3pct\c5800_phi26.00_logk-1.633333.png,equivalent_plastic_strain,5800,26,0.023263052,-1.63333330853244,3,7842326,860,0,0,generated
784,dabashenliu_run_784\particle_positions_150000.csv,noise_5pct\c5800_phi26.00_logk-1.633333.png,equivalent_plastic_strain,5800,26,0.023263052,-1.63333330853244,5,7842526,860,0,0,generated
785,dabashenliu_run_785\particle_positions_150000.csv,noise_0pct\c5800_phi26.00_logk-1.411111.png,equivalent_plastic_strain,5800,26,0.038805105,-1.41111113709934,0,7852026,860,0,0,generated
785,dabashenliu_run_785\particle_positions_150000.csv,noise_1pct\c5800_phi26.00_logk-1.411111.png,equivalent_plastic_strain,5800,26,0.038805105,-1.41111113709934,1,7852126,860,0,0,generated
785,dabashenliu_run_785\particle_positions_150000.csv,noise_3pct\c5800_phi26.00_logk-1.411111.png,equivalent_plastic_strain,5800,26,0.038805105,-1.41111113709934,3,7852326,860,0,0,generated
785,dabashenliu_run_785\particle_positions_150000.csv,noise_5pct\c5800_phi26.00_logk-1.411111.png,equivalent_plastic_strain,5800,26,0.038805105,-1.41111113709934,5,7852526,860,0,0,generated
786,dabashenliu_run_786\particle_positions_150000.csv,noise_0pct\c5800_phi26.00_logk-1.188889.png,equivalent_plastic_strain,5800,26,0.06473083,-1.18888882427963,0,7862026,860,0,0,generated
786,dabashenliu_run_786\particle_positions_150000.csv,noise_1pct\c5800_phi26.00_logk-1.188889.png,equivalent_plastic_strain,5800,26,0.06473083,-1.18888882427963,1,7862126,860,0,0,generated
786,dabashenliu_run_786\particle_positions_150000.csv,noise_3pct\c5800_phi26.00_logk-1.188889.png,equivalent_plastic_strain,5800,26,0.06473083,-1.18888882427963,3,7862326,860,0,0,generated
786,dabashenliu_run_786\particle_positions_150000.csv,noise_5pct\c5800_phi26.00_logk-1.188889.png,equivalent_plastic_strain,5800,26,0.06473083,-1.18888882427963,5,7862526,860,0,0,generated
787,dabashenliu_run_787\particle_positions_150000.csv,noise_0pct\c5800_phi26.00_logk-0.966667.png,equivalent_plastic_strain,5800,26,0.10797753,-0.966666611293739,0,7872026,860,0,0,generated
787,dabashenliu_run_787\particle_positions_150000.csv,noise_1pct\c5800_phi26.00_logk-0.966667.png,equivalent_plastic_strain,5800,26,0.10797753,-0.966666611293739,1,7872126,860,0,0,generated
787,dabashenliu_run_787\particle_positions_150000.csv,noise_3pct\c5800_phi26.00_logk-0.966667.png,equivalent_plastic_strain,5800,26,0.10797753,-0.966666611293739,3,7872326,860,0,0,generated
787,dabashenliu_run_787\particle_positions_150000.csv,noise_5pct\c5800_phi26.00_logk-0.966667.png,equivalent_plastic_strain,5800,26,0.10797753,-0.966666611293739,5,7872526,860,0,0,generated
788,dabashenliu_run_788\particle_positions_150000.csv,noise_0pct\c5800_phi26.00_logk-0.744444.png,equivalent_plastic_strain,5800,26,0.18011737,-0.744444403052799,0,7882026,860,0,0,generated
788,dabashenliu_run_788\particle_positions_150000.csv,noise_1pct\c5800_phi26.00_logk-0.744444.png,equivalent_plastic_strain,5800,26,0.18011737,-0.744444403052799,1,7882126,860,0,0,generated
788,dabashenliu_run_788\particle_positions_150000.csv,noise_3pct\c5800_phi26.00_logk-0.744444.png,equivalent_plastic_strain,5800,26,0.18011737,-0.744444403052799,3,7882326,860,0,0,generated
788,dabashenliu_run_788\particle_positions_150000.csv,noise_5pct\c5800_phi26.00_logk-0.744444.png,equivalent_plastic_strain,5800,26,0.18011737,-0.744444403052799,5,7882526,860,0,0,generated
789,dabashenliu_run_789\particle_positions_150000.csv,noise_0pct\c5800_phi26.00_logk-0.522222.png,equivalent_plastic_strain,5800,26,0.30045387,-0.522222197678965,0,7892026,860,0,1468,generated
789,dabashenliu_run_789\particle_positions_150000.csv,noise_1pct\c5800_phi26.00_logk-0.522222.png,equivalent_plastic_strain,5800,26,0.30045387,-0.522222197678965,1,7892126,860,0,1468,generated
789,dabashenliu_run_789\particle_positions_150000.csv,noise_3pct\c5800_phi26.00_logk-0.522222.png,equivalent_plastic_strain,5800,26,0.30045387,-0.522222197678965,3,7892326,860,0,1468,generated
789,dabashenliu_run_789\particle_positions_150000.csv,noise_5pct\c5800_phi26.00_logk-0.522222.png,equivalent_plastic_strain,5800,26,0.30045387,-0.522222197678965,5,7892526,860,0,1468,generated
790,dabashenliu_run_790\particle_positions_150000.csv,noise_0pct\c5800_phi26.00_logk-0.300000.png,equivalent_plastic_strain,5800,26,0.50118726,-0.299999977147204,0,7902026,860,0,2576,generated
790,dabashenliu_run_790\particle_positions_150000.csv,noise_1pct\c5800_phi26.00_logk-0.300000.png,equivalent_plastic_strain,5800,26,0.50118726,-0.299999977147204,1,7902126,860,0,2576,generated
790,dabashenliu_run_790\particle_positions_150000.csv,noise_3pct\c5800_phi26.00_logk-0.300000.png,equivalent_plastic_strain,5800,26,0.50118726,-0.299999977147204,3,7902326,860,0,2576,generated
790,dabashenliu_run_790\particle_positions_150000.csv,noise_5pct\c5800_phi26.00_logk-0.300000.png,equivalent_plastic_strain,5800,26,0.50118726,-0.299999977147204,5,7902526,860,0,2576,generated
791,dabashenliu_run_791\particle_positions_150000.csv,noise_0pct\c5800_phi27.00_logk-2.300000.png,equivalent_plastic_strain,5800,27,0.0050118724,-2.29999999447783,0,7912026,860,0,0,generated
791,dabashenliu_run_791\particle_positions_150000.csv,noise_1pct\c5800_phi27.00_logk-2.300000.png,equivalent_plastic_strain,5800,27,0.0050118724,-2.29999999447783,1,7912126,860,0,0,generated
791,dabashenliu_run_791\particle_positions_150000.csv,noise_3pct\c5800_phi27.00_logk-2.300000.png,equivalent_plastic_strain,5800,27,0.0050118724,-2.29999999447783,3,7912326,860,0,0,generated
791,dabashenliu_run_791\particle_positions_150000.csv,noise_5pct\c5800_phi27.00_logk-2.300000.png,equivalent_plastic_strain,5800,27,0.0050118724,-2.29999999447783,5,7912526,860,0,0,generated
792,dabashenliu_run_792\particle_positions_150000.csv,noise_0pct\c5800_phi27.00_logk-2.077778.png,equivalent_plastic_strain,5800,27,0.0083603095,-2.07777764461193,0,7922026,860,0,0,generated
792,dabashenliu_run_792\particle_positions_150000.csv,noise_1pct\c5800_phi27.00_logk-2.077778.png,equivalent_plastic_strain,5800,27,0.0083603095,-2.07777764461193,1,7922126,860,0,0,generated
792,dabashenliu_run_792\particle_positions_150000.csv,noise_3pct\c5800_phi27.00_logk-2.077778.png,equivalent_plastic_strain,5800,27,0.0083603095,-2.07777764461193,3,7922326,860,0,0,generated
792,dabashenliu_run_792\particle_positions_150000.csv,noise_5pct\c5800_phi27.00_logk-2.077778.png,equivalent_plastic_strain,5800,27,0.0083603095,-2.07777764461193,5,7922526,860,0,0,generated
793,dabashenliu_run_793\particle_positions_150000.csv,noise_0pct\c5800_phi27.00_logk-1.855556.png,equivalent_plastic_strain,5800,27,0.013945831,-1.85555560201739,0,7932026,860,0,0,generated
793,dabashenliu_run_793\particle_positions_150000.csv,noise_1pct\c5800_phi27.00_logk-1.855556.png,equivalent_plastic_strain,5800,27,0.013945831,-1.85555560201739,1,7932126,860,0,0,generated
793,dabashenliu_run_793\particle_positions_150000.csv,noise_3pct\c5800_phi27.00_logk-1.855556.png,equivalent_plastic_strain,5800,27,0.013945831,-1.85555560201739,3,7932326,860,0,0,generated
793,dabashenliu_run_793\particle_positions_150000.csv,noise_5pct\c5800_phi27.00_logk-1.855556.png,equivalent_plastic_strain,5800,27,0.013945831,-1.85555560201739,5,7932526,860,0,0,generated
794,dabashenliu_run_794\particle_positions_150000.csv,noise_0pct\c5800_phi27.00_logk-1.633333.png,equivalent_plastic_strain,5800,27,0.023263052,-1.63333330853244,0,7942026,860,0,0,generated
794,dabashenliu_run_794\particle_positions_150000.csv,noise_1pct\c5800_phi27.00_logk-1.633333.png,equivalent_plastic_strain,5800,27,0.023263052,-1.63333330853244,1,7942126,860,0,0,generated
794,dabashenliu_run_794\particle_positions_150000.csv,noise_3pct\c5800_phi27.00_logk-1.633333.png,equivalent_plastic_strain,5800,27,0.023263052,-1.63333330853244,3,7942326,860,0,0,generated
794,dabashenliu_run_794\particle_positions_150000.csv,noise_5pct\c5800_phi27.00_logk-1.633333.png,equivalent_plastic_strain,5800,27,0.023263052,-1.63333330853244,5,7942526,860,0,0,generated
795,dabashenliu_run_795\particle_positions_150000.csv,noise_0pct\c5800_phi27.00_logk-1.411111.png,equivalent_plastic_strain,5800,27,0.038805105,-1.41111113709934,0,7952026,860,0,0,generated
795,dabashenliu_run_795\particle_positions_150000.csv,noise_1pct\c5800_phi27.00_logk-1.411111.png,equivalent_plastic_strain,5800,27,0.038805105,-1.41111113709934,1,7952126,860,0,0,generated
795,dabashenliu_run_795\particle_positions_150000.csv,noise_3pct\c5800_phi27.00_logk-1.411111.png,equivalent_plastic_strain,5800,27,0.038805105,-1.41111113709934,3,7952326,860,0,0,generated
795,dabashenliu_run_795\particle_positions_150000.csv,noise_5pct\c5800_phi27.00_logk-1.411111.png,equivalent_plastic_strain,5800,27,0.038805105,-1.41111113709934,5,7952526,860,0,0,generated
796,dabashenliu_run_796\particle_positions_150000.csv,noise_0pct\c5800_phi27.00_logk-1.188889.png,equivalent_plastic_strain,5800,27,0.06473083,-1.18888882427963,0,7962026,860,0,0,generated
796,dabashenliu_run_796\particle_positions_150000.csv,noise_1pct\c5800_phi27.00_logk-1.188889.png,equivalent_plastic_strain,5800,27,0.06473083,-1.18888882427963,1,7962126,860,0,0,generated
796,dabashenliu_run_796\particle_positions_150000.csv,noise_3pct\c5800_phi27.00_logk-1.188889.png,equivalent_plastic_strain,5800,27,0.06473083,-1.18888882427963,3,7962326,860,0,0,generated
796,dabashenliu_run_796\particle_positions_150000.csv,noise_5pct\c5800_phi27.00_logk-1.188889.png,equivalent_plastic_strain,5800,27,0.06473083,-1.18888882427963,5,7962526,860,0,0,generated
797,dabashenliu_run_797\particle_positions_150000.csv,noise_0pct\c5800_phi27.00_logk-0.966667.png,equivalent_plastic_strain,5800,27,0.10797753,-0.966666611293739,0,7972026,860,0,0,generated
797,dabashenliu_run_797\particle_positions_150000.csv,noise_1pct\c5800_phi27.00_logk-0.966667.png,equivalent_plastic_strain,5800,27,0.10797753,-0.966666611293739,1,7972126,860,0,0,generated
797,dabashenliu_run_797\particle_positions_150000.csv,noise_3pct\c5800_phi27.00_logk-0.966667.png,equivalent_plastic_strain,5800,27,0.10797753,-0.966666611293739,3,7972326,860,0,0,generated
797,dabashenliu_run_797\particle_positions_150000.csv,noise_5pct\c5800_phi27.00_logk-0.966667.png,equivalent_plastic_strain,5800,27,0.10797753,-0.966666611293739,5,7972526,860,0,0,generated
798,dabashenliu_run_798\particle_positions_150000.csv,noise_0pct\c5800_phi27.00_logk-0.744444.png,equivalent_plastic_strain,5800,27,0.18011737,-0.744444403052799,0,7982026,860,0,0,generated
798,dabashenliu_run_798\particle_positions_150000.csv,noise_1pct\c5800_phi27.00_logk-0.744444.png,equivalent_plastic_strain,5800,27,0.18011737,-0.744444403052799,1,7982126,860,0,0,generated
798,dabashenliu_run_798\particle_positions_150000.csv,noise_3pct\c5800_phi27.00_logk-0.744444.png,equivalent_plastic_strain,5800,27,0.18011737,-0.744444403052799,3,7982326,860,0,0,generated
798,dabashenliu_run_798\particle_positions_150000.csv,noise_5pct\c5800_phi27.00_logk-0.744444.png,equivalent_plastic_strain,5800,27,0.18011737,-0.744444403052799,5,7982526,860,0,0,generated
799,dabashenliu_run_799\particle_positions_150000.csv,noise_0pct\c5800_phi27.00_logk-0.522222.png,equivalent_plastic_strain,5800,27,0.30045387,-0.522222197678965,0,7992026,860,0,1015,generated
799,dabashenliu_run_799\particle_positions_150000.csv,noise_1pct\c5800_phi27.00_logk-0.522222.png,equivalent_plastic_strain,5800,27,0.30045387,-0.522222197678965,1,7992126,860,0,1015,generated
799,dabashenliu_run_799\particle_positions_150000.csv,noise_3pct\c5800_phi27.00_logk-0.522222.png,equivalent_plastic_strain,5800,27,0.30045387,-0.522222197678965,3,7992326,860,0,1015,generated
799,dabashenliu_run_799\particle_positions_150000.csv,noise_5pct\c5800_phi27.00_logk-0.522222.png,equivalent_plastic_strain,5800,27,0.30045387,-0.522222197678965,5,7992526,860,0,1015,generated
800,dabashenliu_run_800\particle_positions_150000.csv,noise_0pct\c5800_phi27.00_logk-0.300000.png,equivalent_plastic_strain,5800,27,0.50118726,-0.299999977147204,0,8002026,860,0,2060,generated
800,dabashenliu_run_800\particle_positions_150000.csv,noise_1pct\c5800_phi27.00_logk-0.300000.png,equivalent_plastic_strain,5800,27,0.50118726,-0.299999977147204,1,8002126,860,0,2060,generated
800,dabashenliu_run_800\particle_positions_150000.csv,noise_3pct\c5800_phi27.00_logk-0.300000.png,equivalent_plastic_strain,5800,27,0.50118726,-0.299999977147204,3,8002326,860,0,2060,generated
800,dabashenliu_run_800\particle_positions_150000.csv,noise_5pct\c5800_phi27.00_logk-0.300000.png,equivalent_plastic_strain,5800,27,0.50118726,-0.299999977147204,5,8002526,860,0,2060,generated
801,dabashenliu_run_801\particle_positions_150000.csv,noise_0pct\c6200_phi18.00_logk-2.300000.png,equivalent_plastic_strain,6200,18,0.0050118724,-2.29999999447783,0,8012026,860,0,0,generated
801,dabashenliu_run_801\particle_positions_150000.csv,noise_1pct\c6200_phi18.00_logk-2.300000.png,equivalent_plastic_strain,6200,18,0.0050118724,-2.29999999447783,1,8012126,860,0,0,generated
801,dabashenliu_run_801\particle_positions_150000.csv,noise_3pct\c6200_phi18.00_logk-2.300000.png,equivalent_plastic_strain,6200,18,0.0050118724,-2.29999999447783,3,8012326,860,0,0,generated
801,dabashenliu_run_801\particle_positions_150000.csv,noise_5pct\c6200_phi18.00_logk-2.300000.png,equivalent_plastic_strain,6200,18,0.0050118724,-2.29999999447783,5,8012526,860,0,0,generated
802,dabashenliu_run_802\particle_positions_150000.csv,noise_0pct\c6200_phi18.00_logk-2.077778.png,equivalent_plastic_strain,6200,18,0.0083603095,-2.07777764461193,0,8022026,860,0,0,generated
802,dabashenliu_run_802\particle_positions_150000.csv,noise_1pct\c6200_phi18.00_logk-2.077778.png,equivalent_plastic_strain,6200,18,0.0083603095,-2.07777764461193,1,8022126,860,0,0,generated
802,dabashenliu_run_802\particle_positions_150000.csv,noise_3pct\c6200_phi18.00_logk-2.077778.png,equivalent_plastic_strain,6200,18,0.0083603095,-2.07777764461193,3,8022326,860,0,0,generated
802,dabashenliu_run_802\particle_positions_150000.csv,noise_5pct\c6200_phi18.00_logk-2.077778.png,equivalent_plastic_strain,6200,18,0.0083603095,-2.07777764461193,5,8022526,860,0,0,generated
803,dabashenliu_run_803\particle_positions_150000.csv,noise_0pct\c6200_phi18.00_logk-1.855556.png,equivalent_plastic_strain,6200,18,0.013945831,-1.85555560201739,0,8032026,860,0,0,generated
803,dabashenliu_run_803\particle_positions_150000.csv,noise_1pct\c6200_phi18.00_logk-1.855556.png,equivalent_plastic_strain,6200,18,0.013945831,-1.85555560201739,1,8032126,860,0,0,generated
803,dabashenliu_run_803\particle_positions_150000.csv,noise_3pct\c6200_phi18.00_logk-1.855556.png,equivalent_plastic_strain,6200,18,0.013945831,-1.85555560201739,3,8032326,860,0,0,generated
803,dabashenliu_run_803\particle_positions_150000.csv,noise_5pct\c6200_phi18.00_logk-1.855556.png,equivalent_plastic_strain,6200,18,0.013945831,-1.85555560201739,5,8032526,860,0,0,generated
804,dabashenliu_run_804\particle_positions_150000.csv,noise_0pct\c6200_phi18.00_logk-1.633333.png,equivalent_plastic_strain,6200,18,0.023263052,-1.63333330853244,0,8042026,860,0,0,generated
804,dabashenliu_run_804\particle_positions_150000.csv,noise_1pct\c6200_phi18.00_logk-1.633333.png,equivalent_plastic_strain,6200,18,0.023263052,-1.63333330853244,1,8042126,860,0,0,generated
804,dabashenliu_run_804\particle_positions_150000.csv,noise_3pct\c6200_phi18.00_logk-1.633333.png,equivalent_plastic_strain,6200,18,0.023263052,-1.63333330853244,3,8042326,860,0,0,generated
804,dabashenliu_run_804\particle_positions_150000.csv,noise_5pct\c6200_phi18.00_logk-1.633333.png,equivalent_plastic_strain,6200,18,0.023263052,-1.63333330853244,5,8042526,860,0,0,generated
805,dabashenliu_run_805\particle_positions_150000.csv,noise_0pct\c6200_phi18.00_logk-1.411111.png,equivalent_plastic_strain,6200,18,0.038805105,-1.41111113709934,0,8052026,860,0,0,generated
805,dabashenliu_run_805\particle_positions_150000.csv,noise_1pct\c6200_phi18.00_logk-1.411111.png,equivalent_plastic_strain,6200,18,0.038805105,-1.41111113709934,1,8052126,860,0,0,generated
805,dabashenliu_run_805\particle_positions_150000.csv,noise_3pct\c6200_phi18.00_logk-1.411111.png,equivalent_plastic_strain,6200,18,0.038805105,-1.41111113709934,3,8052326,860,0,0,generated
805,dabashenliu_run_805\particle_positions_150000.csv,noise_5pct\c6200_phi18.00_logk-1.411111.png,equivalent_plastic_strain,6200,18,0.038805105,-1.41111113709934,5,8052526,860,0,0,generated
806,dabashenliu_run_806\particle_positions_150000.csv,noise_0pct\c6200_phi18.00_logk-1.188889.png,equivalent_plastic_strain,6200,18,0.06473083,-1.18888882427963,0,8062026,860,0,0,generated
806,dabashenliu_run_806\particle_positions_150000.csv,noise_1pct\c6200_phi18.00_logk-1.188889.png,equivalent_plastic_strain,6200,18,0.06473083,-1.18888882427963,1,8062126,860,0,0,generated
806,dabashenliu_run_806\particle_positions_150000.csv,noise_3pct\c6200_phi18.00_logk-1.188889.png,equivalent_plastic_strain,6200,18,0.06473083,-1.18888882427963,3,8062326,860,0,0,generated
806,dabashenliu_run_806\particle_positions_150000.csv,noise_5pct\c6200_phi18.00_logk-1.188889.png,equivalent_plastic_strain,6200,18,0.06473083,-1.18888882427963,5,8062526,860,0,0,generated
807,dabashenliu_run_807\particle_positions_150000.csv,noise_0pct\c6200_phi18.00_logk-0.966667.png,equivalent_plastic_strain,6200,18,0.10797753,-0.966666611293739,0,8072026,860,0,0,generated
807,dabashenliu_run_807\particle_positions_150000.csv,noise_1pct\c6200_phi18.00_logk-0.966667.png,equivalent_plastic_strain,6200,18,0.10797753,-0.966666611293739,1,8072126,860,0,0,generated
807,dabashenliu_run_807\particle_positions_150000.csv,noise_3pct\c6200_phi18.00_logk-0.966667.png,equivalent_plastic_strain,6200,18,0.10797753,-0.966666611293739,3,8072326,860,0,0,generated
807,dabashenliu_run_807\particle_positions_150000.csv,noise_5pct\c6200_phi18.00_logk-0.966667.png,equivalent_plastic_strain,6200,18,0.10797753,-0.966666611293739,5,8072526,860,0,0,generated
808,dabashenliu_run_808\particle_positions_150000.csv,noise_0pct\c6200_phi18.00_logk-0.744444.png,equivalent_plastic_strain,6200,18,0.18011737,-0.744444403052799,0,8082026,860,0,1963,generated
808,dabashenliu_run_808\particle_positions_150000.csv,noise_1pct\c6200_phi18.00_logk-0.744444.png,equivalent_plastic_strain,6200,18,0.18011737,-0.744444403052799,1,8082126,860,0,1963,generated
808,dabashenliu_run_808\particle_positions_150000.csv,noise_3pct\c6200_phi18.00_logk-0.744444.png,equivalent_plastic_strain,6200,18,0.18011737,-0.744444403052799,3,8082326,860,0,1963,generated
808,dabashenliu_run_808\particle_positions_150000.csv,noise_5pct\c6200_phi18.00_logk-0.744444.png,equivalent_plastic_strain,6200,18,0.18011737,-0.744444403052799,5,8082526,860,0,1963,generated
809,dabashenliu_run_809\particle_positions_150000.csv,noise_0pct\c6200_phi18.00_logk-0.522222.png,equivalent_plastic_strain,6200,18,0.30045387,-0.522222197678965,0,8092026,860,0,7078,generated
809,dabashenliu_run_809\particle_positions_150000.csv,noise_1pct\c6200_phi18.00_logk-0.522222.png,equivalent_plastic_strain,6200,18,0.30045387,-0.522222197678965,1,8092126,860,0,7078,generated
809,dabashenliu_run_809\particle_positions_150000.csv,noise_3pct\c6200_phi18.00_logk-0.522222.png,equivalent_plastic_strain,6200,18,0.30045387,-0.522222197678965,3,8092326,860,0,7078,generated
809,dabashenliu_run_809\particle_positions_150000.csv,noise_5pct\c6200_phi18.00_logk-0.522222.png,equivalent_plastic_strain,6200,18,0.30045387,-0.522222197678965,5,8092526,860,0,7078,generated
810,dabashenliu_run_810\particle_positions_150000.csv,noise_0pct\c6200_phi18.00_logk-0.300000.png,equivalent_plastic_strain,6200,18,0.50118726,-0.299999977147204,0,8102026,860,0,12851,generated
810,dabashenliu_run_810\particle_positions_150000.csv,noise_1pct\c6200_phi18.00_logk-0.300000.png,equivalent_plastic_strain,6200,18,0.50118726,-0.299999977147204,1,8102126,860,0,12851,generated
810,dabashenliu_run_810\particle_positions_150000.csv,noise_3pct\c6200_phi18.00_logk-0.300000.png,equivalent_plastic_strain,6200,18,0.50118726,-0.299999977147204,3,8102326,860,0,12851,generated
810,dabashenliu_run_810\particle_positions_150000.csv,noise_5pct\c6200_phi18.00_logk-0.300000.png,equivalent_plastic_strain,6200,18,0.50118726,-0.299999977147204,5,8102526,860,0,12851,generated
811,dabashenliu_run_811\particle_positions_150000.csv,noise_0pct\c6200_phi19.00_logk-2.300000.png,equivalent_plastic_strain,6200,19,0.0050118724,-2.29999999447783,0,8112026,860,0,0,generated
811,dabashenliu_run_811\particle_positions_150000.csv,noise_1pct\c6200_phi19.00_logk-2.300000.png,equivalent_plastic_strain,6200,19,0.0050118724,-2.29999999447783,1,8112126,860,0,0,generated
811,dabashenliu_run_811\particle_positions_150000.csv,noise_3pct\c6200_phi19.00_logk-2.300000.png,equivalent_plastic_strain,6200,19,0.0050118724,-2.29999999447783,3,8112326,860,0,0,generated
811,dabashenliu_run_811\particle_positions_150000.csv,noise_5pct\c6200_phi19.00_logk-2.300000.png,equivalent_plastic_strain,6200,19,0.0050118724,-2.29999999447783,5,8112526,860,0,0,generated
812,dabashenliu_run_812\particle_positions_150000.csv,noise_0pct\c6200_phi19.00_logk-2.077778.png,equivalent_plastic_strain,6200,19,0.0083603095,-2.07777764461193,0,8122026,860,0,0,generated
812,dabashenliu_run_812\particle_positions_150000.csv,noise_1pct\c6200_phi19.00_logk-2.077778.png,equivalent_plastic_strain,6200,19,0.0083603095,-2.07777764461193,1,8122126,860,0,0,generated
812,dabashenliu_run_812\particle_positions_150000.csv,noise_3pct\c6200_phi19.00_logk-2.077778.png,equivalent_plastic_strain,6200,19,0.0083603095,-2.07777764461193,3,8122326,860,0,0,generated
812,dabashenliu_run_812\particle_positions_150000.csv,noise_5pct\c6200_phi19.00_logk-2.077778.png,equivalent_plastic_strain,6200,19,0.0083603095,-2.07777764461193,5,8122526,860,0,0,generated
813,dabashenliu_run_813\particle_positions_150000.csv,noise_0pct\c6200_phi19.00_logk-1.855556.png,equivalent_plastic_strain,6200,19,0.013945831,-1.85555560201739,0,8132026,860,0,0,generated
813,dabashenliu_run_813\particle_positions_150000.csv,noise_1pct\c6200_phi19.00_logk-1.855556.png,equivalent_plastic_strain,6200,19,0.013945831,-1.85555560201739,1,8132126,860,0,0,generated
813,dabashenliu_run_813\particle_positions_150000.csv,noise_3pct\c6200_phi19.00_logk-1.855556.png,equivalent_plastic_strain,6200,19,0.013945831,-1.85555560201739,3,8132326,860,0,0,generated
813,dabashenliu_run_813\particle_positions_150000.csv,noise_5pct\c6200_phi19.00_logk-1.855556.png,equivalent_plastic_strain,6200,19,0.013945831,-1.85555560201739,5,8132526,860,0,0,generated
814,dabashenliu_run_814\particle_positions_150000.csv,noise_0pct\c6200_phi19.00_logk-1.633333.png,equivalent_plastic_strain,6200,19,0.023263052,-1.63333330853244,0,8142026,860,0,0,generated
814,dabashenliu_run_814\particle_positions_150000.csv,noise_1pct\c6200_phi19.00_logk-1.633333.png,equivalent_plastic_strain,6200,19,0.023263052,-1.63333330853244,1,8142126,860,0,0,generated
814,dabashenliu_run_814\particle_positions_150000.csv,noise_3pct\c6200_phi19.00_logk-1.633333.png,equivalent_plastic_strain,6200,19,0.023263052,-1.63333330853244,3,8142326,860,0,0,generated
814,dabashenliu_run_814\particle_positions_150000.csv,noise_5pct\c6200_phi19.00_logk-1.633333.png,equivalent_plastic_strain,6200,19,0.023263052,-1.63333330853244,5,8142526,860,0,0,generated
815,dabashenliu_run_815\particle_positions_150000.csv,noise_0pct\c6200_phi19.00_logk-1.411111.png,equivalent_plastic_strain,6200,19,0.038805105,-1.41111113709934,0,8152026,860,0,0,generated
815,dabashenliu_run_815\particle_positions_150000.csv,noise_1pct\c6200_phi19.00_logk-1.411111.png,equivalent_plastic_strain,6200,19,0.038805105,-1.41111113709934,1,8152126,860,0,0,generated
815,dabashenliu_run_815\particle_positions_150000.csv,noise_3pct\c6200_phi19.00_logk-1.411111.png,equivalent_plastic_strain,6200,19,0.038805105,-1.41111113709934,3,8152326,860,0,0,generated
815,dabashenliu_run_815\particle_positions_150000.csv,noise_5pct\c6200_phi19.00_logk-1.411111.png,equivalent_plastic_strain,6200,19,0.038805105,-1.41111113709934,5,8152526,860,0,0,generated
816,dabashenliu_run_816\particle_positions_150000.csv,noise_0pct\c6200_phi19.00_logk-1.188889.png,equivalent_plastic_strain,6200,19,0.06473083,-1.18888882427963,0,8162026,860,0,0,generated
816,dabashenliu_run_816\particle_positions_150000.csv,noise_1pct\c6200_phi19.00_logk-1.188889.png,equivalent_plastic_strain,6200,19,0.06473083,-1.18888882427963,1,8162126,860,0,0,generated
816,dabashenliu_run_816\particle_positions_150000.csv,noise_3pct\c6200_phi19.00_logk-1.188889.png,equivalent_plastic_strain,6200,19,0.06473083,-1.18888882427963,3,8162326,860,0,0,generated
816,dabashenliu_run_816\particle_positions_150000.csv,noise_5pct\c6200_phi19.00_logk-1.188889.png,equivalent_plastic_strain,6200,19,0.06473083,-1.18888882427963,5,8162526,860,0,0,generated
817,dabashenliu_run_817\particle_positions_150000.csv,noise_0pct\c6200_phi19.00_logk-0.966667.png,equivalent_plastic_strain,6200,19,0.10797753,-0.966666611293739,0,8172026,860,0,0,generated
817,dabashenliu_run_817\particle_positions_150000.csv,noise_1pct\c6200_phi19.00_logk-0.966667.png,equivalent_plastic_strain,6200,19,0.10797753,-0.966666611293739,1,8172126,860,0,0,generated
817,dabashenliu_run_817\particle_positions_150000.csv,noise_3pct\c6200_phi19.00_logk-0.966667.png,equivalent_plastic_strain,6200,19,0.10797753,-0.966666611293739,3,8172326,860,0,0,generated
817,dabashenliu_run_817\particle_positions_150000.csv,noise_5pct\c6200_phi19.00_logk-0.966667.png,equivalent_plastic_strain,6200,19,0.10797753,-0.966666611293739,5,8172526,860,0,0,generated
818,dabashenliu_run_818\particle_positions_150000.csv,noise_0pct\c6200_phi19.00_logk-0.744444.png,equivalent_plastic_strain,6200,19,0.18011737,-0.744444403052799,0,8182026,860,0,1213,generated
818,dabashenliu_run_818\particle_positions_150000.csv,noise_1pct\c6200_phi19.00_logk-0.744444.png,equivalent_plastic_strain,6200,19,0.18011737,-0.744444403052799,1,8182126,860,0,1213,generated
818,dabashenliu_run_818\particle_positions_150000.csv,noise_3pct\c6200_phi19.00_logk-0.744444.png,equivalent_plastic_strain,6200,19,0.18011737,-0.744444403052799,3,8182326,860,0,1213,generated
818,dabashenliu_run_818\particle_positions_150000.csv,noise_5pct\c6200_phi19.00_logk-0.744444.png,equivalent_plastic_strain,6200,19,0.18011737,-0.744444403052799,5,8182526,860,0,1213,generated
819,dabashenliu_run_819\particle_positions_150000.csv,noise_0pct\c6200_phi19.00_logk-0.522222.png,equivalent_plastic_strain,6200,19,0.30045387,-0.522222197678965,0,8192026,860,0,5382,generated
819,dabashenliu_run_819\particle_positions_150000.csv,noise_1pct\c6200_phi19.00_logk-0.522222.png,equivalent_plastic_strain,6200,19,0.30045387,-0.522222197678965,1,8192126,860,0,5382,generated
819,dabashenliu_run_819\particle_positions_150000.csv,noise_3pct\c6200_phi19.00_logk-0.522222.png,equivalent_plastic_strain,6200,19,0.30045387,-0.522222197678965,3,8192326,860,0,5382,generated
819,dabashenliu_run_819\particle_positions_150000.csv,noise_5pct\c6200_phi19.00_logk-0.522222.png,equivalent_plastic_strain,6200,19,0.30045387,-0.522222197678965,5,8192526,860,0,5382,generated
820,dabashenliu_run_820\particle_positions_150000.csv,noise_0pct\c6200_phi19.00_logk-0.300000.png,equivalent_plastic_strain,6200,19,0.50118726,-0.299999977147204,0,8202026,860,0,8139,generated
820,dabashenliu_run_820\particle_positions_150000.csv,noise_1pct\c6200_phi19.00_logk-0.300000.png,equivalent_plastic_strain,6200,19,0.50118726,-0.299999977147204,1,8202126,860,0,8139,generated
820,dabashenliu_run_820\particle_positions_150000.csv,noise_3pct\c6200_phi19.00_logk-0.300000.png,equivalent_plastic_strain,6200,19,0.50118726,-0.299999977147204,3,8202326,860,0,8139,generated
820,dabashenliu_run_820\particle_positions_150000.csv,noise_5pct\c6200_phi19.00_logk-0.300000.png,equivalent_plastic_strain,6200,19,0.50118726,-0.299999977147204,5,8202526,860,0,8139,generated
821,dabashenliu_run_821\particle_positions_150000.csv,noise_0pct\c6200_phi20.00_logk-2.300000.png,equivalent_plastic_strain,6200,20,0.0050118724,-2.29999999447783,0,8212026,860,0,0,generated
821,dabashenliu_run_821\particle_positions_150000.csv,noise_1pct\c6200_phi20.00_logk-2.300000.png,equivalent_plastic_strain,6200,20,0.0050118724,-2.29999999447783,1,8212126,860,0,0,generated
821,dabashenliu_run_821\particle_positions_150000.csv,noise_3pct\c6200_phi20.00_logk-2.300000.png,equivalent_plastic_strain,6200,20,0.0050118724,-2.29999999447783,3,8212326,860,0,0,generated
821,dabashenliu_run_821\particle_positions_150000.csv,noise_5pct\c6200_phi20.00_logk-2.300000.png,equivalent_plastic_strain,6200,20,0.0050118724,-2.29999999447783,5,8212526,860,0,0,generated
822,dabashenliu_run_822\particle_positions_150000.csv,noise_0pct\c6200_phi20.00_logk-2.077778.png,equivalent_plastic_strain,6200,20,0.0083603095,-2.07777764461193,0,8222026,860,0,0,generated
822,dabashenliu_run_822\particle_positions_150000.csv,noise_1pct\c6200_phi20.00_logk-2.077778.png,equivalent_plastic_strain,6200,20,0.0083603095,-2.07777764461193,1,8222126,860,0,0,generated
822,dabashenliu_run_822\particle_positions_150000.csv,noise_3pct\c6200_phi20.00_logk-2.077778.png,equivalent_plastic_strain,6200,20,0.0083603095,-2.07777764461193,3,8222326,860,0,0,generated
822,dabashenliu_run_822\particle_positions_150000.csv,noise_5pct\c6200_phi20.00_logk-2.077778.png,equivalent_plastic_strain,6200,20,0.0083603095,-2.07777764461193,5,8222526,860,0,0,generated
823,dabashenliu_run_823\particle_positions_150000.csv,noise_0pct\c6200_phi20.00_logk-1.855556.png,equivalent_plastic_strain,6200,20,0.013945831,-1.85555560201739,0,8232026,860,0,0,generated
823,dabashenliu_run_823\particle_positions_150000.csv,noise_1pct\c6200_phi20.00_logk-1.855556.png,equivalent_plastic_strain,6200,20,0.013945831,-1.85555560201739,1,8232126,860,0,0,generated
823,dabashenliu_run_823\particle_positions_150000.csv,noise_3pct\c6200_phi20.00_logk-1.855556.png,equivalent_plastic_strain,6200,20,0.013945831,-1.85555560201739,3,8232326,860,0,0,generated
823,dabashenliu_run_823\particle_positions_150000.csv,noise_5pct\c6200_phi20.00_logk-1.855556.png,equivalent_plastic_strain,6200,20,0.013945831,-1.85555560201739,5,8232526,860,0,0,generated
824,dabashenliu_run_824\particle_positions_150000.csv,noise_0pct\c6200_phi20.00_logk-1.633333.png,equivalent_plastic_strain,6200,20,0.023263052,-1.63333330853244,0,8242026,860,0,0,generated
824,dabashenliu_run_824\particle_positions_150000.csv,noise_1pct\c6200_phi20.00_logk-1.633333.png,equivalent_plastic_strain,6200,20,0.023263052,-1.63333330853244,1,8242126,860,0,0,generated
824,dabashenliu_run_824\particle_positions_150000.csv,noise_3pct\c6200_phi20.00_logk-1.633333.png,equivalent_plastic_strain,6200,20,0.023263052,-1.63333330853244,3,8242326,860,0,0,generated
824,dabashenliu_run_824\particle_positions_150000.csv,noise_5pct\c6200_phi20.00_logk-1.633333.png,equivalent_plastic_strain,6200,20,0.023263052,-1.63333330853244,5,8242526,860,0,0,generated
825,dabashenliu_run_825\particle_positions_150000.csv,noise_0pct\c6200_phi20.00_logk-1.411111.png,equivalent_plastic_strain,6200,20,0.038805105,-1.41111113709934,0,8252026,860,0,0,generated
825,dabashenliu_run_825\particle_positions_150000.csv,noise_1pct\c6200_phi20.00_logk-1.411111.png,equivalent_plastic_strain,6200,20,0.038805105,-1.41111113709934,1,8252126,860,0,0,generated
825,dabashenliu_run_825\particle_positions_150000.csv,noise_3pct\c6200_phi20.00_logk-1.411111.png,equivalent_plastic_strain,6200,20,0.038805105,-1.41111113709934,3,8252326,860,0,0,generated
825,dabashenliu_run_825\particle_positions_150000.csv,noise_5pct\c6200_phi20.00_logk-1.411111.png,equivalent_plastic_strain,6200,20,0.038805105,-1.41111113709934,5,8252526,860,0,0,generated
826,dabashenliu_run_826\particle_positions_150000.csv,noise_0pct\c6200_phi20.00_logk-1.188889.png,equivalent_plastic_strain,6200,20,0.06473083,-1.18888882427963,0,8262026,860,0,0,generated
826,dabashenliu_run_826\particle_positions_150000.csv,noise_1pct\c6200_phi20.00_logk-1.188889.png,equivalent_plastic_strain,6200,20,0.06473083,-1.18888882427963,1,8262126,860,0,0,generated
826,dabashenliu_run_826\particle_positions_150000.csv,noise_3pct\c6200_phi20.00_logk-1.188889.png,equivalent_plastic_strain,6200,20,0.06473083,-1.18888882427963,3,8262326,860,0,0,generated
826,dabashenliu_run_826\particle_positions_150000.csv,noise_5pct\c6200_phi20.00_logk-1.188889.png,equivalent_plastic_strain,6200,20,0.06473083,-1.18888882427963,5,8262526,860,0,0,generated
827,dabashenliu_run_827\particle_positions_150000.csv,noise_0pct\c6200_phi20.00_logk-0.966667.png,equivalent_plastic_strain,6200,20,0.10797753,-0.966666611293739,0,8272026,860,0,0,generated
827,dabashenliu_run_827\particle_positions_150000.csv,noise_1pct\c6200_phi20.00_logk-0.966667.png,equivalent_plastic_strain,6200,20,0.10797753,-0.966666611293739,1,8272126,860,0,0,generated
827,dabashenliu_run_827\particle_positions_150000.csv,noise_3pct\c6200_phi20.00_logk-0.966667.png,equivalent_plastic_strain,6200,20,0.10797753,-0.966666611293739,3,8272326,860,0,0,generated
827,dabashenliu_run_827\particle_positions_150000.csv,noise_5pct\c6200_phi20.00_logk-0.966667.png,equivalent_plastic_strain,6200,20,0.10797753,-0.966666611293739,5,8272526,860,0,0,generated
828,dabashenliu_run_828\particle_positions_150000.csv,noise_0pct\c6200_phi20.00_logk-0.744444.png,equivalent_plastic_strain,6200,20,0.18011737,-0.744444403052799,0,8282026,860,0,749,generated
828,dabashenliu_run_828\particle_positions_150000.csv,noise_1pct\c6200_phi20.00_logk-0.744444.png,equivalent_plastic_strain,6200,20,0.18011737,-0.744444403052799,1,8282126,860,0,749,generated
828,dabashenliu_run_828\particle_positions_150000.csv,noise_3pct\c6200_phi20.00_logk-0.744444.png,equivalent_plastic_strain,6200,20,0.18011737,-0.744444403052799,3,8282326,860,0,749,generated
828,dabashenliu_run_828\particle_positions_150000.csv,noise_5pct\c6200_phi20.00_logk-0.744444.png,equivalent_plastic_strain,6200,20,0.18011737,-0.744444403052799,5,8282526,860,0,749,generated
829,dabashenliu_run_829\particle_positions_150000.csv,noise_0pct\c6200_phi20.00_logk-0.522222.png,equivalent_plastic_strain,6200,20,0.30045387,-0.522222197678965,0,8292026,860,0,3403,generated
829,dabashenliu_run_829\particle_positions_150000.csv,noise_1pct\c6200_phi20.00_logk-0.522222.png,equivalent_plastic_strain,6200,20,0.30045387,-0.522222197678965,1,8292126,860,0,3403,generated
829,dabashenliu_run_829\particle_positions_150000.csv,noise_3pct\c6200_phi20.00_logk-0.522222.png,equivalent_plastic_strain,6200,20,0.30045387,-0.522222197678965,3,8292326,860,0,3403,generated
829,dabashenliu_run_829\particle_positions_150000.csv,noise_5pct\c6200_phi20.00_logk-0.522222.png,equivalent_plastic_strain,6200,20,0.30045387,-0.522222197678965,5,8292526,860,0,3403,generated
830,dabashenliu_run_830\particle_positions_150000.csv,noise_0pct\c6200_phi20.00_logk-0.300000.png,equivalent_plastic_strain,6200,20,0.50118726,-0.299999977147204,0,8302026,860,0,9251,generated
830,dabashenliu_run_830\particle_positions_150000.csv,noise_1pct\c6200_phi20.00_logk-0.300000.png,equivalent_plastic_strain,6200,20,0.50118726,-0.299999977147204,1,8302126,860,0,9251,generated
830,dabashenliu_run_830\particle_positions_150000.csv,noise_3pct\c6200_phi20.00_logk-0.300000.png,equivalent_plastic_strain,6200,20,0.50118726,-0.299999977147204,3,8302326,860,0,9251,generated
830,dabashenliu_run_830\particle_positions_150000.csv,noise_5pct\c6200_phi20.00_logk-0.300000.png,equivalent_plastic_strain,6200,20,0.50118726,-0.299999977147204,5,8302526,860,0,9251,generated
831,dabashenliu_run_831\particle_positions_150000.csv,noise_0pct\c6200_phi21.00_logk-2.300000.png,equivalent_plastic_strain,6200,21,0.0050118724,-2.29999999447783,0,8312026,860,0,0,generated
831,dabashenliu_run_831\particle_positions_150000.csv,noise_1pct\c6200_phi21.00_logk-2.300000.png,equivalent_plastic_strain,6200,21,0.0050118724,-2.29999999447783,1,8312126,860,0,0,generated
831,dabashenliu_run_831\particle_positions_150000.csv,noise_3pct\c6200_phi21.00_logk-2.300000.png,equivalent_plastic_strain,6200,21,0.0050118724,-2.29999999447783,3,8312326,860,0,0,generated
831,dabashenliu_run_831\particle_positions_150000.csv,noise_5pct\c6200_phi21.00_logk-2.300000.png,equivalent_plastic_strain,6200,21,0.0050118724,-2.29999999447783,5,8312526,860,0,0,generated
832,dabashenliu_run_832\particle_positions_150000.csv,noise_0pct\c6200_phi21.00_logk-2.077778.png,equivalent_plastic_strain,6200,21,0.0083603095,-2.07777764461193,0,8322026,860,0,0,generated
832,dabashenliu_run_832\particle_positions_150000.csv,noise_1pct\c6200_phi21.00_logk-2.077778.png,equivalent_plastic_strain,6200,21,0.0083603095,-2.07777764461193,1,8322126,860,0,0,generated
832,dabashenliu_run_832\particle_positions_150000.csv,noise_3pct\c6200_phi21.00_logk-2.077778.png,equivalent_plastic_strain,6200,21,0.0083603095,-2.07777764461193,3,8322326,860,0,0,generated
832,dabashenliu_run_832\particle_positions_150000.csv,noise_5pct\c6200_phi21.00_logk-2.077778.png,equivalent_plastic_strain,6200,21,0.0083603095,-2.07777764461193,5,8322526,860,0,0,generated
833,dabashenliu_run_833\particle_positions_150000.csv,noise_0pct\c6200_phi21.00_logk-1.855556.png,equivalent_plastic_strain,6200,21,0.013945831,-1.85555560201739,0,8332026,860,0,0,generated
833,dabashenliu_run_833\particle_positions_150000.csv,noise_1pct\c6200_phi21.00_logk-1.855556.png,equivalent_plastic_strain,6200,21,0.013945831,-1.85555560201739,1,8332126,860,0,0,generated
833,dabashenliu_run_833\particle_positions_150000.csv,noise_3pct\c6200_phi21.00_logk-1.855556.png,equivalent_plastic_strain,6200,21,0.013945831,-1.85555560201739,3,8332326,860,0,0,generated
833,dabashenliu_run_833\particle_positions_150000.csv,noise_5pct\c6200_phi21.00_logk-1.855556.png,equivalent_plastic_strain,6200,21,0.013945831,-1.85555560201739,5,8332526,860,0,0,generated
834,dabashenliu_run_834\particle_positions_150000.csv,noise_0pct\c6200_phi21.00_logk-1.633333.png,equivalent_plastic_strain,6200,21,0.023263052,-1.63333330853244,0,8342026,860,0,0,generated
834,dabashenliu_run_834\particle_positions_150000.csv,noise_1pct\c6200_phi21.00_logk-1.633333.png,equivalent_plastic_strain,6200,21,0.023263052,-1.63333330853244,1,8342126,860,0,0,generated
834,dabashenliu_run_834\particle_positions_150000.csv,noise_3pct\c6200_phi21.00_logk-1.633333.png,equivalent_plastic_strain,6200,21,0.023263052,-1.63333330853244,3,8342326,860,0,0,generated
834,dabashenliu_run_834\particle_positions_150000.csv,noise_5pct\c6200_phi21.00_logk-1.633333.png,equivalent_plastic_strain,6200,21,0.023263052,-1.63333330853244,5,8342526,860,0,0,generated
835,dabashenliu_run_835\particle_positions_150000.csv,noise_0pct\c6200_phi21.00_logk-1.411111.png,equivalent_plastic_strain,6200,21,0.038805105,-1.41111113709934,0,8352026,860,0,0,generated
835,dabashenliu_run_835\particle_positions_150000.csv,noise_1pct\c6200_phi21.00_logk-1.411111.png,equivalent_plastic_strain,6200,21,0.038805105,-1.41111113709934,1,8352126,860,0,0,generated
835,dabashenliu_run_835\particle_positions_150000.csv,noise_3pct\c6200_phi21.00_logk-1.411111.png,equivalent_plastic_strain,6200,21,0.038805105,-1.41111113709934,3,8352326,860,0,0,generated
835,dabashenliu_run_835\particle_positions_150000.csv,noise_5pct\c6200_phi21.00_logk-1.411111.png,equivalent_plastic_strain,6200,21,0.038805105,-1.41111113709934,5,8352526,860,0,0,generated
836,dabashenliu_run_836\particle_positions_150000.csv,noise_0pct\c6200_phi21.00_logk-1.188889.png,equivalent_plastic_strain,6200,21,0.06473083,-1.18888882427963,0,8362026,860,0,0,generated
836,dabashenliu_run_836\particle_positions_150000.csv,noise_1pct\c6200_phi21.00_logk-1.188889.png,equivalent_plastic_strain,6200,21,0.06473083,-1.18888882427963,1,8362126,860,0,0,generated
836,dabashenliu_run_836\particle_positions_150000.csv,noise_3pct\c6200_phi21.00_logk-1.188889.png,equivalent_plastic_strain,6200,21,0.06473083,-1.18888882427963,3,8362326,860,0,0,generated
836,dabashenliu_run_836\particle_positions_150000.csv,noise_5pct\c6200_phi21.00_logk-1.188889.png,equivalent_plastic_strain,6200,21,0.06473083,-1.18888882427963,5,8362526,860,0,0,generated
837,dabashenliu_run_837\particle_positions_150000.csv,noise_0pct\c6200_phi21.00_logk-0.966667.png,equivalent_plastic_strain,6200,21,0.10797753,-0.966666611293739,0,8372026,860,0,0,generated
837,dabashenliu_run_837\particle_positions_150000.csv,noise_1pct\c6200_phi21.00_logk-0.966667.png,equivalent_plastic_strain,6200,21,0.10797753,-0.966666611293739,1,8372126,860,0,0,generated
837,dabashenliu_run_837\particle_positions_150000.csv,noise_3pct\c6200_phi21.00_logk-0.966667.png,equivalent_plastic_strain,6200,21,0.10797753,-0.966666611293739,3,8372326,860,0,0,generated
837,dabashenliu_run_837\particle_positions_150000.csv,noise_5pct\c6200_phi21.00_logk-0.966667.png,equivalent_plastic_strain,6200,21,0.10797753,-0.966666611293739,5,8372526,860,0,0,generated
838,dabashenliu_run_838\particle_positions_150000.csv,noise_0pct\c6200_phi21.00_logk-0.744444.png,equivalent_plastic_strain,6200,21,0.18011737,-0.744444403052799,0,8382026,860,0,394,generated
838,dabashenliu_run_838\particle_positions_150000.csv,noise_1pct\c6200_phi21.00_logk-0.744444.png,equivalent_plastic_strain,6200,21,0.18011737,-0.744444403052799,1,8382126,860,0,394,generated
838,dabashenliu_run_838\particle_positions_150000.csv,noise_3pct\c6200_phi21.00_logk-0.744444.png,equivalent_plastic_strain,6200,21,0.18011737,-0.744444403052799,3,8382326,860,0,394,generated
838,dabashenliu_run_838\particle_positions_150000.csv,noise_5pct\c6200_phi21.00_logk-0.744444.png,equivalent_plastic_strain,6200,21,0.18011737,-0.744444403052799,5,8382526,860,0,394,generated
839,dabashenliu_run_839\particle_positions_150000.csv,noise_0pct\c6200_phi21.00_logk-0.522222.png,equivalent_plastic_strain,6200,21,0.30045387,-0.522222197678965,0,8392026,860,0,2460,generated
839,dabashenliu_run_839\particle_positions_150000.csv,noise_1pct\c6200_phi21.00_logk-0.522222.png,equivalent_plastic_strain,6200,21,0.30045387,-0.522222197678965,1,8392126,860,0,2460,generated
839,dabashenliu_run_839\particle_positions_150000.csv,noise_3pct\c6200_phi21.00_logk-0.522222.png,equivalent_plastic_strain,6200,21,0.30045387,-0.522222197678965,3,8392326,860,0,2460,generated
839,dabashenliu_run_839\particle_positions_150000.csv,noise_5pct\c6200_phi21.00_logk-0.522222.png,equivalent_plastic_strain,6200,21,0.30045387,-0.522222197678965,5,8392526,860,0,2460,generated
840,dabashenliu_run_840\particle_positions_150000.csv,noise_0pct\c6200_phi21.00_logk-0.300000.png,equivalent_plastic_strain,6200,21,0.50118726,-0.299999977147204,0,8402026,860,0,7927,generated
840,dabashenliu_run_840\particle_positions_150000.csv,noise_1pct\c6200_phi21.00_logk-0.300000.png,equivalent_plastic_strain,6200,21,0.50118726,-0.299999977147204,1,8402126,860,0,7927,generated
840,dabashenliu_run_840\particle_positions_150000.csv,noise_3pct\c6200_phi21.00_logk-0.300000.png,equivalent_plastic_strain,6200,21,0.50118726,-0.299999977147204,3,8402326,860,0,7927,generated
840,dabashenliu_run_840\particle_positions_150000.csv,noise_5pct\c6200_phi21.00_logk-0.300000.png,equivalent_plastic_strain,6200,21,0.50118726,-0.299999977147204,5,8402526,860,0,7927,generated
841,dabashenliu_run_841\particle_positions_150000.csv,noise_0pct\c6200_phi22.00_logk-2.300000.png,equivalent_plastic_strain,6200,22,0.0050118724,-2.29999999447783,0,8412026,860,0,0,generated
841,dabashenliu_run_841\particle_positions_150000.csv,noise_1pct\c6200_phi22.00_logk-2.300000.png,equivalent_plastic_strain,6200,22,0.0050118724,-2.29999999447783,1,8412126,860,0,0,generated
841,dabashenliu_run_841\particle_positions_150000.csv,noise_3pct\c6200_phi22.00_logk-2.300000.png,equivalent_plastic_strain,6200,22,0.0050118724,-2.29999999447783,3,8412326,860,0,0,generated
841,dabashenliu_run_841\particle_positions_150000.csv,noise_5pct\c6200_phi22.00_logk-2.300000.png,equivalent_plastic_strain,6200,22,0.0050118724,-2.29999999447783,5,8412526,860,0,0,generated
842,dabashenliu_run_842\particle_positions_150000.csv,noise_0pct\c6200_phi22.00_logk-2.077778.png,equivalent_plastic_strain,6200,22,0.0083603095,-2.07777764461193,0,8422026,860,0,0,generated
842,dabashenliu_run_842\particle_positions_150000.csv,noise_1pct\c6200_phi22.00_logk-2.077778.png,equivalent_plastic_strain,6200,22,0.0083603095,-2.07777764461193,1,8422126,860,0,0,generated
842,dabashenliu_run_842\particle_positions_150000.csv,noise_3pct\c6200_phi22.00_logk-2.077778.png,equivalent_plastic_strain,6200,22,0.0083603095,-2.07777764461193,3,8422326,860,0,0,generated
842,dabashenliu_run_842\particle_positions_150000.csv,noise_5pct\c6200_phi22.00_logk-2.077778.png,equivalent_plastic_strain,6200,22,0.0083603095,-2.07777764461193,5,8422526,860,0,0,generated
843,dabashenliu_run_843\particle_positions_150000.csv,noise_0pct\c6200_phi22.00_logk-1.855556.png,equivalent_plastic_strain,6200,22,0.013945831,-1.85555560201739,0,8432026,860,0,0,generated
843,dabashenliu_run_843\particle_positions_150000.csv,noise_1pct\c6200_phi22.00_logk-1.855556.png,equivalent_plastic_strain,6200,22,0.013945831,-1.85555560201739,1,8432126,860,0,0,generated
843,dabashenliu_run_843\particle_positions_150000.csv,noise_3pct\c6200_phi22.00_logk-1.855556.png,equivalent_plastic_strain,6200,22,0.013945831,-1.85555560201739,3,8432326,860,0,0,generated
843,dabashenliu_run_843\particle_positions_150000.csv,noise_5pct\c6200_phi22.00_logk-1.855556.png,equivalent_plastic_strain,6200,22,0.013945831,-1.85555560201739,5,8432526,860,0,0,generated
844,dabashenliu_run_844\particle_positions_150000.csv,noise_0pct\c6200_phi22.00_logk-1.633333.png,equivalent_plastic_strain,6200,22,0.023263052,-1.63333330853244,0,8442026,860,0,0,generated
844,dabashenliu_run_844\particle_positions_150000.csv,noise_1pct\c6200_phi22.00_logk-1.633333.png,equivalent_plastic_strain,6200,22,0.023263052,-1.63333330853244,1,8442126,860,0,0,generated
844,dabashenliu_run_844\particle_positions_150000.csv,noise_3pct\c6200_phi22.00_logk-1.633333.png,equivalent_plastic_strain,6200,22,0.023263052,-1.63333330853244,3,8442326,860,0,0,generated
844,dabashenliu_run_844\particle_positions_150000.csv,noise_5pct\c6200_phi22.00_logk-1.633333.png,equivalent_plastic_strain,6200,22,0.023263052,-1.63333330853244,5,8442526,860,0,0,generated
845,dabashenliu_run_845\particle_positions_150000.csv,noise_0pct\c6200_phi22.00_logk-1.411111.png,equivalent_plastic_strain,6200,22,0.038805105,-1.41111113709934,0,8452026,860,0,0,generated
845,dabashenliu_run_845\particle_positions_150000.csv,noise_1pct\c6200_phi22.00_logk-1.411111.png,equivalent_plastic_strain,6200,22,0.038805105,-1.41111113709934,1,8452126,860,0,0,generated
845,dabashenliu_run_845\particle_positions_150000.csv,noise_3pct\c6200_phi22.00_logk-1.411111.png,equivalent_plastic_strain,6200,22,0.038805105,-1.41111113709934,3,8452326,860,0,0,generated
845,dabashenliu_run_845\particle_positions_150000.csv,noise_5pct\c6200_phi22.00_logk-1.411111.png,equivalent_plastic_strain,6200,22,0.038805105,-1.41111113709934,5,8452526,860,0,0,generated
846,dabashenliu_run_846\particle_positions_150000.csv,noise_0pct\c6200_phi22.00_logk-1.188889.png,equivalent_plastic_strain,6200,22,0.06473083,-1.18888882427963,0,8462026,860,0,0,generated
846,dabashenliu_run_846\particle_positions_150000.csv,noise_1pct\c6200_phi22.00_logk-1.188889.png,equivalent_plastic_strain,6200,22,0.06473083,-1.18888882427963,1,8462126,860,0,0,generated
846,dabashenliu_run_846\particle_positions_150000.csv,noise_3pct\c6200_phi22.00_logk-1.188889.png,equivalent_plastic_strain,6200,22,0.06473083,-1.18888882427963,3,8462326,860,0,0,generated
846,dabashenliu_run_846\particle_positions_150000.csv,noise_5pct\c6200_phi22.00_logk-1.188889.png,equivalent_plastic_strain,6200,22,0.06473083,-1.18888882427963,5,8462526,860,0,0,generated
847,dabashenliu_run_847\particle_positions_150000.csv,noise_0pct\c6200_phi22.00_logk-0.966667.png,equivalent_plastic_strain,6200,22,0.10797753,-0.966666611293739,0,8472026,860,0,0,generated
847,dabashenliu_run_847\particle_positions_150000.csv,noise_1pct\c6200_phi22.00_logk-0.966667.png,equivalent_plastic_strain,6200,22,0.10797753,-0.966666611293739,1,8472126,860,0,0,generated
847,dabashenliu_run_847\particle_positions_150000.csv,noise_3pct\c6200_phi22.00_logk-0.966667.png,equivalent_plastic_strain,6200,22,0.10797753,-0.966666611293739,3,8472326,860,0,0,generated
847,dabashenliu_run_847\particle_positions_150000.csv,noise_5pct\c6200_phi22.00_logk-0.966667.png,equivalent_plastic_strain,6200,22,0.10797753,-0.966666611293739,5,8472526,860,0,0,generated
848,dabashenliu_run_848\particle_positions_150000.csv,noise_0pct\c6200_phi22.00_logk-0.744444.png,equivalent_plastic_strain,6200,22,0.18011737,-0.744444403052799,0,8482026,860,0,243,generated
848,dabashenliu_run_848\particle_positions_150000.csv,noise_1pct\c6200_phi22.00_logk-0.744444.png,equivalent_plastic_strain,6200,22,0.18011737,-0.744444403052799,1,8482126,860,0,243,generated
848,dabashenliu_run_848\particle_positions_150000.csv,noise_3pct\c6200_phi22.00_logk-0.744444.png,equivalent_plastic_strain,6200,22,0.18011737,-0.744444403052799,3,8482326,860,0,243,generated
848,dabashenliu_run_848\particle_positions_150000.csv,noise_5pct\c6200_phi22.00_logk-0.744444.png,equivalent_plastic_strain,6200,22,0.18011737,-0.744444403052799,5,8482526,860,0,243,generated
849,dabashenliu_run_849\particle_positions_150000.csv,noise_0pct\c6200_phi22.00_logk-0.522222.png,equivalent_plastic_strain,6200,22,0.30045387,-0.522222197678965,0,8492026,860,0,2074,generated
849,dabashenliu_run_849\particle_positions_150000.csv,noise_1pct\c6200_phi22.00_logk-0.522222.png,equivalent_plastic_strain,6200,22,0.30045387,-0.522222197678965,1,8492126,860,0,2074,generated
849,dabashenliu_run_849\particle_positions_150000.csv,noise_3pct\c6200_phi22.00_logk-0.522222.png,equivalent_plastic_strain,6200,22,0.30045387,-0.522222197678965,3,8492326,860,0,2074,generated
849,dabashenliu_run_849\particle_positions_150000.csv,noise_5pct\c6200_phi22.00_logk-0.522222.png,equivalent_plastic_strain,6200,22,0.30045387,-0.522222197678965,5,8492526,860,0,2074,generated
850,dabashenliu_run_850\particle_positions_150000.csv,noise_0pct\c6200_phi22.00_logk-0.300000.png,equivalent_plastic_strain,6200,22,0.50118726,-0.299999977147204,0,8502026,860,0,2746,generated
850,dabashenliu_run_850\particle_positions_150000.csv,noise_1pct\c6200_phi22.00_logk-0.300000.png,equivalent_plastic_strain,6200,22,0.50118726,-0.299999977147204,1,8502126,860,0,2746,generated
850,dabashenliu_run_850\particle_positions_150000.csv,noise_3pct\c6200_phi22.00_logk-0.300000.png,equivalent_plastic_strain,6200,22,0.50118726,-0.299999977147204,3,8502326,860,0,2746,generated
850,dabashenliu_run_850\particle_positions_150000.csv,noise_5pct\c6200_phi22.00_logk-0.300000.png,equivalent_plastic_strain,6200,22,0.50118726,-0.299999977147204,5,8502526,860,0,2746,generated
851,dabashenliu_run_851\particle_positions_150000.csv,noise_0pct\c6200_phi23.00_logk-2.300000.png,equivalent_plastic_strain,6200,23,0.0050118724,-2.29999999447783,0,8512026,860,0,0,generated
851,dabashenliu_run_851\particle_positions_150000.csv,noise_1pct\c6200_phi23.00_logk-2.300000.png,equivalent_plastic_strain,6200,23,0.0050118724,-2.29999999447783,1,8512126,860,0,0,generated
851,dabashenliu_run_851\particle_positions_150000.csv,noise_3pct\c6200_phi23.00_logk-2.300000.png,equivalent_plastic_strain,6200,23,0.0050118724,-2.29999999447783,3,8512326,860,0,0,generated
851,dabashenliu_run_851\particle_positions_150000.csv,noise_5pct\c6200_phi23.00_logk-2.300000.png,equivalent_plastic_strain,6200,23,0.0050118724,-2.29999999447783,5,8512526,860,0,0,generated
852,dabashenliu_run_852\particle_positions_150000.csv,noise_0pct\c6200_phi23.00_logk-2.077778.png,equivalent_plastic_strain,6200,23,0.0083603095,-2.07777764461193,0,8522026,860,0,0,generated
852,dabashenliu_run_852\particle_positions_150000.csv,noise_1pct\c6200_phi23.00_logk-2.077778.png,equivalent_plastic_strain,6200,23,0.0083603095,-2.07777764461193,1,8522126,860,0,0,generated
852,dabashenliu_run_852\particle_positions_150000.csv,noise_3pct\c6200_phi23.00_logk-2.077778.png,equivalent_plastic_strain,6200,23,0.0083603095,-2.07777764461193,3,8522326,860,0,0,generated
852,dabashenliu_run_852\particle_positions_150000.csv,noise_5pct\c6200_phi23.00_logk-2.077778.png,equivalent_plastic_strain,6200,23,0.0083603095,-2.07777764461193,5,8522526,860,0,0,generated
853,dabashenliu_run_853\particle_positions_150000.csv,noise_0pct\c6200_phi23.00_logk-1.855556.png,equivalent_plastic_strain,6200,23,0.013945831,-1.85555560201739,0,8532026,860,0,0,generated
853,dabashenliu_run_853\particle_positions_150000.csv,noise_1pct\c6200_phi23.00_logk-1.855556.png,equivalent_plastic_strain,6200,23,0.013945831,-1.85555560201739,1,8532126,860,0,0,generated
853,dabashenliu_run_853\particle_positions_150000.csv,noise_3pct\c6200_phi23.00_logk-1.855556.png,equivalent_plastic_strain,6200,23,0.013945831,-1.85555560201739,3,8532326,860,0,0,generated
853,dabashenliu_run_853\particle_positions_150000.csv,noise_5pct\c6200_phi23.00_logk-1.855556.png,equivalent_plastic_strain,6200,23,0.013945831,-1.85555560201739,5,8532526,860,0,0,generated
854,dabashenliu_run_854\particle_positions_150000.csv,noise_0pct\c6200_phi23.00_logk-1.633333.png,equivalent_plastic_strain,6200,23,0.023263052,-1.63333330853244,0,8542026,860,0,0,generated
854,dabashenliu_run_854\particle_positions_150000.csv,noise_1pct\c6200_phi23.00_logk-1.633333.png,equivalent_plastic_strain,6200,23,0.023263052,-1.63333330853244,1,8542126,860,0,0,generated
854,dabashenliu_run_854\particle_positions_150000.csv,noise_3pct\c6200_phi23.00_logk-1.633333.png,equivalent_plastic_strain,6200,23,0.023263052,-1.63333330853244,3,8542326,860,0,0,generated
854,dabashenliu_run_854\particle_positions_150000.csv,noise_5pct\c6200_phi23.00_logk-1.633333.png,equivalent_plastic_strain,6200,23,0.023263052,-1.63333330853244,5,8542526,860,0,0,generated
855,dabashenliu_run_855\particle_positions_150000.csv,noise_0pct\c6200_phi23.00_logk-1.411111.png,equivalent_plastic_strain,6200,23,0.038805105,-1.41111113709934,0,8552026,860,0,0,generated
855,dabashenliu_run_855\particle_positions_150000.csv,noise_1pct\c6200_phi23.00_logk-1.411111.png,equivalent_plastic_strain,6200,23,0.038805105,-1.41111113709934,1,8552126,860,0,0,generated
855,dabashenliu_run_855\particle_positions_150000.csv,noise_3pct\c6200_phi23.00_logk-1.411111.png,equivalent_plastic_strain,6200,23,0.038805105,-1.41111113709934,3,8552326,860,0,0,generated
855,dabashenliu_run_855\particle_positions_150000.csv,noise_5pct\c6200_phi23.00_logk-1.411111.png,equivalent_plastic_strain,6200,23,0.038805105,-1.41111113709934,5,8552526,860,0,0,generated
856,dabashenliu_run_856\particle_positions_150000.csv,noise_0pct\c6200_phi23.00_logk-1.188889.png,equivalent_plastic_strain,6200,23,0.06473083,-1.18888882427963,0,8562026,860,0,0,generated
856,dabashenliu_run_856\particle_positions_150000.csv,noise_1pct\c6200_phi23.00_logk-1.188889.png,equivalent_plastic_strain,6200,23,0.06473083,-1.18888882427963,1,8562126,860,0,0,generated
856,dabashenliu_run_856\particle_positions_150000.csv,noise_3pct\c6200_phi23.00_logk-1.188889.png,equivalent_plastic_strain,6200,23,0.06473083,-1.18888882427963,3,8562326,860,0,0,generated
856,dabashenliu_run_856\particle_positions_150000.csv,noise_5pct\c6200_phi23.00_logk-1.188889.png,equivalent_plastic_strain,6200,23,0.06473083,-1.18888882427963,5,8562526,860,0,0,generated
857,dabashenliu_run_857\particle_positions_150000.csv,noise_0pct\c6200_phi23.00_logk-0.966667.png,equivalent_plastic_strain,6200,23,0.10797753,-0.966666611293739,0,8572026,860,0,0,generated
857,dabashenliu_run_857\particle_positions_150000.csv,noise_1pct\c6200_phi23.00_logk-0.966667.png,equivalent_plastic_strain,6200,23,0.10797753,-0.966666611293739,1,8572126,860,0,0,generated
857,dabashenliu_run_857\particle_positions_150000.csv,noise_3pct\c6200_phi23.00_logk-0.966667.png,equivalent_plastic_strain,6200,23,0.10797753,-0.966666611293739,3,8572326,860,0,0,generated
857,dabashenliu_run_857\particle_positions_150000.csv,noise_5pct\c6200_phi23.00_logk-0.966667.png,equivalent_plastic_strain,6200,23,0.10797753,-0.966666611293739,5,8572526,860,0,0,generated
858,dabashenliu_run_858\particle_positions_150000.csv,noise_0pct\c6200_phi23.00_logk-0.744444.png,equivalent_plastic_strain,6200,23,0.18011737,-0.744444403052799,0,8582026,860,0,0,generated
858,dabashenliu_run_858\particle_positions_150000.csv,noise_1pct\c6200_phi23.00_logk-0.744444.png,equivalent_plastic_strain,6200,23,0.18011737,-0.744444403052799,1,8582126,860,0,0,generated
858,dabashenliu_run_858\particle_positions_150000.csv,noise_3pct\c6200_phi23.00_logk-0.744444.png,equivalent_plastic_strain,6200,23,0.18011737,-0.744444403052799,3,8582326,860,0,0,generated
858,dabashenliu_run_858\particle_positions_150000.csv,noise_5pct\c6200_phi23.00_logk-0.744444.png,equivalent_plastic_strain,6200,23,0.18011737,-0.744444403052799,5,8582526,860,0,0,generated
859,dabashenliu_run_859\particle_positions_150000.csv,noise_0pct\c6200_phi23.00_logk-0.522222.png,equivalent_plastic_strain,6200,23,0.30045387,-0.522222197678965,0,8592026,860,0,1639,generated
859,dabashenliu_run_859\particle_positions_150000.csv,noise_1pct\c6200_phi23.00_logk-0.522222.png,equivalent_plastic_strain,6200,23,0.30045387,-0.522222197678965,1,8592126,860,0,1639,generated
859,dabashenliu_run_859\particle_positions_150000.csv,noise_3pct\c6200_phi23.00_logk-0.522222.png,equivalent_plastic_strain,6200,23,0.30045387,-0.522222197678965,3,8592326,860,0,1639,generated
859,dabashenliu_run_859\particle_positions_150000.csv,noise_5pct\c6200_phi23.00_logk-0.522222.png,equivalent_plastic_strain,6200,23,0.30045387,-0.522222197678965,5,8592526,860,0,1639,generated
860,dabashenliu_run_860\particle_positions_150000.csv,noise_0pct\c6200_phi23.00_logk-0.300000.png,equivalent_plastic_strain,6200,23,0.50118726,-0.299999977147204,0,8602026,860,0,2554,generated
860,dabashenliu_run_860\particle_positions_150000.csv,noise_1pct\c6200_phi23.00_logk-0.300000.png,equivalent_plastic_strain,6200,23,0.50118726,-0.299999977147204,1,8602126,860,0,2554,generated
860,dabashenliu_run_860\particle_positions_150000.csv,noise_3pct\c6200_phi23.00_logk-0.300000.png,equivalent_plastic_strain,6200,23,0.50118726,-0.299999977147204,3,8602326,860,0,2554,generated
860,dabashenliu_run_860\particle_positions_150000.csv,noise_5pct\c6200_phi23.00_logk-0.300000.png,equivalent_plastic_strain,6200,23,0.50118726,-0.299999977147204,5,8602526,860,0,2554,generated
861,dabashenliu_run_861\particle_positions_150000.csv,noise_0pct\c6200_phi24.00_logk-2.300000.png,equivalent_plastic_strain,6200,24,0.0050118724,-2.29999999447783,0,8612026,860,0,0,generated
861,dabashenliu_run_861\particle_positions_150000.csv,noise_1pct\c6200_phi24.00_logk-2.300000.png,equivalent_plastic_strain,6200,24,0.0050118724,-2.29999999447783,1,8612126,860,0,0,generated
861,dabashenliu_run_861\particle_positions_150000.csv,noise_3pct\c6200_phi24.00_logk-2.300000.png,equivalent_plastic_strain,6200,24,0.0050118724,-2.29999999447783,3,8612326,860,0,0,generated
861,dabashenliu_run_861\particle_positions_150000.csv,noise_5pct\c6200_phi24.00_logk-2.300000.png,equivalent_plastic_strain,6200,24,0.0050118724,-2.29999999447783,5,8612526,860,0,0,generated
862,dabashenliu_run_862\particle_positions_150000.csv,noise_0pct\c6200_phi24.00_logk-2.077778.png,equivalent_plastic_strain,6200,24,0.0083603095,-2.07777764461193,0,8622026,860,0,0,generated
862,dabashenliu_run_862\particle_positions_150000.csv,noise_1pct\c6200_phi24.00_logk-2.077778.png,equivalent_plastic_strain,6200,24,0.0083603095,-2.07777764461193,1,8622126,860,0,0,generated
862,dabashenliu_run_862\particle_positions_150000.csv,noise_3pct\c6200_phi24.00_logk-2.077778.png,equivalent_plastic_strain,6200,24,0.0083603095,-2.07777764461193,3,8622326,860,0,0,generated
862,dabashenliu_run_862\particle_positions_150000.csv,noise_5pct\c6200_phi24.00_logk-2.077778.png,equivalent_plastic_strain,6200,24,0.0083603095,-2.07777764461193,5,8622526,860,0,0,generated
863,dabashenliu_run_863\particle_positions_150000.csv,noise_0pct\c6200_phi24.00_logk-1.855556.png,equivalent_plastic_strain,6200,24,0.013945831,-1.85555560201739,0,8632026,860,0,0,generated
863,dabashenliu_run_863\particle_positions_150000.csv,noise_1pct\c6200_phi24.00_logk-1.855556.png,equivalent_plastic_strain,6200,24,0.013945831,-1.85555560201739,1,8632126,860,0,0,generated
863,dabashenliu_run_863\particle_positions_150000.csv,noise_3pct\c6200_phi24.00_logk-1.855556.png,equivalent_plastic_strain,6200,24,0.013945831,-1.85555560201739,3,8632326,860,0,0,generated
863,dabashenliu_run_863\particle_positions_150000.csv,noise_5pct\c6200_phi24.00_logk-1.855556.png,equivalent_plastic_strain,6200,24,0.013945831,-1.85555560201739,5,8632526,860,0,0,generated
864,dabashenliu_run_864\particle_positions_150000.csv,noise_0pct\c6200_phi24.00_logk-1.633333.png,equivalent_plastic_strain,6200,24,0.023263052,-1.63333330853244,0,8642026,860,0,0,generated
864,dabashenliu_run_864\particle_positions_150000.csv,noise_1pct\c6200_phi24.00_logk-1.633333.png,equivalent_plastic_strain,6200,24,0.023263052,-1.63333330853244,1,8642126,860,0,0,generated
864,dabashenliu_run_864\particle_positions_150000.csv,noise_3pct\c6200_phi24.00_logk-1.633333.png,equivalent_plastic_strain,6200,24,0.023263052,-1.63333330853244,3,8642326,860,0,0,generated
864,dabashenliu_run_864\particle_positions_150000.csv,noise_5pct\c6200_phi24.00_logk-1.633333.png,equivalent_plastic_strain,6200,24,0.023263052,-1.63333330853244,5,8642526,860,0,0,generated
865,dabashenliu_run_865\particle_positions_150000.csv,noise_0pct\c6200_phi24.00_logk-1.411111.png,equivalent_plastic_strain,6200,24,0.038805105,-1.41111113709934,0,8652026,860,0,0,generated
865,dabashenliu_run_865\particle_positions_150000.csv,noise_1pct\c6200_phi24.00_logk-1.411111.png,equivalent_plastic_strain,6200,24,0.038805105,-1.41111113709934,1,8652126,860,0,0,generated
865,dabashenliu_run_865\particle_positions_150000.csv,noise_3pct\c6200_phi24.00_logk-1.411111.png,equivalent_plastic_strain,6200,24,0.038805105,-1.41111113709934,3,8652326,860,0,0,generated
865,dabashenliu_run_865\particle_positions_150000.csv,noise_5pct\c6200_phi24.00_logk-1.411111.png,equivalent_plastic_strain,6200,24,0.038805105,-1.41111113709934,5,8652526,860,0,0,generated
866,dabashenliu_run_866\particle_positions_150000.csv,noise_0pct\c6200_phi24.00_logk-1.188889.png,equivalent_plastic_strain,6200,24,0.06473083,-1.18888882427963,0,8662026,860,0,0,generated
866,dabashenliu_run_866\particle_positions_150000.csv,noise_1pct\c6200_phi24.00_logk-1.188889.png,equivalent_plastic_strain,6200,24,0.06473083,-1.18888882427963,1,8662126,860,0,0,generated
866,dabashenliu_run_866\particle_positions_150000.csv,noise_3pct\c6200_phi24.00_logk-1.188889.png,equivalent_plastic_strain,6200,24,0.06473083,-1.18888882427963,3,8662326,860,0,0,generated
866,dabashenliu_run_866\particle_positions_150000.csv,noise_5pct\c6200_phi24.00_logk-1.188889.png,equivalent_plastic_strain,6200,24,0.06473083,-1.18888882427963,5,8662526,860,0,0,generated
867,dabashenliu_run_867\particle_positions_150000.csv,noise_0pct\c6200_phi24.00_logk-0.966667.png,equivalent_plastic_strain,6200,24,0.10797753,-0.966666611293739,0,8672026,860,0,0,generated
867,dabashenliu_run_867\particle_positions_150000.csv,noise_1pct\c6200_phi24.00_logk-0.966667.png,equivalent_plastic_strain,6200,24,0.10797753,-0.966666611293739,1,8672126,860,0,0,generated
867,dabashenliu_run_867\particle_positions_150000.csv,noise_3pct\c6200_phi24.00_logk-0.966667.png,equivalent_plastic_strain,6200,24,0.10797753,-0.966666611293739,3,8672326,860,0,0,generated
867,dabashenliu_run_867\particle_positions_150000.csv,noise_5pct\c6200_phi24.00_logk-0.966667.png,equivalent_plastic_strain,6200,24,0.10797753,-0.966666611293739,5,8672526,860,0,0,generated
868,dabashenliu_run_868\particle_positions_150000.csv,noise_0pct\c6200_phi24.00_logk-0.744444.png,equivalent_plastic_strain,6200,24,0.18011737,-0.744444403052799,0,8682026,860,0,0,generated
868,dabashenliu_run_868\particle_positions_150000.csv,noise_1pct\c6200_phi24.00_logk-0.744444.png,equivalent_plastic_strain,6200,24,0.18011737,-0.744444403052799,1,8682126,860,0,0,generated
868,dabashenliu_run_868\particle_positions_150000.csv,noise_3pct\c6200_phi24.00_logk-0.744444.png,equivalent_plastic_strain,6200,24,0.18011737,-0.744444403052799,3,8682326,860,0,0,generated
868,dabashenliu_run_868\particle_positions_150000.csv,noise_5pct\c6200_phi24.00_logk-0.744444.png,equivalent_plastic_strain,6200,24,0.18011737,-0.744444403052799,5,8682526,860,0,0,generated
869,dabashenliu_run_869\particle_positions_150000.csv,noise_0pct\c6200_phi24.00_logk-0.522222.png,equivalent_plastic_strain,6200,24,0.30045387,-0.522222197678965,0,8692026,860,0,1357,generated
869,dabashenliu_run_869\particle_positions_150000.csv,noise_1pct\c6200_phi24.00_logk-0.522222.png,equivalent_plastic_strain,6200,24,0.30045387,-0.522222197678965,1,8692126,860,0,1357,generated
869,dabashenliu_run_869\particle_positions_150000.csv,noise_3pct\c6200_phi24.00_logk-0.522222.png,equivalent_plastic_strain,6200,24,0.30045387,-0.522222197678965,3,8692326,860,0,1357,generated
869,dabashenliu_run_869\particle_positions_150000.csv,noise_5pct\c6200_phi24.00_logk-0.522222.png,equivalent_plastic_strain,6200,24,0.30045387,-0.522222197678965,5,8692526,860,0,1357,generated
870,dabashenliu_run_870\particle_positions_150000.csv,noise_0pct\c6200_phi24.00_logk-0.300000.png,equivalent_plastic_strain,6200,24,0.50118726,-0.299999977147204,0,8702026,860,0,1997,generated
870,dabashenliu_run_870\particle_positions_150000.csv,noise_1pct\c6200_phi24.00_logk-0.300000.png,equivalent_plastic_strain,6200,24,0.50118726,-0.299999977147204,1,8702126,860,0,1997,generated
870,dabashenliu_run_870\particle_positions_150000.csv,noise_3pct\c6200_phi24.00_logk-0.300000.png,equivalent_plastic_strain,6200,24,0.50118726,-0.299999977147204,3,8702326,860,0,1997,generated
870,dabashenliu_run_870\particle_positions_150000.csv,noise_5pct\c6200_phi24.00_logk-0.300000.png,equivalent_plastic_strain,6200,24,0.50118726,-0.299999977147204,5,8702526,860,0,1997,generated
871,dabashenliu_run_871\particle_positions_150000.csv,noise_0pct\c6200_phi25.00_logk-2.300000.png,equivalent_plastic_strain,6200,25,0.0050118724,-2.29999999447783,0,8712026,860,0,0,generated
871,dabashenliu_run_871\particle_positions_150000.csv,noise_1pct\c6200_phi25.00_logk-2.300000.png,equivalent_plastic_strain,6200,25,0.0050118724,-2.29999999447783,1,8712126,860,0,0,generated
871,dabashenliu_run_871\particle_positions_150000.csv,noise_3pct\c6200_phi25.00_logk-2.300000.png,equivalent_plastic_strain,6200,25,0.0050118724,-2.29999999447783,3,8712326,860,0,0,generated
871,dabashenliu_run_871\particle_positions_150000.csv,noise_5pct\c6200_phi25.00_logk-2.300000.png,equivalent_plastic_strain,6200,25,0.0050118724,-2.29999999447783,5,8712526,860,0,0,generated
872,dabashenliu_run_872\particle_positions_150000.csv,noise_0pct\c6200_phi25.00_logk-2.077778.png,equivalent_plastic_strain,6200,25,0.0083603095,-2.07777764461193,0,8722026,860,0,0,generated
872,dabashenliu_run_872\particle_positions_150000.csv,noise_1pct\c6200_phi25.00_logk-2.077778.png,equivalent_plastic_strain,6200,25,0.0083603095,-2.07777764461193,1,8722126,860,0,0,generated
872,dabashenliu_run_872\particle_positions_150000.csv,noise_3pct\c6200_phi25.00_logk-2.077778.png,equivalent_plastic_strain,6200,25,0.0083603095,-2.07777764461193,3,8722326,860,0,0,generated
872,dabashenliu_run_872\particle_positions_150000.csv,noise_5pct\c6200_phi25.00_logk-2.077778.png,equivalent_plastic_strain,6200,25,0.0083603095,-2.07777764461193,5,8722526,860,0,0,generated
873,dabashenliu_run_873\particle_positions_150000.csv,noise_0pct\c6200_phi25.00_logk-1.855556.png,equivalent_plastic_strain,6200,25,0.013945831,-1.85555560201739,0,8732026,860,0,0,generated
873,dabashenliu_run_873\particle_positions_150000.csv,noise_1pct\c6200_phi25.00_logk-1.855556.png,equivalent_plastic_strain,6200,25,0.013945831,-1.85555560201739,1,8732126,860,0,0,generated
873,dabashenliu_run_873\particle_positions_150000.csv,noise_3pct\c6200_phi25.00_logk-1.855556.png,equivalent_plastic_strain,6200,25,0.013945831,-1.85555560201739,3,8732326,860,0,0,generated
873,dabashenliu_run_873\particle_positions_150000.csv,noise_5pct\c6200_phi25.00_logk-1.855556.png,equivalent_plastic_strain,6200,25,0.013945831,-1.85555560201739,5,8732526,860,0,0,generated
874,dabashenliu_run_874\particle_positions_150000.csv,noise_0pct\c6200_phi25.00_logk-1.633333.png,equivalent_plastic_strain,6200,25,0.023263052,-1.63333330853244,0,8742026,860,0,0,generated
874,dabashenliu_run_874\particle_positions_150000.csv,noise_1pct\c6200_phi25.00_logk-1.633333.png,equivalent_plastic_strain,6200,25,0.023263052,-1.63333330853244,1,8742126,860,0,0,generated
874,dabashenliu_run_874\particle_positions_150000.csv,noise_3pct\c6200_phi25.00_logk-1.633333.png,equivalent_plastic_strain,6200,25,0.023263052,-1.63333330853244,3,8742326,860,0,0,generated
874,dabashenliu_run_874\particle_positions_150000.csv,noise_5pct\c6200_phi25.00_logk-1.633333.png,equivalent_plastic_strain,6200,25,0.023263052,-1.63333330853244,5,8742526,860,0,0,generated
875,dabashenliu_run_875\particle_positions_150000.csv,noise_0pct\c6200_phi25.00_logk-1.411111.png,equivalent_plastic_strain,6200,25,0.038805105,-1.41111113709934,0,8752026,860,0,0,generated
875,dabashenliu_run_875\particle_positions_150000.csv,noise_1pct\c6200_phi25.00_logk-1.411111.png,equivalent_plastic_strain,6200,25,0.038805105,-1.41111113709934,1,8752126,860,0,0,generated
875,dabashenliu_run_875\particle_positions_150000.csv,noise_3pct\c6200_phi25.00_logk-1.411111.png,equivalent_plastic_strain,6200,25,0.038805105,-1.41111113709934,3,8752326,860,0,0,generated
875,dabashenliu_run_875\particle_positions_150000.csv,noise_5pct\c6200_phi25.00_logk-1.411111.png,equivalent_plastic_strain,6200,25,0.038805105,-1.41111113709934,5,8752526,860,0,0,generated
876,dabashenliu_run_876\particle_positions_150000.csv,noise_0pct\c6200_phi25.00_logk-1.188889.png,equivalent_plastic_strain,6200,25,0.06473083,-1.18888882427963,0,8762026,860,0,0,generated
876,dabashenliu_run_876\particle_positions_150000.csv,noise_1pct\c6200_phi25.00_logk-1.188889.png,equivalent_plastic_strain,6200,25,0.06473083,-1.18888882427963,1,8762126,860,0,0,generated
876,dabashenliu_run_876\particle_positions_150000.csv,noise_3pct\c6200_phi25.00_logk-1.188889.png,equivalent_plastic_strain,6200,25,0.06473083,-1.18888882427963,3,8762326,860,0,0,generated
876,dabashenliu_run_876\particle_positions_150000.csv,noise_5pct\c6200_phi25.00_logk-1.188889.png,equivalent_plastic_strain,6200,25,0.06473083,-1.18888882427963,5,8762526,860,0,0,generated
877,dabashenliu_run_877\particle_positions_150000.csv,noise_0pct\c6200_phi25.00_logk-0.966667.png,equivalent_plastic_strain,6200,25,0.10797753,-0.966666611293739,0,8772026,860,0,0,generated
877,dabashenliu_run_877\particle_positions_150000.csv,noise_1pct\c6200_phi25.00_logk-0.966667.png,equivalent_plastic_strain,6200,25,0.10797753,-0.966666611293739,1,8772126,860,0,0,generated
877,dabashenliu_run_877\particle_positions_150000.csv,noise_3pct\c6200_phi25.00_logk-0.966667.png,equivalent_plastic_strain,6200,25,0.10797753,-0.966666611293739,3,8772326,860,0,0,generated
877,dabashenliu_run_877\particle_positions_150000.csv,noise_5pct\c6200_phi25.00_logk-0.966667.png,equivalent_plastic_strain,6200,25,0.10797753,-0.966666611293739,5,8772526,860,0,0,generated
878,dabashenliu_run_878\particle_positions_150000.csv,noise_0pct\c6200_phi25.00_logk-0.744444.png,equivalent_plastic_strain,6200,25,0.18011737,-0.744444403052799,0,8782026,860,0,0,generated
878,dabashenliu_run_878\particle_positions_150000.csv,noise_1pct\c6200_phi25.00_logk-0.744444.png,equivalent_plastic_strain,6200,25,0.18011737,-0.744444403052799,1,8782126,860,0,0,generated
878,dabashenliu_run_878\particle_positions_150000.csv,noise_3pct\c6200_phi25.00_logk-0.744444.png,equivalent_plastic_strain,6200,25,0.18011737,-0.744444403052799,3,8782326,860,0,0,generated
878,dabashenliu_run_878\particle_positions_150000.csv,noise_5pct\c6200_phi25.00_logk-0.744444.png,equivalent_plastic_strain,6200,25,0.18011737,-0.744444403052799,5,8782526,860,0,0,generated
879,dabashenliu_run_879\particle_positions_150000.csv,noise_0pct\c6200_phi25.00_logk-0.522222.png,equivalent_plastic_strain,6200,25,0.30045387,-0.522222197678965,0,8792026,860,0,869,generated
879,dabashenliu_run_879\particle_positions_150000.csv,noise_1pct\c6200_phi25.00_logk-0.522222.png,equivalent_plastic_strain,6200,25,0.30045387,-0.522222197678965,1,8792126,860,0,869,generated
879,dabashenliu_run_879\particle_positions_150000.csv,noise_3pct\c6200_phi25.00_logk-0.522222.png,equivalent_plastic_strain,6200,25,0.30045387,-0.522222197678965,3,8792326,860,0,869,generated
879,dabashenliu_run_879\particle_positions_150000.csv,noise_5pct\c6200_phi25.00_logk-0.522222.png,equivalent_plastic_strain,6200,25,0.30045387,-0.522222197678965,5,8792526,860,0,869,generated
880,dabashenliu_run_880\particle_positions_150000.csv,noise_0pct\c6200_phi25.00_logk-0.300000.png,equivalent_plastic_strain,6200,25,0.50118726,-0.299999977147204,0,8802026,860,0,1922,generated
880,dabashenliu_run_880\particle_positions_150000.csv,noise_1pct\c6200_phi25.00_logk-0.300000.png,equivalent_plastic_strain,6200,25,0.50118726,-0.299999977147204,1,8802126,860,0,1922,generated
880,dabashenliu_run_880\particle_positions_150000.csv,noise_3pct\c6200_phi25.00_logk-0.300000.png,equivalent_plastic_strain,6200,25,0.50118726,-0.299999977147204,3,8802326,860,0,1922,generated
880,dabashenliu_run_880\particle_positions_150000.csv,noise_5pct\c6200_phi25.00_logk-0.300000.png,equivalent_plastic_strain,6200,25,0.50118726,-0.299999977147204,5,8802526,860,0,1922,generated
881,dabashenliu_run_881\particle_positions_150000.csv,noise_0pct\c6200_phi26.00_logk-2.300000.png,equivalent_plastic_strain,6200,26,0.0050118724,-2.29999999447783,0,8812026,860,0,0,generated
881,dabashenliu_run_881\particle_positions_150000.csv,noise_1pct\c6200_phi26.00_logk-2.300000.png,equivalent_plastic_strain,6200,26,0.0050118724,-2.29999999447783,1,8812126,860,0,0,generated
881,dabashenliu_run_881\particle_positions_150000.csv,noise_3pct\c6200_phi26.00_logk-2.300000.png,equivalent_plastic_strain,6200,26,0.0050118724,-2.29999999447783,3,8812326,860,0,0,generated
881,dabashenliu_run_881\particle_positions_150000.csv,noise_5pct\c6200_phi26.00_logk-2.300000.png,equivalent_plastic_strain,6200,26,0.0050118724,-2.29999999447783,5,8812526,860,0,0,generated
882,dabashenliu_run_882\particle_positions_150000.csv,noise_0pct\c6200_phi26.00_logk-2.077778.png,equivalent_plastic_strain,6200,26,0.0083603095,-2.07777764461193,0,8822026,860,0,0,generated
882,dabashenliu_run_882\particle_positions_150000.csv,noise_1pct\c6200_phi26.00_logk-2.077778.png,equivalent_plastic_strain,6200,26,0.0083603095,-2.07777764461193,1,8822126,860,0,0,generated
882,dabashenliu_run_882\particle_positions_150000.csv,noise_3pct\c6200_phi26.00_logk-2.077778.png,equivalent_plastic_strain,6200,26,0.0083603095,-2.07777764461193,3,8822326,860,0,0,generated
882,dabashenliu_run_882\particle_positions_150000.csv,noise_5pct\c6200_phi26.00_logk-2.077778.png,equivalent_plastic_strain,6200,26,0.0083603095,-2.07777764461193,5,8822526,860,0,0,generated
883,dabashenliu_run_883\particle_positions_150000.csv,noise_0pct\c6200_phi26.00_logk-1.855556.png,equivalent_plastic_strain,6200,26,0.013945831,-1.85555560201739,0,8832026,860,0,0,generated
883,dabashenliu_run_883\particle_positions_150000.csv,noise_1pct\c6200_phi26.00_logk-1.855556.png,equivalent_plastic_strain,6200,26,0.013945831,-1.85555560201739,1,8832126,860,0,0,generated
883,dabashenliu_run_883\particle_positions_150000.csv,noise_3pct\c6200_phi26.00_logk-1.855556.png,equivalent_plastic_strain,6200,26,0.013945831,-1.85555560201739,3,8832326,860,0,0,generated
883,dabashenliu_run_883\particle_positions_150000.csv,noise_5pct\c6200_phi26.00_logk-1.855556.png,equivalent_plastic_strain,6200,26,0.013945831,-1.85555560201739,5,8832526,860,0,0,generated
884,dabashenliu_run_884\particle_positions_150000.csv,noise_0pct\c6200_phi26.00_logk-1.633333.png,equivalent_plastic_strain,6200,26,0.023263052,-1.63333330853244,0,8842026,860,0,0,generated
884,dabashenliu_run_884\particle_positions_150000.csv,noise_1pct\c6200_phi26.00_logk-1.633333.png,equivalent_plastic_strain,6200,26,0.023263052,-1.63333330853244,1,8842126,860,0,0,generated
884,dabashenliu_run_884\particle_positions_150000.csv,noise_3pct\c6200_phi26.00_logk-1.633333.png,equivalent_plastic_strain,6200,26,0.023263052,-1.63333330853244,3,8842326,860,0,0,generated
884,dabashenliu_run_884\particle_positions_150000.csv,noise_5pct\c6200_phi26.00_logk-1.633333.png,equivalent_plastic_strain,6200,26,0.023263052,-1.63333330853244,5,8842526,860,0,0,generated
885,dabashenliu_run_885\particle_positions_150000.csv,noise_0pct\c6200_phi26.00_logk-1.411111.png,equivalent_plastic_strain,6200,26,0.038805105,-1.41111113709934,0,8852026,860,0,0,generated
885,dabashenliu_run_885\particle_positions_150000.csv,noise_1pct\c6200_phi26.00_logk-1.411111.png,equivalent_plastic_strain,6200,26,0.038805105,-1.41111113709934,1,8852126,860,0,0,generated
885,dabashenliu_run_885\particle_positions_150000.csv,noise_3pct\c6200_phi26.00_logk-1.411111.png,equivalent_plastic_strain,6200,26,0.038805105,-1.41111113709934,3,8852326,860,0,0,generated
885,dabashenliu_run_885\particle_positions_150000.csv,noise_5pct\c6200_phi26.00_logk-1.411111.png,equivalent_plastic_strain,6200,26,0.038805105,-1.41111113709934,5,8852526,860,0,0,generated
886,dabashenliu_run_886\particle_positions_150000.csv,noise_0pct\c6200_phi26.00_logk-1.188889.png,equivalent_plastic_strain,6200,26,0.06473083,-1.18888882427963,0,8862026,860,0,0,generated
886,dabashenliu_run_886\particle_positions_150000.csv,noise_1pct\c6200_phi26.00_logk-1.188889.png,equivalent_plastic_strain,6200,26,0.06473083,-1.18888882427963,1,8862126,860,0,0,generated
886,dabashenliu_run_886\particle_positions_150000.csv,noise_3pct\c6200_phi26.00_logk-1.188889.png,equivalent_plastic_strain,6200,26,0.06473083,-1.18888882427963,3,8862326,860,0,0,generated
886,dabashenliu_run_886\particle_positions_150000.csv,noise_5pct\c6200_phi26.00_logk-1.188889.png,equivalent_plastic_strain,6200,26,0.06473083,-1.18888882427963,5,8862526,860,0,0,generated
887,dabashenliu_run_887\particle_positions_150000.csv,noise_0pct\c6200_phi26.00_logk-0.966667.png,equivalent_plastic_strain,6200,26,0.10797753,-0.966666611293739,0,8872026,860,0,0,generated
887,dabashenliu_run_887\particle_positions_150000.csv,noise_1pct\c6200_phi26.00_logk-0.966667.png,equivalent_plastic_strain,6200,26,0.10797753,-0.966666611293739,1,8872126,860,0,0,generated
887,dabashenliu_run_887\particle_positions_150000.csv,noise_3pct\c6200_phi26.00_logk-0.966667.png,equivalent_plastic_strain,6200,26,0.10797753,-0.966666611293739,3,8872326,860,0,0,generated
887,dabashenliu_run_887\particle_positions_150000.csv,noise_5pct\c6200_phi26.00_logk-0.966667.png,equivalent_plastic_strain,6200,26,0.10797753,-0.966666611293739,5,8872526,860,0,0,generated
888,dabashenliu_run_888\particle_positions_150000.csv,noise_0pct\c6200_phi26.00_logk-0.744444.png,equivalent_plastic_strain,6200,26,0.18011737,-0.744444403052799,0,8882026,860,0,0,generated
888,dabashenliu_run_888\particle_positions_150000.csv,noise_1pct\c6200_phi26.00_logk-0.744444.png,equivalent_plastic_strain,6200,26,0.18011737,-0.744444403052799,1,8882126,860,0,0,generated
888,dabashenliu_run_888\particle_positions_150000.csv,noise_3pct\c6200_phi26.00_logk-0.744444.png,equivalent_plastic_strain,6200,26,0.18011737,-0.744444403052799,3,8882326,860,0,0,generated
888,dabashenliu_run_888\particle_positions_150000.csv,noise_5pct\c6200_phi26.00_logk-0.744444.png,equivalent_plastic_strain,6200,26,0.18011737,-0.744444403052799,5,8882526,860,0,0,generated
889,dabashenliu_run_889\particle_positions_150000.csv,noise_0pct\c6200_phi26.00_logk-0.522222.png,equivalent_plastic_strain,6200,26,0.30045387,-0.522222197678965,0,8892026,860,0,571,generated
889,dabashenliu_run_889\particle_positions_150000.csv,noise_1pct\c6200_phi26.00_logk-0.522222.png,equivalent_plastic_strain,6200,26,0.30045387,-0.522222197678965,1,8892126,860,0,571,generated
889,dabashenliu_run_889\particle_positions_150000.csv,noise_3pct\c6200_phi26.00_logk-0.522222.png,equivalent_plastic_strain,6200,26,0.30045387,-0.522222197678965,3,8892326,860,0,571,generated
889,dabashenliu_run_889\particle_positions_150000.csv,noise_5pct\c6200_phi26.00_logk-0.522222.png,equivalent_plastic_strain,6200,26,0.30045387,-0.522222197678965,5,8892526,860,0,571,generated
890,dabashenliu_run_890\particle_positions_150000.csv,noise_0pct\c6200_phi26.00_logk-0.300000.png,equivalent_plastic_strain,6200,26,0.50118726,-0.299999977147204,0,8902026,860,0,1481,generated
890,dabashenliu_run_890\particle_positions_150000.csv,noise_1pct\c6200_phi26.00_logk-0.300000.png,equivalent_plastic_strain,6200,26,0.50118726,-0.299999977147204,1,8902126,860,0,1481,generated
890,dabashenliu_run_890\particle_positions_150000.csv,noise_3pct\c6200_phi26.00_logk-0.300000.png,equivalent_plastic_strain,6200,26,0.50118726,-0.299999977147204,3,8902326,860,0,1481,generated
890,dabashenliu_run_890\particle_positions_150000.csv,noise_5pct\c6200_phi26.00_logk-0.300000.png,equivalent_plastic_strain,6200,26,0.50118726,-0.299999977147204,5,8902526,860,0,1481,generated
891,dabashenliu_run_891\particle_positions_150000.csv,noise_0pct\c6200_phi27.00_logk-2.300000.png,equivalent_plastic_strain,6200,27,0.0050118724,-2.29999999447783,0,8912026,860,0,0,generated
891,dabashenliu_run_891\particle_positions_150000.csv,noise_1pct\c6200_phi27.00_logk-2.300000.png,equivalent_plastic_strain,6200,27,0.0050118724,-2.29999999447783,1,8912126,860,0,0,generated
891,dabashenliu_run_891\particle_positions_150000.csv,noise_3pct\c6200_phi27.00_logk-2.300000.png,equivalent_plastic_strain,6200,27,0.0050118724,-2.29999999447783,3,8912326,860,0,0,generated
891,dabashenliu_run_891\particle_positions_150000.csv,noise_5pct\c6200_phi27.00_logk-2.300000.png,equivalent_plastic_strain,6200,27,0.0050118724,-2.29999999447783,5,8912526,860,0,0,generated
892,dabashenliu_run_892\particle_positions_150000.csv,noise_0pct\c6200_phi27.00_logk-2.077778.png,equivalent_plastic_strain,6200,27,0.0083603095,-2.07777764461193,0,8922026,860,0,0,generated
892,dabashenliu_run_892\particle_positions_150000.csv,noise_1pct\c6200_phi27.00_logk-2.077778.png,equivalent_plastic_strain,6200,27,0.0083603095,-2.07777764461193,1,8922126,860,0,0,generated
892,dabashenliu_run_892\particle_positions_150000.csv,noise_3pct\c6200_phi27.00_logk-2.077778.png,equivalent_plastic_strain,6200,27,0.0083603095,-2.07777764461193,3,8922326,860,0,0,generated
892,dabashenliu_run_892\particle_positions_150000.csv,noise_5pct\c6200_phi27.00_logk-2.077778.png,equivalent_plastic_strain,6200,27,0.0083603095,-2.07777764461193,5,8922526,860,0,0,generated
893,dabashenliu_run_893\particle_positions_150000.csv,noise_0pct\c6200_phi27.00_logk-1.855556.png,equivalent_plastic_strain,6200,27,0.013945831,-1.85555560201739,0,8932026,860,0,0,generated
893,dabashenliu_run_893\particle_positions_150000.csv,noise_1pct\c6200_phi27.00_logk-1.855556.png,equivalent_plastic_strain,6200,27,0.013945831,-1.85555560201739,1,8932126,860,0,0,generated
893,dabashenliu_run_893\particle_positions_150000.csv,noise_3pct\c6200_phi27.00_logk-1.855556.png,equivalent_plastic_strain,6200,27,0.013945831,-1.85555560201739,3,8932326,860,0,0,generated
893,dabashenliu_run_893\particle_positions_150000.csv,noise_5pct\c6200_phi27.00_logk-1.855556.png,equivalent_plastic_strain,6200,27,0.013945831,-1.85555560201739,5,8932526,860,0,0,generated
894,dabashenliu_run_894\particle_positions_150000.csv,noise_0pct\c6200_phi27.00_logk-1.633333.png,equivalent_plastic_strain,6200,27,0.023263052,-1.63333330853244,0,8942026,860,0,0,generated
894,dabashenliu_run_894\particle_positions_150000.csv,noise_1pct\c6200_phi27.00_logk-1.633333.png,equivalent_plastic_strain,6200,27,0.023263052,-1.63333330853244,1,8942126,860,0,0,generated
894,dabashenliu_run_894\particle_positions_150000.csv,noise_3pct\c6200_phi27.00_logk-1.633333.png,equivalent_plastic_strain,6200,27,0.023263052,-1.63333330853244,3,8942326,860,0,0,generated
894,dabashenliu_run_894\particle_positions_150000.csv,noise_5pct\c6200_phi27.00_logk-1.633333.png,equivalent_plastic_strain,6200,27,0.023263052,-1.63333330853244,5,8942526,860,0,0,generated
895,dabashenliu_run_895\particle_positions_150000.csv,noise_0pct\c6200_phi27.00_logk-1.411111.png,equivalent_plastic_strain,6200,27,0.038805105,-1.41111113709934,0,8952026,860,0,0,generated
895,dabashenliu_run_895\particle_positions_150000.csv,noise_1pct\c6200_phi27.00_logk-1.411111.png,equivalent_plastic_strain,6200,27,0.038805105,-1.41111113709934,1,8952126,860,0,0,generated
895,dabashenliu_run_895\particle_positions_150000.csv,noise_3pct\c6200_phi27.00_logk-1.411111.png,equivalent_plastic_strain,6200,27,0.038805105,-1.41111113709934,3,8952326,860,0,0,generated
895,dabashenliu_run_895\particle_positions_150000.csv,noise_5pct\c6200_phi27.00_logk-1.411111.png,equivalent_plastic_strain,6200,27,0.038805105,-1.41111113709934,5,8952526,860,0,0,generated
896,dabashenliu_run_896\particle_positions_150000.csv,noise_0pct\c6200_phi27.00_logk-1.188889.png,equivalent_plastic_strain,6200,27,0.06473083,-1.18888882427963,0,8962026,860,0,0,generated
896,dabashenliu_run_896\particle_positions_150000.csv,noise_1pct\c6200_phi27.00_logk-1.188889.png,equivalent_plastic_strain,6200,27,0.06473083,-1.18888882427963,1,8962126,860,0,0,generated
896,dabashenliu_run_896\particle_positions_150000.csv,noise_3pct\c6200_phi27.00_logk-1.188889.png,equivalent_plastic_strain,6200,27,0.06473083,-1.18888882427963,3,8962326,860,0,0,generated
896,dabashenliu_run_896\particle_positions_150000.csv,noise_5pct\c6200_phi27.00_logk-1.188889.png,equivalent_plastic_strain,6200,27,0.06473083,-1.18888882427963,5,8962526,860,0,0,generated
897,dabashenliu_run_897\particle_positions_150000.csv,noise_0pct\c6200_phi27.00_logk-0.966667.png,equivalent_plastic_strain,6200,27,0.10797753,-0.966666611293739,0,8972026,860,0,0,generated
897,dabashenliu_run_897\particle_positions_150000.csv,noise_1pct\c6200_phi27.00_logk-0.966667.png,equivalent_plastic_strain,6200,27,0.10797753,-0.966666611293739,1,8972126,860,0,0,generated
897,dabashenliu_run_897\particle_positions_150000.csv,noise_3pct\c6200_phi27.00_logk-0.966667.png,equivalent_plastic_strain,6200,27,0.10797753,-0.966666611293739,3,8972326,860,0,0,generated
897,dabashenliu_run_897\particle_positions_150000.csv,noise_5pct\c6200_phi27.00_logk-0.966667.png,equivalent_plastic_strain,6200,27,0.10797753,-0.966666611293739,5,8972526,860,0,0,generated
898,dabashenliu_run_898\particle_positions_150000.csv,noise_0pct\c6200_phi27.00_logk-0.744444.png,equivalent_plastic_strain,6200,27,0.18011737,-0.744444403052799,0,8982026,860,0,0,generated
898,dabashenliu_run_898\particle_positions_150000.csv,noise_1pct\c6200_phi27.00_logk-0.744444.png,equivalent_plastic_strain,6200,27,0.18011737,-0.744444403052799,1,8982126,860,0,0,generated
898,dabashenliu_run_898\particle_positions_150000.csv,noise_3pct\c6200_phi27.00_logk-0.744444.png,equivalent_plastic_strain,6200,27,0.18011737,-0.744444403052799,3,8982326,860,0,0,generated
898,dabashenliu_run_898\particle_positions_150000.csv,noise_5pct\c6200_phi27.00_logk-0.744444.png,equivalent_plastic_strain,6200,27,0.18011737,-0.744444403052799,5,8982526,860,0,0,generated
899,dabashenliu_run_899\particle_positions_150000.csv,noise_0pct\c6200_phi27.00_logk-0.522222.png,equivalent_plastic_strain,6200,27,0.30045387,-0.522222197678965,0,8992026,860,0,366,generated
899,dabashenliu_run_899\particle_positions_150000.csv,noise_1pct\c6200_phi27.00_logk-0.522222.png,equivalent_plastic_strain,6200,27,0.30045387,-0.522222197678965,1,8992126,860,0,366,generated
899,dabashenliu_run_899\particle_positions_150000.csv,noise_3pct\c6200_phi27.00_logk-0.522222.png,equivalent_plastic_strain,6200,27,0.30045387,-0.522222197678965,3,8992326,860,0,366,generated
899,dabashenliu_run_899\particle_positions_150000.csv,noise_5pct\c6200_phi27.00_logk-0.522222.png,equivalent_plastic_strain,6200,27,0.30045387,-0.522222197678965,5,8992526,860,0,366,generated
900,dabashenliu_run_900\particle_positions_150000.csv,noise_0pct\c6200_phi27.00_logk-0.300000.png,equivalent_plastic_strain,6200,27,0.50118726,-0.299999977147204,0,9002026,860,0,1036,generated
900,dabashenliu_run_900\particle_positions_150000.csv,noise_1pct\c6200_phi27.00_logk-0.300000.png,equivalent_plastic_strain,6200,27,0.50118726,-0.299999977147204,1,9002126,860,0,1036,generated
900,dabashenliu_run_900\particle_positions_150000.csv,noise_3pct\c6200_phi27.00_logk-0.300000.png,equivalent_plastic_strain,6200,27,0.50118726,-0.299999977147204,3,9002326,860,0,1036,generated
900,dabashenliu_run_900\particle_positions_150000.csv,noise_5pct\c6200_phi27.00_logk-0.300000.png,equivalent_plastic_strain,6200,27,0.50118726,-0.299999977147204,5,9002526,860,0,1036,generated
901,dabashenliu_run_901\particle_positions_150000.csv,noise_0pct\c6600_phi18.00_logk-2.300000.png,equivalent_plastic_strain,6600,18,0.0050118724,-2.29999999447783,0,9012026,860,0,0,generated
901,dabashenliu_run_901\particle_positions_150000.csv,noise_1pct\c6600_phi18.00_logk-2.300000.png,equivalent_plastic_strain,6600,18,0.0050118724,-2.29999999447783,1,9012126,860,0,0,generated
901,dabashenliu_run_901\particle_positions_150000.csv,noise_3pct\c6600_phi18.00_logk-2.300000.png,equivalent_plastic_strain,6600,18,0.0050118724,-2.29999999447783,3,9012326,860,0,0,generated
901,dabashenliu_run_901\particle_positions_150000.csv,noise_5pct\c6600_phi18.00_logk-2.300000.png,equivalent_plastic_strain,6600,18,0.0050118724,-2.29999999447783,5,9012526,860,0,0,generated
902,dabashenliu_run_902\particle_positions_150000.csv,noise_0pct\c6600_phi18.00_logk-2.077778.png,equivalent_plastic_strain,6600,18,0.0083603095,-2.07777764461193,0,9022026,860,0,0,generated
902,dabashenliu_run_902\particle_positions_150000.csv,noise_1pct\c6600_phi18.00_logk-2.077778.png,equivalent_plastic_strain,6600,18,0.0083603095,-2.07777764461193,1,9022126,860,0,0,generated
902,dabashenliu_run_902\particle_positions_150000.csv,noise_3pct\c6600_phi18.00_logk-2.077778.png,equivalent_plastic_strain,6600,18,0.0083603095,-2.07777764461193,3,9022326,860,0,0,generated
902,dabashenliu_run_902\particle_positions_150000.csv,noise_5pct\c6600_phi18.00_logk-2.077778.png,equivalent_plastic_strain,6600,18,0.0083603095,-2.07777764461193,5,9022526,860,0,0,generated
903,dabashenliu_run_903\particle_positions_150000.csv,noise_0pct\c6600_phi18.00_logk-1.855556.png,equivalent_plastic_strain,6600,18,0.013945831,-1.85555560201739,0,9032026,860,0,0,generated
903,dabashenliu_run_903\particle_positions_150000.csv,noise_1pct\c6600_phi18.00_logk-1.855556.png,equivalent_plastic_strain,6600,18,0.013945831,-1.85555560201739,1,9032126,860,0,0,generated
903,dabashenliu_run_903\particle_positions_150000.csv,noise_3pct\c6600_phi18.00_logk-1.855556.png,equivalent_plastic_strain,6600,18,0.013945831,-1.85555560201739,3,9032326,860,0,0,generated
903,dabashenliu_run_903\particle_positions_150000.csv,noise_5pct\c6600_phi18.00_logk-1.855556.png,equivalent_plastic_strain,6600,18,0.013945831,-1.85555560201739,5,9032526,860,0,0,generated
904,dabashenliu_run_904\particle_positions_150000.csv,noise_0pct\c6600_phi18.00_logk-1.633333.png,equivalent_plastic_strain,6600,18,0.023263052,-1.63333330853244,0,9042026,860,0,0,generated
904,dabashenliu_run_904\particle_positions_150000.csv,noise_1pct\c6600_phi18.00_logk-1.633333.png,equivalent_plastic_strain,6600,18,0.023263052,-1.63333330853244,1,9042126,860,0,0,generated
904,dabashenliu_run_904\particle_positions_150000.csv,noise_3pct\c6600_phi18.00_logk-1.633333.png,equivalent_plastic_strain,6600,18,0.023263052,-1.63333330853244,3,9042326,860,0,0,generated
904,dabashenliu_run_904\particle_positions_150000.csv,noise_5pct\c6600_phi18.00_logk-1.633333.png,equivalent_plastic_strain,6600,18,0.023263052,-1.63333330853244,5,9042526,860,0,0,generated
905,dabashenliu_run_905\particle_positions_150000.csv,noise_0pct\c6600_phi18.00_logk-1.411111.png,equivalent_plastic_strain,6600,18,0.038805105,-1.41111113709934,0,9052026,860,0,0,generated
905,dabashenliu_run_905\particle_positions_150000.csv,noise_1pct\c6600_phi18.00_logk-1.411111.png,equivalent_plastic_strain,6600,18,0.038805105,-1.41111113709934,1,9052126,860,0,0,generated
905,dabashenliu_run_905\particle_positions_150000.csv,noise_3pct\c6600_phi18.00_logk-1.411111.png,equivalent_plastic_strain,6600,18,0.038805105,-1.41111113709934,3,9052326,860,0,0,generated
905,dabashenliu_run_905\particle_positions_150000.csv,noise_5pct\c6600_phi18.00_logk-1.411111.png,equivalent_plastic_strain,6600,18,0.038805105,-1.41111113709934,5,9052526,860,0,0,generated
906,dabashenliu_run_906\particle_positions_150000.csv,noise_0pct\c6600_phi18.00_logk-1.188889.png,equivalent_plastic_strain,6600,18,0.06473083,-1.18888882427963,0,9062026,860,0,0,generated
906,dabashenliu_run_906\particle_positions_150000.csv,noise_1pct\c6600_phi18.00_logk-1.188889.png,equivalent_plastic_strain,6600,18,0.06473083,-1.18888882427963,1,9062126,860,0,0,generated
906,dabashenliu_run_906\particle_positions_150000.csv,noise_3pct\c6600_phi18.00_logk-1.188889.png,equivalent_plastic_strain,6600,18,0.06473083,-1.18888882427963,3,9062326,860,0,0,generated
906,dabashenliu_run_906\particle_positions_150000.csv,noise_5pct\c6600_phi18.00_logk-1.188889.png,equivalent_plastic_strain,6600,18,0.06473083,-1.18888882427963,5,9062526,860,0,0,generated
907,dabashenliu_run_907\particle_positions_150000.csv,noise_0pct\c6600_phi18.00_logk-0.966667.png,equivalent_plastic_strain,6600,18,0.10797753,-0.966666611293739,0,9072026,860,0,0,generated
907,dabashenliu_run_907\particle_positions_150000.csv,noise_1pct\c6600_phi18.00_logk-0.966667.png,equivalent_plastic_strain,6600,18,0.10797753,-0.966666611293739,1,9072126,860,0,0,generated
907,dabashenliu_run_907\particle_positions_150000.csv,noise_3pct\c6600_phi18.00_logk-0.966667.png,equivalent_plastic_strain,6600,18,0.10797753,-0.966666611293739,3,9072326,860,0,0,generated
907,dabashenliu_run_907\particle_positions_150000.csv,noise_5pct\c6600_phi18.00_logk-0.966667.png,equivalent_plastic_strain,6600,18,0.10797753,-0.966666611293739,5,9072526,860,0,0,generated
908,dabashenliu_run_908\particle_positions_150000.csv,noise_0pct\c6600_phi18.00_logk-0.744444.png,equivalent_plastic_strain,6600,18,0.18011737,-0.744444403052799,0,9082026,860,0,1228,generated
908,dabashenliu_run_908\particle_positions_150000.csv,noise_1pct\c6600_phi18.00_logk-0.744444.png,equivalent_plastic_strain,6600,18,0.18011737,-0.744444403052799,1,9082126,860,0,1228,generated
908,dabashenliu_run_908\particle_positions_150000.csv,noise_3pct\c6600_phi18.00_logk-0.744444.png,equivalent_plastic_strain,6600,18,0.18011737,-0.744444403052799,3,9082326,860,0,1228,generated
908,dabashenliu_run_908\particle_positions_150000.csv,noise_5pct\c6600_phi18.00_logk-0.744444.png,equivalent_plastic_strain,6600,18,0.18011737,-0.744444403052799,5,9082526,860,0,1228,generated
909,dabashenliu_run_909\particle_positions_150000.csv,noise_0pct\c6600_phi18.00_logk-0.522222.png,equivalent_plastic_strain,6600,18,0.30045387,-0.522222197678965,0,9092026,860,0,5466,generated
909,dabashenliu_run_909\particle_positions_150000.csv,noise_1pct\c6600_phi18.00_logk-0.522222.png,equivalent_plastic_strain,6600,18,0.30045387,-0.522222197678965,1,9092126,860,0,5466,generated
909,dabashenliu_run_909\particle_positions_150000.csv,noise_3pct\c6600_phi18.00_logk-0.522222.png,equivalent_plastic_strain,6600,18,0.30045387,-0.522222197678965,3,9092326,860,0,5466,generated
909,dabashenliu_run_909\particle_positions_150000.csv,noise_5pct\c6600_phi18.00_logk-0.522222.png,equivalent_plastic_strain,6600,18,0.30045387,-0.522222197678965,5,9092526,860,0,5466,generated
910,dabashenliu_run_910\particle_positions_150000.csv,noise_0pct\c6600_phi18.00_logk-0.300000.png,equivalent_plastic_strain,6600,18,0.50118726,-0.299999977147204,0,9102026,860,0,7808,generated
910,dabashenliu_run_910\particle_positions_150000.csv,noise_1pct\c6600_phi18.00_logk-0.300000.png,equivalent_plastic_strain,6600,18,0.50118726,-0.299999977147204,1,9102126,860,0,7808,generated
910,dabashenliu_run_910\particle_positions_150000.csv,noise_3pct\c6600_phi18.00_logk-0.300000.png,equivalent_plastic_strain,6600,18,0.50118726,-0.299999977147204,3,9102326,860,0,7808,generated
910,dabashenliu_run_910\particle_positions_150000.csv,noise_5pct\c6600_phi18.00_logk-0.300000.png,equivalent_plastic_strain,6600,18,0.50118726,-0.299999977147204,5,9102526,860,0,7808,generated
911,dabashenliu_run_911\particle_positions_150000.csv,noise_0pct\c6600_phi19.00_logk-2.300000.png,equivalent_plastic_strain,6600,19,0.0050118724,-2.29999999447783,0,9112026,860,0,0,generated
911,dabashenliu_run_911\particle_positions_150000.csv,noise_1pct\c6600_phi19.00_logk-2.300000.png,equivalent_plastic_strain,6600,19,0.0050118724,-2.29999999447783,1,9112126,860,0,0,generated
911,dabashenliu_run_911\particle_positions_150000.csv,noise_3pct\c6600_phi19.00_logk-2.300000.png,equivalent_plastic_strain,6600,19,0.0050118724,-2.29999999447783,3,9112326,860,0,0,generated
911,dabashenliu_run_911\particle_positions_150000.csv,noise_5pct\c6600_phi19.00_logk-2.300000.png,equivalent_plastic_strain,6600,19,0.0050118724,-2.29999999447783,5,9112526,860,0,0,generated
912,dabashenliu_run_912\particle_positions_150000.csv,noise_0pct\c6600_phi19.00_logk-2.077778.png,equivalent_plastic_strain,6600,19,0.0083603095,-2.07777764461193,0,9122026,860,0,0,generated
912,dabashenliu_run_912\particle_positions_150000.csv,noise_1pct\c6600_phi19.00_logk-2.077778.png,equivalent_plastic_strain,6600,19,0.0083603095,-2.07777764461193,1,9122126,860,0,0,generated
912,dabashenliu_run_912\particle_positions_150000.csv,noise_3pct\c6600_phi19.00_logk-2.077778.png,equivalent_plastic_strain,6600,19,0.0083603095,-2.07777764461193,3,9122326,860,0,0,generated
912,dabashenliu_run_912\particle_positions_150000.csv,noise_5pct\c6600_phi19.00_logk-2.077778.png,equivalent_plastic_strain,6600,19,0.0083603095,-2.07777764461193,5,9122526,860,0,0,generated
913,dabashenliu_run_913\particle_positions_150000.csv,noise_0pct\c6600_phi19.00_logk-1.855556.png,equivalent_plastic_strain,6600,19,0.013945831,-1.85555560201739,0,9132026,860,0,0,generated
913,dabashenliu_run_913\particle_positions_150000.csv,noise_1pct\c6600_phi19.00_logk-1.855556.png,equivalent_plastic_strain,6600,19,0.013945831,-1.85555560201739,1,9132126,860,0,0,generated
913,dabashenliu_run_913\particle_positions_150000.csv,noise_3pct\c6600_phi19.00_logk-1.855556.png,equivalent_plastic_strain,6600,19,0.013945831,-1.85555560201739,3,9132326,860,0,0,generated
913,dabashenliu_run_913\particle_positions_150000.csv,noise_5pct\c6600_phi19.00_logk-1.855556.png,equivalent_plastic_strain,6600,19,0.013945831,-1.85555560201739,5,9132526,860,0,0,generated
914,dabashenliu_run_914\particle_positions_150000.csv,noise_0pct\c6600_phi19.00_logk-1.633333.png,equivalent_plastic_strain,6600,19,0.023263052,-1.63333330853244,0,9142026,860,0,0,generated
914,dabashenliu_run_914\particle_positions_150000.csv,noise_1pct\c6600_phi19.00_logk-1.633333.png,equivalent_plastic_strain,6600,19,0.023263052,-1.63333330853244,1,9142126,860,0,0,generated
914,dabashenliu_run_914\particle_positions_150000.csv,noise_3pct\c6600_phi19.00_logk-1.633333.png,equivalent_plastic_strain,6600,19,0.023263052,-1.63333330853244,3,9142326,860,0,0,generated
914,dabashenliu_run_914\particle_positions_150000.csv,noise_5pct\c6600_phi19.00_logk-1.633333.png,equivalent_plastic_strain,6600,19,0.023263052,-1.63333330853244,5,9142526,860,0,0,generated
915,dabashenliu_run_915\particle_positions_150000.csv,noise_0pct\c6600_phi19.00_logk-1.411111.png,equivalent_plastic_strain,6600,19,0.038805105,-1.41111113709934,0,9152026,860,0,0,generated
915,dabashenliu_run_915\particle_positions_150000.csv,noise_1pct\c6600_phi19.00_logk-1.411111.png,equivalent_plastic_strain,6600,19,0.038805105,-1.41111113709934,1,9152126,860,0,0,generated
915,dabashenliu_run_915\particle_positions_150000.csv,noise_3pct\c6600_phi19.00_logk-1.411111.png,equivalent_plastic_strain,6600,19,0.038805105,-1.41111113709934,3,9152326,860,0,0,generated
915,dabashenliu_run_915\particle_positions_150000.csv,noise_5pct\c6600_phi19.00_logk-1.411111.png,equivalent_plastic_strain,6600,19,0.038805105,-1.41111113709934,5,9152526,860,0,0,generated
916,dabashenliu_run_916\particle_positions_150000.csv,noise_0pct\c6600_phi19.00_logk-1.188889.png,equivalent_plastic_strain,6600,19,0.06473083,-1.18888882427963,0,9162026,860,0,0,generated
916,dabashenliu_run_916\particle_positions_150000.csv,noise_1pct\c6600_phi19.00_logk-1.188889.png,equivalent_plastic_strain,6600,19,0.06473083,-1.18888882427963,1,9162126,860,0,0,generated
916,dabashenliu_run_916\particle_positions_150000.csv,noise_3pct\c6600_phi19.00_logk-1.188889.png,equivalent_plastic_strain,6600,19,0.06473083,-1.18888882427963,3,9162326,860,0,0,generated
916,dabashenliu_run_916\particle_positions_150000.csv,noise_5pct\c6600_phi19.00_logk-1.188889.png,equivalent_plastic_strain,6600,19,0.06473083,-1.18888882427963,5,9162526,860,0,0,generated
917,dabashenliu_run_917\particle_positions_150000.csv,noise_0pct\c6600_phi19.00_logk-0.966667.png,equivalent_plastic_strain,6600,19,0.10797753,-0.966666611293739,0,9172026,860,0,0,generated
917,dabashenliu_run_917\particle_positions_150000.csv,noise_1pct\c6600_phi19.00_logk-0.966667.png,equivalent_plastic_strain,6600,19,0.10797753,-0.966666611293739,1,9172126,860,0,0,generated
917,dabashenliu_run_917\particle_positions_150000.csv,noise_3pct\c6600_phi19.00_logk-0.966667.png,equivalent_plastic_strain,6600,19,0.10797753,-0.966666611293739,3,9172326,860,0,0,generated
917,dabashenliu_run_917\particle_positions_150000.csv,noise_5pct\c6600_phi19.00_logk-0.966667.png,equivalent_plastic_strain,6600,19,0.10797753,-0.966666611293739,5,9172526,860,0,0,generated
918,dabashenliu_run_918\particle_positions_150000.csv,noise_0pct\c6600_phi19.00_logk-0.744444.png,equivalent_plastic_strain,6600,19,0.18011737,-0.744444403052799,0,9182026,860,0,642,generated
918,dabashenliu_run_918\particle_positions_150000.csv,noise_1pct\c6600_phi19.00_logk-0.744444.png,equivalent_plastic_strain,6600,19,0.18011737,-0.744444403052799,1,9182126,860,0,642,generated
918,dabashenliu_run_918\particle_positions_150000.csv,noise_3pct\c6600_phi19.00_logk-0.744444.png,equivalent_plastic_strain,6600,19,0.18011737,-0.744444403052799,3,9182326,860,0,642,generated
918,dabashenliu_run_918\particle_positions_150000.csv,noise_5pct\c6600_phi19.00_logk-0.744444.png,equivalent_plastic_strain,6600,19,0.18011737,-0.744444403052799,5,9182526,860,0,642,generated
919,dabashenliu_run_919\particle_positions_150000.csv,noise_0pct\c6600_phi19.00_logk-0.522222.png,equivalent_plastic_strain,6600,19,0.30045387,-0.522222197678965,0,9192026,860,0,2996,generated
919,dabashenliu_run_919\particle_positions_150000.csv,noise_1pct\c6600_phi19.00_logk-0.522222.png,equivalent_plastic_strain,6600,19,0.30045387,-0.522222197678965,1,9192126,860,0,2996,generated
919,dabashenliu_run_919\particle_positions_150000.csv,noise_3pct\c6600_phi19.00_logk-0.522222.png,equivalent_plastic_strain,6600,19,0.30045387,-0.522222197678965,3,9192326,860,0,2996,generated
919,dabashenliu_run_919\particle_positions_150000.csv,noise_5pct\c6600_phi19.00_logk-0.522222.png,equivalent_plastic_strain,6600,19,0.30045387,-0.522222197678965,5,9192526,860,0,2996,generated
920,dabashenliu_run_920\particle_positions_150000.csv,noise_0pct\c6600_phi19.00_logk-0.300000.png,equivalent_plastic_strain,6600,19,0.50118726,-0.299999977147204,0,9202026,860,0,7296,generated
920,dabashenliu_run_920\particle_positions_150000.csv,noise_1pct\c6600_phi19.00_logk-0.300000.png,equivalent_plastic_strain,6600,19,0.50118726,-0.299999977147204,1,9202126,860,0,7296,generated
920,dabashenliu_run_920\particle_positions_150000.csv,noise_3pct\c6600_phi19.00_logk-0.300000.png,equivalent_plastic_strain,6600,19,0.50118726,-0.299999977147204,3,9202326,860,0,7296,generated
920,dabashenliu_run_920\particle_positions_150000.csv,noise_5pct\c6600_phi19.00_logk-0.300000.png,equivalent_plastic_strain,6600,19,0.50118726,-0.299999977147204,5,9202526,860,0,7296,generated
921,dabashenliu_run_921\particle_positions_150000.csv,noise_0pct\c6600_phi20.00_logk-2.300000.png,equivalent_plastic_strain,6600,20,0.0050118724,-2.29999999447783,0,9212026,860,0,0,generated
921,dabashenliu_run_921\particle_positions_150000.csv,noise_1pct\c6600_phi20.00_logk-2.300000.png,equivalent_plastic_strain,6600,20,0.0050118724,-2.29999999447783,1,9212126,860,0,0,generated
921,dabashenliu_run_921\particle_positions_150000.csv,noise_3pct\c6600_phi20.00_logk-2.300000.png,equivalent_plastic_strain,6600,20,0.0050118724,-2.29999999447783,3,9212326,860,0,0,generated
921,dabashenliu_run_921\particle_positions_150000.csv,noise_5pct\c6600_phi20.00_logk-2.300000.png,equivalent_plastic_strain,6600,20,0.0050118724,-2.29999999447783,5,9212526,860,0,0,generated
922,dabashenliu_run_922\particle_positions_150000.csv,noise_0pct\c6600_phi20.00_logk-2.077778.png,equivalent_plastic_strain,6600,20,0.0083603095,-2.07777764461193,0,9222026,860,0,0,generated
922,dabashenliu_run_922\particle_positions_150000.csv,noise_1pct\c6600_phi20.00_logk-2.077778.png,equivalent_plastic_strain,6600,20,0.0083603095,-2.07777764461193,1,9222126,860,0,0,generated
922,dabashenliu_run_922\particle_positions_150000.csv,noise_3pct\c6600_phi20.00_logk-2.077778.png,equivalent_plastic_strain,6600,20,0.0083603095,-2.07777764461193,3,9222326,860,0,0,generated
922,dabashenliu_run_922\particle_positions_150000.csv,noise_5pct\c6600_phi20.00_logk-2.077778.png,equivalent_plastic_strain,6600,20,0.0083603095,-2.07777764461193,5,9222526,860,0,0,generated
923,dabashenliu_run_923\particle_positions_150000.csv,noise_0pct\c6600_phi20.00_logk-1.855556.png,equivalent_plastic_strain,6600,20,0.013945831,-1.85555560201739,0,9232026,860,0,0,generated
923,dabashenliu_run_923\particle_positions_150000.csv,noise_1pct\c6600_phi20.00_logk-1.855556.png,equivalent_plastic_strain,6600,20,0.013945831,-1.85555560201739,1,9232126,860,0,0,generated
923,dabashenliu_run_923\particle_positions_150000.csv,noise_3pct\c6600_phi20.00_logk-1.855556.png,equivalent_plastic_strain,6600,20,0.013945831,-1.85555560201739,3,9232326,860,0,0,generated
923,dabashenliu_run_923\particle_positions_150000.csv,noise_5pct\c6600_phi20.00_logk-1.855556.png,equivalent_plastic_strain,6600,20,0.013945831,-1.85555560201739,5,9232526,860,0,0,generated
924,dabashenliu_run_924\particle_positions_150000.csv,noise_0pct\c6600_phi20.00_logk-1.633333.png,equivalent_plastic_strain,6600,20,0.023263052,-1.63333330853244,0,9242026,860,0,0,generated
924,dabashenliu_run_924\particle_positions_150000.csv,noise_1pct\c6600_phi20.00_logk-1.633333.png,equivalent_plastic_strain,6600,20,0.023263052,-1.63333330853244,1,9242126,860,0,0,generated
924,dabashenliu_run_924\particle_positions_150000.csv,noise_3pct\c6600_phi20.00_logk-1.633333.png,equivalent_plastic_strain,6600,20,0.023263052,-1.63333330853244,3,9242326,860,0,0,generated
924,dabashenliu_run_924\particle_positions_150000.csv,noise_5pct\c6600_phi20.00_logk-1.633333.png,equivalent_plastic_strain,6600,20,0.023263052,-1.63333330853244,5,9242526,860,0,0,generated
925,dabashenliu_run_925\particle_positions_150000.csv,noise_0pct\c6600_phi20.00_logk-1.411111.png,equivalent_plastic_strain,6600,20,0.038805105,-1.41111113709934,0,9252026,860,0,0,generated
925,dabashenliu_run_925\particle_positions_150000.csv,noise_1pct\c6600_phi20.00_logk-1.411111.png,equivalent_plastic_strain,6600,20,0.038805105,-1.41111113709934,1,9252126,860,0,0,generated
925,dabashenliu_run_925\particle_positions_150000.csv,noise_3pct\c6600_phi20.00_logk-1.411111.png,equivalent_plastic_strain,6600,20,0.038805105,-1.41111113709934,3,9252326,860,0,0,generated
925,dabashenliu_run_925\particle_positions_150000.csv,noise_5pct\c6600_phi20.00_logk-1.411111.png,equivalent_plastic_strain,6600,20,0.038805105,-1.41111113709934,5,9252526,860,0,0,generated
926,dabashenliu_run_926\particle_positions_150000.csv,noise_0pct\c6600_phi20.00_logk-1.188889.png,equivalent_plastic_strain,6600,20,0.06473083,-1.18888882427963,0,9262026,860,0,0,generated
926,dabashenliu_run_926\particle_positions_150000.csv,noise_1pct\c6600_phi20.00_logk-1.188889.png,equivalent_plastic_strain,6600,20,0.06473083,-1.18888882427963,1,9262126,860,0,0,generated
926,dabashenliu_run_926\particle_positions_150000.csv,noise_3pct\c6600_phi20.00_logk-1.188889.png,equivalent_plastic_strain,6600,20,0.06473083,-1.18888882427963,3,9262326,860,0,0,generated
926,dabashenliu_run_926\particle_positions_150000.csv,noise_5pct\c6600_phi20.00_logk-1.188889.png,equivalent_plastic_strain,6600,20,0.06473083,-1.18888882427963,5,9262526,860,0,0,generated
927,dabashenliu_run_927\particle_positions_150000.csv,noise_0pct\c6600_phi20.00_logk-0.966667.png,equivalent_plastic_strain,6600,20,0.10797753,-0.966666611293739,0,9272026,860,0,0,generated
927,dabashenliu_run_927\particle_positions_150000.csv,noise_1pct\c6600_phi20.00_logk-0.966667.png,equivalent_plastic_strain,6600,20,0.10797753,-0.966666611293739,1,9272126,860,0,0,generated
927,dabashenliu_run_927\particle_positions_150000.csv,noise_3pct\c6600_phi20.00_logk-0.966667.png,equivalent_plastic_strain,6600,20,0.10797753,-0.966666611293739,3,9272326,860,0,0,generated
927,dabashenliu_run_927\particle_positions_150000.csv,noise_5pct\c6600_phi20.00_logk-0.966667.png,equivalent_plastic_strain,6600,20,0.10797753,-0.966666611293739,5,9272526,860,0,0,generated
928,dabashenliu_run_928\particle_positions_150000.csv,noise_0pct\c6600_phi20.00_logk-0.744444.png,equivalent_plastic_strain,6600,20,0.18011737,-0.744444403052799,0,9282026,860,0,133,generated
928,dabashenliu_run_928\particle_positions_150000.csv,noise_1pct\c6600_phi20.00_logk-0.744444.png,equivalent_plastic_strain,6600,20,0.18011737,-0.744444403052799,1,9282126,860,0,133,generated
928,dabashenliu_run_928\particle_positions_150000.csv,noise_3pct\c6600_phi20.00_logk-0.744444.png,equivalent_plastic_strain,6600,20,0.18011737,-0.744444403052799,3,9282326,860,0,133,generated
928,dabashenliu_run_928\particle_positions_150000.csv,noise_5pct\c6600_phi20.00_logk-0.744444.png,equivalent_plastic_strain,6600,20,0.18011737,-0.744444403052799,5,9282526,860,0,133,generated
929,dabashenliu_run_929\particle_positions_150000.csv,noise_0pct\c6600_phi20.00_logk-0.522222.png,equivalent_plastic_strain,6600,20,0.30045387,-0.522222197678965,0,9292026,860,0,2023,generated
929,dabashenliu_run_929\particle_positions_150000.csv,noise_1pct\c6600_phi20.00_logk-0.522222.png,equivalent_plastic_strain,6600,20,0.30045387,-0.522222197678965,1,9292126,860,0,2023,generated
929,dabashenliu_run_929\particle_positions_150000.csv,noise_3pct\c6600_phi20.00_logk-0.522222.png,equivalent_plastic_strain,6600,20,0.30045387,-0.522222197678965,3,9292326,860,0,2023,generated
929,dabashenliu_run_929\particle_positions_150000.csv,noise_5pct\c6600_phi20.00_logk-0.522222.png,equivalent_plastic_strain,6600,20,0.30045387,-0.522222197678965,5,9292526,860,0,2023,generated
930,dabashenliu_run_930\particle_positions_150000.csv,noise_0pct\c6600_phi20.00_logk-0.300000.png,equivalent_plastic_strain,6600,20,0.50118726,-0.299999977147204,0,9302026,860,0,4633,generated
930,dabashenliu_run_930\particle_positions_150000.csv,noise_1pct\c6600_phi20.00_logk-0.300000.png,equivalent_plastic_strain,6600,20,0.50118726,-0.299999977147204,1,9302126,860,0,4633,generated
930,dabashenliu_run_930\particle_positions_150000.csv,noise_3pct\c6600_phi20.00_logk-0.300000.png,equivalent_plastic_strain,6600,20,0.50118726,-0.299999977147204,3,9302326,860,0,4633,generated
930,dabashenliu_run_930\particle_positions_150000.csv,noise_5pct\c6600_phi20.00_logk-0.300000.png,equivalent_plastic_strain,6600,20,0.50118726,-0.299999977147204,5,9302526,860,0,4633,generated
931,dabashenliu_run_931\particle_positions_150000.csv,noise_0pct\c6600_phi21.00_logk-2.300000.png,equivalent_plastic_strain,6600,21,0.0050118724,-2.29999999447783,0,9312026,860,0,0,generated
931,dabashenliu_run_931\particle_positions_150000.csv,noise_1pct\c6600_phi21.00_logk-2.300000.png,equivalent_plastic_strain,6600,21,0.0050118724,-2.29999999447783,1,9312126,860,0,0,generated
931,dabashenliu_run_931\particle_positions_150000.csv,noise_3pct\c6600_phi21.00_logk-2.300000.png,equivalent_plastic_strain,6600,21,0.0050118724,-2.29999999447783,3,9312326,860,0,0,generated
931,dabashenliu_run_931\particle_positions_150000.csv,noise_5pct\c6600_phi21.00_logk-2.300000.png,equivalent_plastic_strain,6600,21,0.0050118724,-2.29999999447783,5,9312526,860,0,0,generated
932,dabashenliu_run_932\particle_positions_150000.csv,noise_0pct\c6600_phi21.00_logk-2.077778.png,equivalent_plastic_strain,6600,21,0.0083603095,-2.07777764461193,0,9322026,860,0,0,generated
932,dabashenliu_run_932\particle_positions_150000.csv,noise_1pct\c6600_phi21.00_logk-2.077778.png,equivalent_plastic_strain,6600,21,0.0083603095,-2.07777764461193,1,9322126,860,0,0,generated
932,dabashenliu_run_932\particle_positions_150000.csv,noise_3pct\c6600_phi21.00_logk-2.077778.png,equivalent_plastic_strain,6600,21,0.0083603095,-2.07777764461193,3,9322326,860,0,0,generated
932,dabashenliu_run_932\particle_positions_150000.csv,noise_5pct\c6600_phi21.00_logk-2.077778.png,equivalent_plastic_strain,6600,21,0.0083603095,-2.07777764461193,5,9322526,860,0,0,generated
933,dabashenliu_run_933\particle_positions_150000.csv,noise_0pct\c6600_phi21.00_logk-1.855556.png,equivalent_plastic_strain,6600,21,0.013945831,-1.85555560201739,0,9332026,860,0,0,generated
933,dabashenliu_run_933\particle_positions_150000.csv,noise_1pct\c6600_phi21.00_logk-1.855556.png,equivalent_plastic_strain,6600,21,0.013945831,-1.85555560201739,1,9332126,860,0,0,generated
933,dabashenliu_run_933\particle_positions_150000.csv,noise_3pct\c6600_phi21.00_logk-1.855556.png,equivalent_plastic_strain,6600,21,0.013945831,-1.85555560201739,3,9332326,860,0,0,generated
933,dabashenliu_run_933\particle_positions_150000.csv,noise_5pct\c6600_phi21.00_logk-1.855556.png,equivalent_plastic_strain,6600,21,0.013945831,-1.85555560201739,5,9332526,860,0,0,generated
934,dabashenliu_run_934\particle_positions_150000.csv,noise_0pct\c6600_phi21.00_logk-1.633333.png,equivalent_plastic_strain,6600,21,0.023263052,-1.63333330853244,0,9342026,860,0,0,generated
934,dabashenliu_run_934\particle_positions_150000.csv,noise_1pct\c6600_phi21.00_logk-1.633333.png,equivalent_plastic_strain,6600,21,0.023263052,-1.63333330853244,1,9342126,860,0,0,generated
934,dabashenliu_run_934\particle_positions_150000.csv,noise_3pct\c6600_phi21.00_logk-1.633333.png,equivalent_plastic_strain,6600,21,0.023263052,-1.63333330853244,3,9342326,860,0,0,generated
934,dabashenliu_run_934\particle_positions_150000.csv,noise_5pct\c6600_phi21.00_logk-1.633333.png,equivalent_plastic_strain,6600,21,0.023263052,-1.63333330853244,5,9342526,860,0,0,generated
935,dabashenliu_run_935\particle_positions_150000.csv,noise_0pct\c6600_phi21.00_logk-1.411111.png,equivalent_plastic_strain,6600,21,0.038805105,-1.41111113709934,0,9352026,860,0,0,generated
935,dabashenliu_run_935\particle_positions_150000.csv,noise_1pct\c6600_phi21.00_logk-1.411111.png,equivalent_plastic_strain,6600,21,0.038805105,-1.41111113709934,1,9352126,860,0,0,generated
935,dabashenliu_run_935\particle_positions_150000.csv,noise_3pct\c6600_phi21.00_logk-1.411111.png,equivalent_plastic_strain,6600,21,0.038805105,-1.41111113709934,3,9352326,860,0,0,generated
935,dabashenliu_run_935\particle_positions_150000.csv,noise_5pct\c6600_phi21.00_logk-1.411111.png,equivalent_plastic_strain,6600,21,0.038805105,-1.41111113709934,5,9352526,860,0,0,generated
936,dabashenliu_run_936\particle_positions_150000.csv,noise_0pct\c6600_phi21.00_logk-1.188889.png,equivalent_plastic_strain,6600,21,0.06473083,-1.18888882427963,0,9362026,860,0,0,generated
936,dabashenliu_run_936\particle_positions_150000.csv,noise_1pct\c6600_phi21.00_logk-1.188889.png,equivalent_plastic_strain,6600,21,0.06473083,-1.18888882427963,1,9362126,860,0,0,generated
936,dabashenliu_run_936\particle_positions_150000.csv,noise_3pct\c6600_phi21.00_logk-1.188889.png,equivalent_plastic_strain,6600,21,0.06473083,-1.18888882427963,3,9362326,860,0,0,generated
936,dabashenliu_run_936\particle_positions_150000.csv,noise_5pct\c6600_phi21.00_logk-1.188889.png,equivalent_plastic_strain,6600,21,0.06473083,-1.18888882427963,5,9362526,860,0,0,generated
937,dabashenliu_run_937\particle_positions_150000.csv,noise_0pct\c6600_phi21.00_logk-0.966667.png,equivalent_plastic_strain,6600,21,0.10797753,-0.966666611293739,0,9372026,860,0,0,generated
937,dabashenliu_run_937\particle_positions_150000.csv,noise_1pct\c6600_phi21.00_logk-0.966667.png,equivalent_plastic_strain,6600,21,0.10797753,-0.966666611293739,1,9372126,860,0,0,generated
937,dabashenliu_run_937\particle_positions_150000.csv,noise_3pct\c6600_phi21.00_logk-0.966667.png,equivalent_plastic_strain,6600,21,0.10797753,-0.966666611293739,3,9372326,860,0,0,generated
937,dabashenliu_run_937\particle_positions_150000.csv,noise_5pct\c6600_phi21.00_logk-0.966667.png,equivalent_plastic_strain,6600,21,0.10797753,-0.966666611293739,5,9372526,860,0,0,generated
938,dabashenliu_run_938\particle_positions_150000.csv,noise_0pct\c6600_phi21.00_logk-0.744444.png,equivalent_plastic_strain,6600,21,0.18011737,-0.744444403052799,0,9382026,860,0,55,generated
938,dabashenliu_run_938\particle_positions_150000.csv,noise_1pct\c6600_phi21.00_logk-0.744444.png,equivalent_plastic_strain,6600,21,0.18011737,-0.744444403052799,1,9382126,860,0,55,generated
938,dabashenliu_run_938\particle_positions_150000.csv,noise_3pct\c6600_phi21.00_logk-0.744444.png,equivalent_plastic_strain,6600,21,0.18011737,-0.744444403052799,3,9382326,860,0,55,generated
938,dabashenliu_run_938\particle_positions_150000.csv,noise_5pct\c6600_phi21.00_logk-0.744444.png,equivalent_plastic_strain,6600,21,0.18011737,-0.744444403052799,5,9382526,860,0,55,generated
939,dabashenliu_run_939\particle_positions_150000.csv,noise_0pct\c6600_phi21.00_logk-0.522222.png,equivalent_plastic_strain,6600,21,0.30045387,-0.522222197678965,0,9392026,860,0,1918,generated
939,dabashenliu_run_939\particle_positions_150000.csv,noise_1pct\c6600_phi21.00_logk-0.522222.png,equivalent_plastic_strain,6600,21,0.30045387,-0.522222197678965,1,9392126,860,0,1918,generated
939,dabashenliu_run_939\particle_positions_150000.csv,noise_3pct\c6600_phi21.00_logk-0.522222.png,equivalent_plastic_strain,6600,21,0.30045387,-0.522222197678965,3,9392326,860,0,1918,generated
939,dabashenliu_run_939\particle_positions_150000.csv,noise_5pct\c6600_phi21.00_logk-0.522222.png,equivalent_plastic_strain,6600,21,0.30045387,-0.522222197678965,5,9392526,860,0,1918,generated
940,dabashenliu_run_940\particle_positions_150000.csv,noise_0pct\c6600_phi21.00_logk-0.300000.png,equivalent_plastic_strain,6600,21,0.50118726,-0.299999977147204,0,9402026,860,0,2980,generated
940,dabashenliu_run_940\particle_positions_150000.csv,noise_1pct\c6600_phi21.00_logk-0.300000.png,equivalent_plastic_strain,6600,21,0.50118726,-0.299999977147204,1,9402126,860,0,2980,generated
940,dabashenliu_run_940\particle_positions_150000.csv,noise_3pct\c6600_phi21.00_logk-0.300000.png,equivalent_plastic_strain,6600,21,0.50118726,-0.299999977147204,3,9402326,860,0,2980,generated
940,dabashenliu_run_940\particle_positions_150000.csv,noise_5pct\c6600_phi21.00_logk-0.300000.png,equivalent_plastic_strain,6600,21,0.50118726,-0.299999977147204,5,9402526,860,0,2980,generated
941,dabashenliu_run_941\particle_positions_150000.csv,noise_0pct\c6600_phi22.00_logk-2.300000.png,equivalent_plastic_strain,6600,22,0.0050118724,-2.29999999447783,0,9412026,860,0,0,generated
941,dabashenliu_run_941\particle_positions_150000.csv,noise_1pct\c6600_phi22.00_logk-2.300000.png,equivalent_plastic_strain,6600,22,0.0050118724,-2.29999999447783,1,9412126,860,0,0,generated
941,dabashenliu_run_941\particle_positions_150000.csv,noise_3pct\c6600_phi22.00_logk-2.300000.png,equivalent_plastic_strain,6600,22,0.0050118724,-2.29999999447783,3,9412326,860,0,0,generated
941,dabashenliu_run_941\particle_positions_150000.csv,noise_5pct\c6600_phi22.00_logk-2.300000.png,equivalent_plastic_strain,6600,22,0.0050118724,-2.29999999447783,5,9412526,860,0,0,generated
942,dabashenliu_run_942\particle_positions_150000.csv,noise_0pct\c6600_phi22.00_logk-2.077778.png,equivalent_plastic_strain,6600,22,0.0083603095,-2.07777764461193,0,9422026,860,0,0,generated
942,dabashenliu_run_942\particle_positions_150000.csv,noise_1pct\c6600_phi22.00_logk-2.077778.png,equivalent_plastic_strain,6600,22,0.0083603095,-2.07777764461193,1,9422126,860,0,0,generated
942,dabashenliu_run_942\particle_positions_150000.csv,noise_3pct\c6600_phi22.00_logk-2.077778.png,equivalent_plastic_strain,6600,22,0.0083603095,-2.07777764461193,3,9422326,860,0,0,generated
942,dabashenliu_run_942\particle_positions_150000.csv,noise_5pct\c6600_phi22.00_logk-2.077778.png,equivalent_plastic_strain,6600,22,0.0083603095,-2.07777764461193,5,9422526,860,0,0,generated
943,dabashenliu_run_943\particle_positions_150000.csv,noise_0pct\c6600_phi22.00_logk-1.855556.png,equivalent_plastic_strain,6600,22,0.013945831,-1.85555560201739,0,9432026,860,0,0,generated
943,dabashenliu_run_943\particle_positions_150000.csv,noise_1pct\c6600_phi22.00_logk-1.855556.png,equivalent_plastic_strain,6600,22,0.013945831,-1.85555560201739,1,9432126,860,0,0,generated
943,dabashenliu_run_943\particle_positions_150000.csv,noise_3pct\c6600_phi22.00_logk-1.855556.png,equivalent_plastic_strain,6600,22,0.013945831,-1.85555560201739,3,9432326,860,0,0,generated
943,dabashenliu_run_943\particle_positions_150000.csv,noise_5pct\c6600_phi22.00_logk-1.855556.png,equivalent_plastic_strain,6600,22,0.013945831,-1.85555560201739,5,9432526,860,0,0,generated
944,dabashenliu_run_944\particle_positions_150000.csv,noise_0pct\c6600_phi22.00_logk-1.633333.png,equivalent_plastic_strain,6600,22,0.023263052,-1.63333330853244,0,9442026,860,0,0,generated
944,dabashenliu_run_944\particle_positions_150000.csv,noise_1pct\c6600_phi22.00_logk-1.633333.png,equivalent_plastic_strain,6600,22,0.023263052,-1.63333330853244,1,9442126,860,0,0,generated
944,dabashenliu_run_944\particle_positions_150000.csv,noise_3pct\c6600_phi22.00_logk-1.633333.png,equivalent_plastic_strain,6600,22,0.023263052,-1.63333330853244,3,9442326,860,0,0,generated
944,dabashenliu_run_944\particle_positions_150000.csv,noise_5pct\c6600_phi22.00_logk-1.633333.png,equivalent_plastic_strain,6600,22,0.023263052,-1.63333330853244,5,9442526,860,0,0,generated
945,dabashenliu_run_945\particle_positions_150000.csv,noise_0pct\c6600_phi22.00_logk-1.411111.png,equivalent_plastic_strain,6600,22,0.038805105,-1.41111113709934,0,9452026,860,0,0,generated
945,dabashenliu_run_945\particle_positions_150000.csv,noise_1pct\c6600_phi22.00_logk-1.411111.png,equivalent_plastic_strain,6600,22,0.038805105,-1.41111113709934,1,9452126,860,0,0,generated
945,dabashenliu_run_945\particle_positions_150000.csv,noise_3pct\c6600_phi22.00_logk-1.411111.png,equivalent_plastic_strain,6600,22,0.038805105,-1.41111113709934,3,9452326,860,0,0,generated
945,dabashenliu_run_945\particle_positions_150000.csv,noise_5pct\c6600_phi22.00_logk-1.411111.png,equivalent_plastic_strain,6600,22,0.038805105,-1.41111113709934,5,9452526,860,0,0,generated
946,dabashenliu_run_946\particle_positions_150000.csv,noise_0pct\c6600_phi22.00_logk-1.188889.png,equivalent_plastic_strain,6600,22,0.06473083,-1.18888882427963,0,9462026,860,0,0,generated
946,dabashenliu_run_946\particle_positions_150000.csv,noise_1pct\c6600_phi22.00_logk-1.188889.png,equivalent_plastic_strain,6600,22,0.06473083,-1.18888882427963,1,9462126,860,0,0,generated
946,dabashenliu_run_946\particle_positions_150000.csv,noise_3pct\c6600_phi22.00_logk-1.188889.png,equivalent_plastic_strain,6600,22,0.06473083,-1.18888882427963,3,9462326,860,0,0,generated
946,dabashenliu_run_946\particle_positions_150000.csv,noise_5pct\c6600_phi22.00_logk-1.188889.png,equivalent_plastic_strain,6600,22,0.06473083,-1.18888882427963,5,9462526,860,0,0,generated
947,dabashenliu_run_947\particle_positions_150000.csv,noise_0pct\c6600_phi22.00_logk-0.966667.png,equivalent_plastic_strain,6600,22,0.10797753,-0.966666611293739,0,9472026,860,0,0,generated
947,dabashenliu_run_947\particle_positions_150000.csv,noise_1pct\c6600_phi22.00_logk-0.966667.png,equivalent_plastic_strain,6600,22,0.10797753,-0.966666611293739,1,9472126,860,0,0,generated
947,dabashenliu_run_947\particle_positions_150000.csv,noise_3pct\c6600_phi22.00_logk-0.966667.png,equivalent_plastic_strain,6600,22,0.10797753,-0.966666611293739,3,9472326,860,0,0,generated
947,dabashenliu_run_947\particle_positions_150000.csv,noise_5pct\c6600_phi22.00_logk-0.966667.png,equivalent_plastic_strain,6600,22,0.10797753,-0.966666611293739,5,9472526,860,0,0,generated
948,dabashenliu_run_948\particle_positions_150000.csv,noise_0pct\c6600_phi22.00_logk-0.744444.png,equivalent_plastic_strain,6600,22,0.18011737,-0.744444403052799,0,9482026,860,0,0,generated
948,dabashenliu_run_948\particle_positions_150000.csv,noise_1pct\c6600_phi22.00_logk-0.744444.png,equivalent_plastic_strain,6600,22,0.18011737,-0.744444403052799,1,9482126,860,0,0,generated
948,dabashenliu_run_948\particle_positions_150000.csv,noise_3pct\c6600_phi22.00_logk-0.744444.png,equivalent_plastic_strain,6600,22,0.18011737,-0.744444403052799,3,9482326,860,0,0,generated
948,dabashenliu_run_948\particle_positions_150000.csv,noise_5pct\c6600_phi22.00_logk-0.744444.png,equivalent_plastic_strain,6600,22,0.18011737,-0.744444403052799,5,9482526,860,0,0,generated
949,dabashenliu_run_949\particle_positions_150000.csv,noise_0pct\c6600_phi22.00_logk-0.522222.png,equivalent_plastic_strain,6600,22,0.30045387,-0.522222197678965,0,9492026,860,0,1360,generated
949,dabashenliu_run_949\particle_positions_150000.csv,noise_1pct\c6600_phi22.00_logk-0.522222.png,equivalent_plastic_strain,6600,22,0.30045387,-0.522222197678965,1,9492126,860,0,1360,generated
949,dabashenliu_run_949\particle_positions_150000.csv,noise_3pct\c6600_phi22.00_logk-0.522222.png,equivalent_plastic_strain,6600,22,0.30045387,-0.522222197678965,3,9492326,860,0,1360,generated
949,dabashenliu_run_949\particle_positions_150000.csv,noise_5pct\c6600_phi22.00_logk-0.522222.png,equivalent_plastic_strain,6600,22,0.30045387,-0.522222197678965,5,9492526,860,0,1360,generated
950,dabashenliu_run_950\particle_positions_150000.csv,noise_0pct\c6600_phi22.00_logk-0.300000.png,equivalent_plastic_strain,6600,22,0.50118726,-0.299999977147204,0,9502026,860,0,2251,generated
950,dabashenliu_run_950\particle_positions_150000.csv,noise_1pct\c6600_phi22.00_logk-0.300000.png,equivalent_plastic_strain,6600,22,0.50118726,-0.299999977147204,1,9502126,860,0,2251,generated
950,dabashenliu_run_950\particle_positions_150000.csv,noise_3pct\c6600_phi22.00_logk-0.300000.png,equivalent_plastic_strain,6600,22,0.50118726,-0.299999977147204,3,9502326,860,0,2251,generated
950,dabashenliu_run_950\particle_positions_150000.csv,noise_5pct\c6600_phi22.00_logk-0.300000.png,equivalent_plastic_strain,6600,22,0.50118726,-0.299999977147204,5,9502526,860,0,2251,generated
951,dabashenliu_run_951\particle_positions_150000.csv,noise_0pct\c6600_phi23.00_logk-2.300000.png,equivalent_plastic_strain,6600,23,0.0050118724,-2.29999999447783,0,9512026,860,0,0,generated
951,dabashenliu_run_951\particle_positions_150000.csv,noise_1pct\c6600_phi23.00_logk-2.300000.png,equivalent_plastic_strain,6600,23,0.0050118724,-2.29999999447783,1,9512126,860,0,0,generated
951,dabashenliu_run_951\particle_positions_150000.csv,noise_3pct\c6600_phi23.00_logk-2.300000.png,equivalent_plastic_strain,6600,23,0.0050118724,-2.29999999447783,3,9512326,860,0,0,generated
951,dabashenliu_run_951\particle_positions_150000.csv,noise_5pct\c6600_phi23.00_logk-2.300000.png,equivalent_plastic_strain,6600,23,0.0050118724,-2.29999999447783,5,9512526,860,0,0,generated
952,dabashenliu_run_952\particle_positions_150000.csv,noise_0pct\c6600_phi23.00_logk-2.077778.png,equivalent_plastic_strain,6600,23,0.0083603095,-2.07777764461193,0,9522026,860,0,0,generated
952,dabashenliu_run_952\particle_positions_150000.csv,noise_1pct\c6600_phi23.00_logk-2.077778.png,equivalent_plastic_strain,6600,23,0.0083603095,-2.07777764461193,1,9522126,860,0,0,generated
952,dabashenliu_run_952\particle_positions_150000.csv,noise_3pct\c6600_phi23.00_logk-2.077778.png,equivalent_plastic_strain,6600,23,0.0083603095,-2.07777764461193,3,9522326,860,0,0,generated
952,dabashenliu_run_952\particle_positions_150000.csv,noise_5pct\c6600_phi23.00_logk-2.077778.png,equivalent_plastic_strain,6600,23,0.0083603095,-2.07777764461193,5,9522526,860,0,0,generated
953,dabashenliu_run_953\particle_positions_150000.csv,noise_0pct\c6600_phi23.00_logk-1.855556.png,equivalent_plastic_strain,6600,23,0.013945831,-1.85555560201739,0,9532026,860,0,0,generated
953,dabashenliu_run_953\particle_positions_150000.csv,noise_1pct\c6600_phi23.00_logk-1.855556.png,equivalent_plastic_strain,6600,23,0.013945831,-1.85555560201739,1,9532126,860,0,0,generated
953,dabashenliu_run_953\particle_positions_150000.csv,noise_3pct\c6600_phi23.00_logk-1.855556.png,equivalent_plastic_strain,6600,23,0.013945831,-1.85555560201739,3,9532326,860,0,0,generated
953,dabashenliu_run_953\particle_positions_150000.csv,noise_5pct\c6600_phi23.00_logk-1.855556.png,equivalent_plastic_strain,6600,23,0.013945831,-1.85555560201739,5,9532526,860,0,0,generated
954,dabashenliu_run_954\particle_positions_150000.csv,noise_0pct\c6600_phi23.00_logk-1.633333.png,equivalent_plastic_strain,6600,23,0.023263052,-1.63333330853244,0,9542026,860,0,0,generated
954,dabashenliu_run_954\particle_positions_150000.csv,noise_1pct\c6600_phi23.00_logk-1.633333.png,equivalent_plastic_strain,6600,23,0.023263052,-1.63333330853244,1,9542126,860,0,0,generated
954,dabashenliu_run_954\particle_positions_150000.csv,noise_3pct\c6600_phi23.00_logk-1.633333.png,equivalent_plastic_strain,6600,23,0.023263052,-1.63333330853244,3,9542326,860,0,0,generated
954,dabashenliu_run_954\particle_positions_150000.csv,noise_5pct\c6600_phi23.00_logk-1.633333.png,equivalent_plastic_strain,6600,23,0.023263052,-1.63333330853244,5,9542526,860,0,0,generated
955,dabashenliu_run_955\particle_positions_150000.csv,noise_0pct\c6600_phi23.00_logk-1.411111.png,equivalent_plastic_strain,6600,23,0.038805105,-1.41111113709934,0,9552026,860,0,0,generated
955,dabashenliu_run_955\particle_positions_150000.csv,noise_1pct\c6600_phi23.00_logk-1.411111.png,equivalent_plastic_strain,6600,23,0.038805105,-1.41111113709934,1,9552126,860,0,0,generated
955,dabashenliu_run_955\particle_positions_150000.csv,noise_3pct\c6600_phi23.00_logk-1.411111.png,equivalent_plastic_strain,6600,23,0.038805105,-1.41111113709934,3,9552326,860,0,0,generated
955,dabashenliu_run_955\particle_positions_150000.csv,noise_5pct\c6600_phi23.00_logk-1.411111.png,equivalent_plastic_strain,6600,23,0.038805105,-1.41111113709934,5,9552526,860,0,0,generated
956,dabashenliu_run_956\particle_positions_150000.csv,noise_0pct\c6600_phi23.00_logk-1.188889.png,equivalent_plastic_strain,6600,23,0.06473083,-1.18888882427963,0,9562026,860,0,0,generated
956,dabashenliu_run_956\particle_positions_150000.csv,noise_1pct\c6600_phi23.00_logk-1.188889.png,equivalent_plastic_strain,6600,23,0.06473083,-1.18888882427963,1,9562126,860,0,0,generated
956,dabashenliu_run_956\particle_positions_150000.csv,noise_3pct\c6600_phi23.00_logk-1.188889.png,equivalent_plastic_strain,6600,23,0.06473083,-1.18888882427963,3,9562326,860,0,0,generated
956,dabashenliu_run_956\particle_positions_150000.csv,noise_5pct\c6600_phi23.00_logk-1.188889.png,equivalent_plastic_strain,6600,23,0.06473083,-1.18888882427963,5,9562526,860,0,0,generated
957,dabashenliu_run_957\particle_positions_150000.csv,noise_0pct\c6600_phi23.00_logk-0.966667.png,equivalent_plastic_strain,6600,23,0.10797753,-0.966666611293739,0,9572026,860,0,0,generated
957,dabashenliu_run_957\particle_positions_150000.csv,noise_1pct\c6600_phi23.00_logk-0.966667.png,equivalent_plastic_strain,6600,23,0.10797753,-0.966666611293739,1,9572126,860,0,0,generated
957,dabashenliu_run_957\particle_positions_150000.csv,noise_3pct\c6600_phi23.00_logk-0.966667.png,equivalent_plastic_strain,6600,23,0.10797753,-0.966666611293739,3,9572326,860,0,0,generated
957,dabashenliu_run_957\particle_positions_150000.csv,noise_5pct\c6600_phi23.00_logk-0.966667.png,equivalent_plastic_strain,6600,23,0.10797753,-0.966666611293739,5,9572526,860,0,0,generated
958,dabashenliu_run_958\particle_positions_150000.csv,noise_0pct\c6600_phi23.00_logk-0.744444.png,equivalent_plastic_strain,6600,23,0.18011737,-0.744444403052799,0,9582026,860,0,0,generated
958,dabashenliu_run_958\particle_positions_150000.csv,noise_1pct\c6600_phi23.00_logk-0.744444.png,equivalent_plastic_strain,6600,23,0.18011737,-0.744444403052799,1,9582126,860,0,0,generated
958,dabashenliu_run_958\particle_positions_150000.csv,noise_3pct\c6600_phi23.00_logk-0.744444.png,equivalent_plastic_strain,6600,23,0.18011737,-0.744444403052799,3,9582326,860,0,0,generated
958,dabashenliu_run_958\particle_positions_150000.csv,noise_5pct\c6600_phi23.00_logk-0.744444.png,equivalent_plastic_strain,6600,23,0.18011737,-0.744444403052799,5,9582526,860,0,0,generated
959,dabashenliu_run_959\particle_positions_150000.csv,noise_0pct\c6600_phi23.00_logk-0.522222.png,equivalent_plastic_strain,6600,23,0.30045387,-0.522222197678965,0,9592026,860,0,1078,generated
959,dabashenliu_run_959\particle_positions_150000.csv,noise_1pct\c6600_phi23.00_logk-0.522222.png,equivalent_plastic_strain,6600,23,0.30045387,-0.522222197678965,1,9592126,860,0,1078,generated
959,dabashenliu_run_959\particle_positions_150000.csv,noise_3pct\c6600_phi23.00_logk-0.522222.png,equivalent_plastic_strain,6600,23,0.30045387,-0.522222197678965,3,9592326,860,0,1078,generated
959,dabashenliu_run_959\particle_positions_150000.csv,noise_5pct\c6600_phi23.00_logk-0.522222.png,equivalent_plastic_strain,6600,23,0.30045387,-0.522222197678965,5,9592526,860,0,1078,generated
960,dabashenliu_run_960\particle_positions_150000.csv,noise_0pct\c6600_phi23.00_logk-0.300000.png,equivalent_plastic_strain,6600,23,0.50118726,-0.299999977147204,0,9602026,860,0,1948,generated
960,dabashenliu_run_960\particle_positions_150000.csv,noise_1pct\c6600_phi23.00_logk-0.300000.png,equivalent_plastic_strain,6600,23,0.50118726,-0.299999977147204,1,9602126,860,0,1948,generated
960,dabashenliu_run_960\particle_positions_150000.csv,noise_3pct\c6600_phi23.00_logk-0.300000.png,equivalent_plastic_strain,6600,23,0.50118726,-0.299999977147204,3,9602326,860,0,1948,generated
960,dabashenliu_run_960\particle_positions_150000.csv,noise_5pct\c6600_phi23.00_logk-0.300000.png,equivalent_plastic_strain,6600,23,0.50118726,-0.299999977147204,5,9602526,860,0,1948,generated
961,dabashenliu_run_961\particle_positions_150000.csv,noise_0pct\c6600_phi24.00_logk-2.300000.png,equivalent_plastic_strain,6600,24,0.0050118724,-2.29999999447783,0,9612026,860,0,0,generated
961,dabashenliu_run_961\particle_positions_150000.csv,noise_1pct\c6600_phi24.00_logk-2.300000.png,equivalent_plastic_strain,6600,24,0.0050118724,-2.29999999447783,1,9612126,860,0,0,generated
961,dabashenliu_run_961\particle_positions_150000.csv,noise_3pct\c6600_phi24.00_logk-2.300000.png,equivalent_plastic_strain,6600,24,0.0050118724,-2.29999999447783,3,9612326,860,0,0,generated
961,dabashenliu_run_961\particle_positions_150000.csv,noise_5pct\c6600_phi24.00_logk-2.300000.png,equivalent_plastic_strain,6600,24,0.0050118724,-2.29999999447783,5,9612526,860,0,0,generated
962,dabashenliu_run_962\particle_positions_150000.csv,noise_0pct\c6600_phi24.00_logk-2.077778.png,equivalent_plastic_strain,6600,24,0.0083603095,-2.07777764461193,0,9622026,860,0,0,generated
962,dabashenliu_run_962\particle_positions_150000.csv,noise_1pct\c6600_phi24.00_logk-2.077778.png,equivalent_plastic_strain,6600,24,0.0083603095,-2.07777764461193,1,9622126,860,0,0,generated
962,dabashenliu_run_962\particle_positions_150000.csv,noise_3pct\c6600_phi24.00_logk-2.077778.png,equivalent_plastic_strain,6600,24,0.0083603095,-2.07777764461193,3,9622326,860,0,0,generated
962,dabashenliu_run_962\particle_positions_150000.csv,noise_5pct\c6600_phi24.00_logk-2.077778.png,equivalent_plastic_strain,6600,24,0.0083603095,-2.07777764461193,5,9622526,860,0,0,generated
963,dabashenliu_run_963\particle_positions_150000.csv,noise_0pct\c6600_phi24.00_logk-1.855556.png,equivalent_plastic_strain,6600,24,0.013945831,-1.85555560201739,0,9632026,860,0,0,generated
963,dabashenliu_run_963\particle_positions_150000.csv,noise_1pct\c6600_phi24.00_logk-1.855556.png,equivalent_plastic_strain,6600,24,0.013945831,-1.85555560201739,1,9632126,860,0,0,generated
963,dabashenliu_run_963\particle_positions_150000.csv,noise_3pct\c6600_phi24.00_logk-1.855556.png,equivalent_plastic_strain,6600,24,0.013945831,-1.85555560201739,3,9632326,860,0,0,generated
963,dabashenliu_run_963\particle_positions_150000.csv,noise_5pct\c6600_phi24.00_logk-1.855556.png,equivalent_plastic_strain,6600,24,0.013945831,-1.85555560201739,5,9632526,860,0,0,generated
964,dabashenliu_run_964\particle_positions_150000.csv,noise_0pct\c6600_phi24.00_logk-1.633333.png,equivalent_plastic_strain,6600,24,0.023263052,-1.63333330853244,0,9642026,860,0,0,generated
964,dabashenliu_run_964\particle_positions_150000.csv,noise_1pct\c6600_phi24.00_logk-1.633333.png,equivalent_plastic_strain,6600,24,0.023263052,-1.63333330853244,1,9642126,860,0,0,generated
964,dabashenliu_run_964\particle_positions_150000.csv,noise_3pct\c6600_phi24.00_logk-1.633333.png,equivalent_plastic_strain,6600,24,0.023263052,-1.63333330853244,3,9642326,860,0,0,generated
964,dabashenliu_run_964\particle_positions_150000.csv,noise_5pct\c6600_phi24.00_logk-1.633333.png,equivalent_plastic_strain,6600,24,0.023263052,-1.63333330853244,5,9642526,860,0,0,generated
965,dabashenliu_run_965\particle_positions_150000.csv,noise_0pct\c6600_phi24.00_logk-1.411111.png,equivalent_plastic_strain,6600,24,0.038805105,-1.41111113709934,0,9652026,860,0,0,generated
965,dabashenliu_run_965\particle_positions_150000.csv,noise_1pct\c6600_phi24.00_logk-1.411111.png,equivalent_plastic_strain,6600,24,0.038805105,-1.41111113709934,1,9652126,860,0,0,generated
965,dabashenliu_run_965\particle_positions_150000.csv,noise_3pct\c6600_phi24.00_logk-1.411111.png,equivalent_plastic_strain,6600,24,0.038805105,-1.41111113709934,3,9652326,860,0,0,generated
965,dabashenliu_run_965\particle_positions_150000.csv,noise_5pct\c6600_phi24.00_logk-1.411111.png,equivalent_plastic_strain,6600,24,0.038805105,-1.41111113709934,5,9652526,860,0,0,generated
966,dabashenliu_run_966\particle_positions_150000.csv,noise_0pct\c6600_phi24.00_logk-1.188889.png,equivalent_plastic_strain,6600,24,0.06473083,-1.18888882427963,0,9662026,860,0,0,generated
966,dabashenliu_run_966\particle_positions_150000.csv,noise_1pct\c6600_phi24.00_logk-1.188889.png,equivalent_plastic_strain,6600,24,0.06473083,-1.18888882427963,1,9662126,860,0,0,generated
966,dabashenliu_run_966\particle_positions_150000.csv,noise_3pct\c6600_phi24.00_logk-1.188889.png,equivalent_plastic_strain,6600,24,0.06473083,-1.18888882427963,3,9662326,860,0,0,generated
966,dabashenliu_run_966\particle_positions_150000.csv,noise_5pct\c6600_phi24.00_logk-1.188889.png,equivalent_plastic_strain,6600,24,0.06473083,-1.18888882427963,5,9662526,860,0,0,generated
967,dabashenliu_run_967\particle_positions_150000.csv,noise_0pct\c6600_phi24.00_logk-0.966667.png,equivalent_plastic_strain,6600,24,0.10797753,-0.966666611293739,0,9672026,860,0,0,generated
967,dabashenliu_run_967\particle_positions_150000.csv,noise_1pct\c6600_phi24.00_logk-0.966667.png,equivalent_plastic_strain,6600,24,0.10797753,-0.966666611293739,1,9672126,860,0,0,generated
967,dabashenliu_run_967\particle_positions_150000.csv,noise_3pct\c6600_phi24.00_logk-0.966667.png,equivalent_plastic_strain,6600,24,0.10797753,-0.966666611293739,3,9672326,860,0,0,generated
967,dabashenliu_run_967\particle_positions_150000.csv,noise_5pct\c6600_phi24.00_logk-0.966667.png,equivalent_plastic_strain,6600,24,0.10797753,-0.966666611293739,5,9672526,860,0,0,generated
968,dabashenliu_run_968\particle_positions_150000.csv,noise_0pct\c6600_phi24.00_logk-0.744444.png,equivalent_plastic_strain,6600,24,0.18011737,-0.744444403052799,0,9682026,860,0,0,generated
968,dabashenliu_run_968\particle_positions_150000.csv,noise_1pct\c6600_phi24.00_logk-0.744444.png,equivalent_plastic_strain,6600,24,0.18011737,-0.744444403052799,1,9682126,860,0,0,generated
968,dabashenliu_run_968\particle_positions_150000.csv,noise_3pct\c6600_phi24.00_logk-0.744444.png,equivalent_plastic_strain,6600,24,0.18011737,-0.744444403052799,3,9682326,860,0,0,generated
968,dabashenliu_run_968\particle_positions_150000.csv,noise_5pct\c6600_phi24.00_logk-0.744444.png,equivalent_plastic_strain,6600,24,0.18011737,-0.744444403052799,5,9682526,860,0,0,generated
969,dabashenliu_run_969\particle_positions_150000.csv,noise_0pct\c6600_phi24.00_logk-0.522222.png,equivalent_plastic_strain,6600,24,0.30045387,-0.522222197678965,0,9692026,860,0,653,generated
969,dabashenliu_run_969\particle_positions_150000.csv,noise_1pct\c6600_phi24.00_logk-0.522222.png,equivalent_plastic_strain,6600,24,0.30045387,-0.522222197678965,1,9692126,860,0,653,generated
969,dabashenliu_run_969\particle_positions_150000.csv,noise_3pct\c6600_phi24.00_logk-0.522222.png,equivalent_plastic_strain,6600,24,0.30045387,-0.522222197678965,3,9692326,860,0,653,generated
969,dabashenliu_run_969\particle_positions_150000.csv,noise_5pct\c6600_phi24.00_logk-0.522222.png,equivalent_plastic_strain,6600,24,0.30045387,-0.522222197678965,5,9692526,860,0,653,generated
970,dabashenliu_run_970\particle_positions_150000.csv,noise_0pct\c6600_phi24.00_logk-0.300000.png,equivalent_plastic_strain,6600,24,0.50118726,-0.299999977147204,0,9702026,860,0,1473,generated
970,dabashenliu_run_970\particle_positions_150000.csv,noise_1pct\c6600_phi24.00_logk-0.300000.png,equivalent_plastic_strain,6600,24,0.50118726,-0.299999977147204,1,9702126,860,0,1473,generated
970,dabashenliu_run_970\particle_positions_150000.csv,noise_3pct\c6600_phi24.00_logk-0.300000.png,equivalent_plastic_strain,6600,24,0.50118726,-0.299999977147204,3,9702326,860,0,1473,generated
970,dabashenliu_run_970\particle_positions_150000.csv,noise_5pct\c6600_phi24.00_logk-0.300000.png,equivalent_plastic_strain,6600,24,0.50118726,-0.299999977147204,5,9702526,860,0,1473,generated
971,dabashenliu_run_971\particle_positions_150000.csv,noise_0pct\c6600_phi25.00_logk-2.300000.png,equivalent_plastic_strain,6600,25,0.0050118724,-2.29999999447783,0,9712026,860,0,0,generated
971,dabashenliu_run_971\particle_positions_150000.csv,noise_1pct\c6600_phi25.00_logk-2.300000.png,equivalent_plastic_strain,6600,25,0.0050118724,-2.29999999447783,1,9712126,860,0,0,generated
971,dabashenliu_run_971\particle_positions_150000.csv,noise_3pct\c6600_phi25.00_logk-2.300000.png,equivalent_plastic_strain,6600,25,0.0050118724,-2.29999999447783,3,9712326,860,0,0,generated
971,dabashenliu_run_971\particle_positions_150000.csv,noise_5pct\c6600_phi25.00_logk-2.300000.png,equivalent_plastic_strain,6600,25,0.0050118724,-2.29999999447783,5,9712526,860,0,0,generated
972,dabashenliu_run_972\particle_positions_150000.csv,noise_0pct\c6600_phi25.00_logk-2.077778.png,equivalent_plastic_strain,6600,25,0.0083603095,-2.07777764461193,0,9722026,860,0,0,generated
972,dabashenliu_run_972\particle_positions_150000.csv,noise_1pct\c6600_phi25.00_logk-2.077778.png,equivalent_plastic_strain,6600,25,0.0083603095,-2.07777764461193,1,9722126,860,0,0,generated
972,dabashenliu_run_972\particle_positions_150000.csv,noise_3pct\c6600_phi25.00_logk-2.077778.png,equivalent_plastic_strain,6600,25,0.0083603095,-2.07777764461193,3,9722326,860,0,0,generated
972,dabashenliu_run_972\particle_positions_150000.csv,noise_5pct\c6600_phi25.00_logk-2.077778.png,equivalent_plastic_strain,6600,25,0.0083603095,-2.07777764461193,5,9722526,860,0,0,generated
973,dabashenliu_run_973\particle_positions_150000.csv,noise_0pct\c6600_phi25.00_logk-1.855556.png,equivalent_plastic_strain,6600,25,0.013945831,-1.85555560201739,0,9732026,860,0,0,generated
973,dabashenliu_run_973\particle_positions_150000.csv,noise_1pct\c6600_phi25.00_logk-1.855556.png,equivalent_plastic_strain,6600,25,0.013945831,-1.85555560201739,1,9732126,860,0,0,generated
973,dabashenliu_run_973\particle_positions_150000.csv,noise_3pct\c6600_phi25.00_logk-1.855556.png,equivalent_plastic_strain,6600,25,0.013945831,-1.85555560201739,3,9732326,860,0,0,generated
973,dabashenliu_run_973\particle_positions_150000.csv,noise_5pct\c6600_phi25.00_logk-1.855556.png,equivalent_plastic_strain,6600,25,0.013945831,-1.85555560201739,5,9732526,860,0,0,generated
974,dabashenliu_run_974\particle_positions_150000.csv,noise_0pct\c6600_phi25.00_logk-1.633333.png,equivalent_plastic_strain,6600,25,0.023263052,-1.63333330853244,0,9742026,860,0,0,generated
974,dabashenliu_run_974\particle_positions_150000.csv,noise_1pct\c6600_phi25.00_logk-1.633333.png,equivalent_plastic_strain,6600,25,0.023263052,-1.63333330853244,1,9742126,860,0,0,generated
974,dabashenliu_run_974\particle_positions_150000.csv,noise_3pct\c6600_phi25.00_logk-1.633333.png,equivalent_plastic_strain,6600,25,0.023263052,-1.63333330853244,3,9742326,860,0,0,generated
974,dabashenliu_run_974\particle_positions_150000.csv,noise_5pct\c6600_phi25.00_logk-1.633333.png,equivalent_plastic_strain,6600,25,0.023263052,-1.63333330853244,5,9742526,860,0,0,generated
975,dabashenliu_run_975\particle_positions_150000.csv,noise_0pct\c6600_phi25.00_logk-1.411111.png,equivalent_plastic_strain,6600,25,0.038805105,-1.41111113709934,0,9752026,860,0,0,generated
975,dabashenliu_run_975\particle_positions_150000.csv,noise_1pct\c6600_phi25.00_logk-1.411111.png,equivalent_plastic_strain,6600,25,0.038805105,-1.41111113709934,1,9752126,860,0,0,generated
975,dabashenliu_run_975\particle_positions_150000.csv,noise_3pct\c6600_phi25.00_logk-1.411111.png,equivalent_plastic_strain,6600,25,0.038805105,-1.41111113709934,3,9752326,860,0,0,generated
975,dabashenliu_run_975\particle_positions_150000.csv,noise_5pct\c6600_phi25.00_logk-1.411111.png,equivalent_plastic_strain,6600,25,0.038805105,-1.41111113709934,5,9752526,860,0,0,generated
976,dabashenliu_run_976\particle_positions_150000.csv,noise_0pct\c6600_phi25.00_logk-1.188889.png,equivalent_plastic_strain,6600,25,0.06473083,-1.18888882427963,0,9762026,860,0,0,generated
976,dabashenliu_run_976\particle_positions_150000.csv,noise_1pct\c6600_phi25.00_logk-1.188889.png,equivalent_plastic_strain,6600,25,0.06473083,-1.18888882427963,1,9762126,860,0,0,generated
976,dabashenliu_run_976\particle_positions_150000.csv,noise_3pct\c6600_phi25.00_logk-1.188889.png,equivalent_plastic_strain,6600,25,0.06473083,-1.18888882427963,3,9762326,860,0,0,generated
976,dabashenliu_run_976\particle_positions_150000.csv,noise_5pct\c6600_phi25.00_logk-1.188889.png,equivalent_plastic_strain,6600,25,0.06473083,-1.18888882427963,5,9762526,860,0,0,generated
977,dabashenliu_run_977\particle_positions_150000.csv,noise_0pct\c6600_phi25.00_logk-0.966667.png,equivalent_plastic_strain,6600,25,0.10797753,-0.966666611293739,0,9772026,860,0,0,generated
977,dabashenliu_run_977\particle_positions_150000.csv,noise_1pct\c6600_phi25.00_logk-0.966667.png,equivalent_plastic_strain,6600,25,0.10797753,-0.966666611293739,1,9772126,860,0,0,generated
977,dabashenliu_run_977\particle_positions_150000.csv,noise_3pct\c6600_phi25.00_logk-0.966667.png,equivalent_plastic_strain,6600,25,0.10797753,-0.966666611293739,3,9772326,860,0,0,generated
977,dabashenliu_run_977\particle_positions_150000.csv,noise_5pct\c6600_phi25.00_logk-0.966667.png,equivalent_plastic_strain,6600,25,0.10797753,-0.966666611293739,5,9772526,860,0,0,generated
978,dabashenliu_run_978\particle_positions_150000.csv,noise_0pct\c6600_phi25.00_logk-0.744444.png,equivalent_plastic_strain,6600,25,0.18011737,-0.744444403052799,0,9782026,860,0,0,generated
978,dabashenliu_run_978\particle_positions_150000.csv,noise_1pct\c6600_phi25.00_logk-0.744444.png,equivalent_plastic_strain,6600,25,0.18011737,-0.744444403052799,1,9782126,860,0,0,generated
978,dabashenliu_run_978\particle_positions_150000.csv,noise_3pct\c6600_phi25.00_logk-0.744444.png,equivalent_plastic_strain,6600,25,0.18011737,-0.744444403052799,3,9782326,860,0,0,generated
978,dabashenliu_run_978\particle_positions_150000.csv,noise_5pct\c6600_phi25.00_logk-0.744444.png,equivalent_plastic_strain,6600,25,0.18011737,-0.744444403052799,5,9782526,860,0,0,generated
979,dabashenliu_run_979\particle_positions_150000.csv,noise_0pct\c6600_phi25.00_logk-0.522222.png,equivalent_plastic_strain,6600,25,0.30045387,-0.522222197678965,0,9792026,860,0,415,generated
979,dabashenliu_run_979\particle_positions_150000.csv,noise_1pct\c6600_phi25.00_logk-0.522222.png,equivalent_plastic_strain,6600,25,0.30045387,-0.522222197678965,1,9792126,860,0,415,generated
979,dabashenliu_run_979\particle_positions_150000.csv,noise_3pct\c6600_phi25.00_logk-0.522222.png,equivalent_plastic_strain,6600,25,0.30045387,-0.522222197678965,3,9792326,860,0,415,generated
979,dabashenliu_run_979\particle_positions_150000.csv,noise_5pct\c6600_phi25.00_logk-0.522222.png,equivalent_plastic_strain,6600,25,0.30045387,-0.522222197678965,5,9792526,860,0,415,generated
980,dabashenliu_run_980\particle_positions_150000.csv,noise_0pct\c6600_phi25.00_logk-0.300000.png,equivalent_plastic_strain,6600,25,0.50118726,-0.299999977147204,0,9802026,860,0,399,generated
980,dabashenliu_run_980\particle_positions_150000.csv,noise_1pct\c6600_phi25.00_logk-0.300000.png,equivalent_plastic_strain,6600,25,0.50118726,-0.299999977147204,1,9802126,860,0,399,generated
980,dabashenliu_run_980\particle_positions_150000.csv,noise_3pct\c6600_phi25.00_logk-0.300000.png,equivalent_plastic_strain,6600,25,0.50118726,-0.299999977147204,3,9802326,860,0,399,generated
980,dabashenliu_run_980\particle_positions_150000.csv,noise_5pct\c6600_phi25.00_logk-0.300000.png,equivalent_plastic_strain,6600,25,0.50118726,-0.299999977147204,5,9802526,860,0,399,generated
981,dabashenliu_run_981\particle_positions_150000.csv,noise_0pct\c6600_phi26.00_logk-2.300000.png,equivalent_plastic_strain,6600,26,0.0050118724,-2.29999999447783,0,9812026,860,0,0,generated
981,dabashenliu_run_981\particle_positions_150000.csv,noise_1pct\c6600_phi26.00_logk-2.300000.png,equivalent_plastic_strain,6600,26,0.0050118724,-2.29999999447783,1,9812126,860,0,0,generated
981,dabashenliu_run_981\particle_positions_150000.csv,noise_3pct\c6600_phi26.00_logk-2.300000.png,equivalent_plastic_strain,6600,26,0.0050118724,-2.29999999447783,3,9812326,860,0,0,generated
981,dabashenliu_run_981\particle_positions_150000.csv,noise_5pct\c6600_phi26.00_logk-2.300000.png,equivalent_plastic_strain,6600,26,0.0050118724,-2.29999999447783,5,9812526,860,0,0,generated
982,dabashenliu_run_982\particle_positions_150000.csv,noise_0pct\c6600_phi26.00_logk-2.077778.png,equivalent_plastic_strain,6600,26,0.0083603095,-2.07777764461193,0,9822026,860,0,0,generated
982,dabashenliu_run_982\particle_positions_150000.csv,noise_1pct\c6600_phi26.00_logk-2.077778.png,equivalent_plastic_strain,6600,26,0.0083603095,-2.07777764461193,1,9822126,860,0,0,generated
982,dabashenliu_run_982\particle_positions_150000.csv,noise_3pct\c6600_phi26.00_logk-2.077778.png,equivalent_plastic_strain,6600,26,0.0083603095,-2.07777764461193,3,9822326,860,0,0,generated
982,dabashenliu_run_982\particle_positions_150000.csv,noise_5pct\c6600_phi26.00_logk-2.077778.png,equivalent_plastic_strain,6600,26,0.0083603095,-2.07777764461193,5,9822526,860,0,0,generated
983,dabashenliu_run_983\particle_positions_150000.csv,noise_0pct\c6600_phi26.00_logk-1.855556.png,equivalent_plastic_strain,6600,26,0.013945831,-1.85555560201739,0,9832026,860,0,0,generated
983,dabashenliu_run_983\particle_positions_150000.csv,noise_1pct\c6600_phi26.00_logk-1.855556.png,equivalent_plastic_strain,6600,26,0.013945831,-1.85555560201739,1,9832126,860,0,0,generated
983,dabashenliu_run_983\particle_positions_150000.csv,noise_3pct\c6600_phi26.00_logk-1.855556.png,equivalent_plastic_strain,6600,26,0.013945831,-1.85555560201739,3,9832326,860,0,0,generated
983,dabashenliu_run_983\particle_positions_150000.csv,noise_5pct\c6600_phi26.00_logk-1.855556.png,equivalent_plastic_strain,6600,26,0.013945831,-1.85555560201739,5,9832526,860,0,0,generated
984,dabashenliu_run_984\particle_positions_150000.csv,noise_0pct\c6600_phi26.00_logk-1.633333.png,equivalent_plastic_strain,6600,26,0.023263052,-1.63333330853244,0,9842026,860,0,0,generated
984,dabashenliu_run_984\particle_positions_150000.csv,noise_1pct\c6600_phi26.00_logk-1.633333.png,equivalent_plastic_strain,6600,26,0.023263052,-1.63333330853244,1,9842126,860,0,0,generated
984,dabashenliu_run_984\particle_positions_150000.csv,noise_3pct\c6600_phi26.00_logk-1.633333.png,equivalent_plastic_strain,6600,26,0.023263052,-1.63333330853244,3,9842326,860,0,0,generated
984,dabashenliu_run_984\particle_positions_150000.csv,noise_5pct\c6600_phi26.00_logk-1.633333.png,equivalent_plastic_strain,6600,26,0.023263052,-1.63333330853244,5,9842526,860,0,0,generated
985,dabashenliu_run_985\particle_positions_150000.csv,noise_0pct\c6600_phi26.00_logk-1.411111.png,equivalent_plastic_strain,6600,26,0.038805105,-1.41111113709934,0,9852026,860,0,0,generated
985,dabashenliu_run_985\particle_positions_150000.csv,noise_1pct\c6600_phi26.00_logk-1.411111.png,equivalent_plastic_strain,6600,26,0.038805105,-1.41111113709934,1,9852126,860,0,0,generated
985,dabashenliu_run_985\particle_positions_150000.csv,noise_3pct\c6600_phi26.00_logk-1.411111.png,equivalent_plastic_strain,6600,26,0.038805105,-1.41111113709934,3,9852326,860,0,0,generated
985,dabashenliu_run_985\particle_positions_150000.csv,noise_5pct\c6600_phi26.00_logk-1.411111.png,equivalent_plastic_strain,6600,26,0.038805105,-1.41111113709934,5,9852526,860,0,0,generated
986,dabashenliu_run_986\particle_positions_150000.csv,noise_0pct\c6600_phi26.00_logk-1.188889.png,equivalent_plastic_strain,6600,26,0.06473083,-1.18888882427963,0,9862026,860,0,0,generated
986,dabashenliu_run_986\particle_positions_150000.csv,noise_1pct\c6600_phi26.00_logk-1.188889.png,equivalent_plastic_strain,6600,26,0.06473083,-1.18888882427963,1,9862126,860,0,0,generated
986,dabashenliu_run_986\particle_positions_150000.csv,noise_3pct\c6600_phi26.00_logk-1.188889.png,equivalent_plastic_strain,6600,26,0.06473083,-1.18888882427963,3,9862326,860,0,0,generated
986,dabashenliu_run_986\particle_positions_150000.csv,noise_5pct\c6600_phi26.00_logk-1.188889.png,equivalent_plastic_strain,6600,26,0.06473083,-1.18888882427963,5,9862526,860,0,0,generated
987,dabashenliu_run_987\particle_positions_150000.csv,noise_0pct\c6600_phi26.00_logk-0.966667.png,equivalent_plastic_strain,6600,26,0.10797753,-0.966666611293739,0,9872026,860,0,0,generated
987,dabashenliu_run_987\particle_positions_150000.csv,noise_1pct\c6600_phi26.00_logk-0.966667.png,equivalent_plastic_strain,6600,26,0.10797753,-0.966666611293739,1,9872126,860,0,0,generated
987,dabashenliu_run_987\particle_positions_150000.csv,noise_3pct\c6600_phi26.00_logk-0.966667.png,equivalent_plastic_strain,6600,26,0.10797753,-0.966666611293739,3,9872326,860,0,0,generated
987,dabashenliu_run_987\particle_positions_150000.csv,noise_5pct\c6600_phi26.00_logk-0.966667.png,equivalent_plastic_strain,6600,26,0.10797753,-0.966666611293739,5,9872526,860,0,0,generated
988,dabashenliu_run_988\particle_positions_150000.csv,noise_0pct\c6600_phi26.00_logk-0.744444.png,equivalent_plastic_strain,6600,26,0.18011737,-0.744444403052799,0,9882026,860,0,0,generated
988,dabashenliu_run_988\particle_positions_150000.csv,noise_1pct\c6600_phi26.00_logk-0.744444.png,equivalent_plastic_strain,6600,26,0.18011737,-0.744444403052799,1,9882126,860,0,0,generated
988,dabashenliu_run_988\particle_positions_150000.csv,noise_3pct\c6600_phi26.00_logk-0.744444.png,equivalent_plastic_strain,6600,26,0.18011737,-0.744444403052799,3,9882326,860,0,0,generated
988,dabashenliu_run_988\particle_positions_150000.csv,noise_5pct\c6600_phi26.00_logk-0.744444.png,equivalent_plastic_strain,6600,26,0.18011737,-0.744444403052799,5,9882526,860,0,0,generated
989,dabashenliu_run_989\particle_positions_150000.csv,noise_0pct\c6600_phi26.00_logk-0.522222.png,equivalent_plastic_strain,6600,26,0.30045387,-0.522222197678965,0,9892026,860,0,8,generated
989,dabashenliu_run_989\particle_positions_150000.csv,noise_1pct\c6600_phi26.00_logk-0.522222.png,equivalent_plastic_strain,6600,26,0.30045387,-0.522222197678965,1,9892126,860,0,8,generated
989,dabashenliu_run_989\particle_positions_150000.csv,noise_3pct\c6600_phi26.00_logk-0.522222.png,equivalent_plastic_strain,6600,26,0.30045387,-0.522222197678965,3,9892326,860,0,8,generated
989,dabashenliu_run_989\particle_positions_150000.csv,noise_5pct\c6600_phi26.00_logk-0.522222.png,equivalent_plastic_strain,6600,26,0.30045387,-0.522222197678965,5,9892526,860,0,8,generated
990,dabashenliu_run_990\particle_positions_150000.csv,noise_0pct\c6600_phi26.00_logk-0.300000.png,equivalent_plastic_strain,6600,26,0.50118726,-0.299999977147204,0,9902026,860,0,254,generated
990,dabashenliu_run_990\particle_positions_150000.csv,noise_1pct\c6600_phi26.00_logk-0.300000.png,equivalent_plastic_strain,6600,26,0.50118726,-0.299999977147204,1,9902126,860,0,254,generated
990,dabashenliu_run_990\particle_positions_150000.csv,noise_3pct\c6600_phi26.00_logk-0.300000.png,equivalent_plastic_strain,6600,26,0.50118726,-0.299999977147204,3,9902326,860,0,254,generated
990,dabashenliu_run_990\particle_positions_150000.csv,noise_5pct\c6600_phi26.00_logk-0.300000.png,equivalent_plastic_strain,6600,26,0.50118726,-0.299999977147204,5,9902526,860,0,254,generated
991,dabashenliu_run_991\particle_positions_150000.csv,noise_0pct\c6600_phi27.00_logk-2.300000.png,equivalent_plastic_strain,6600,27,0.0050118724,-2.29999999447783,0,9912026,860,0,0,generated
991,dabashenliu_run_991\particle_positions_150000.csv,noise_1pct\c6600_phi27.00_logk-2.300000.png,equivalent_plastic_strain,6600,27,0.0050118724,-2.29999999447783,1,9912126,860,0,0,generated
991,dabashenliu_run_991\particle_positions_150000.csv,noise_3pct\c6600_phi27.00_logk-2.300000.png,equivalent_plastic_strain,6600,27,0.0050118724,-2.29999999447783,3,9912326,860,0,0,generated
991,dabashenliu_run_991\particle_positions_150000.csv,noise_5pct\c6600_phi27.00_logk-2.300000.png,equivalent_plastic_strain,6600,27,0.0050118724,-2.29999999447783,5,9912526,860,0,0,generated
992,dabashenliu_run_992\particle_positions_150000.csv,noise_0pct\c6600_phi27.00_logk-2.077778.png,equivalent_plastic_strain,6600,27,0.0083603095,-2.07777764461193,0,9922026,860,0,0,generated
992,dabashenliu_run_992\particle_positions_150000.csv,noise_1pct\c6600_phi27.00_logk-2.077778.png,equivalent_plastic_strain,6600,27,0.0083603095,-2.07777764461193,1,9922126,860,0,0,generated
992,dabashenliu_run_992\particle_positions_150000.csv,noise_3pct\c6600_phi27.00_logk-2.077778.png,equivalent_plastic_strain,6600,27,0.0083603095,-2.07777764461193,3,9922326,860,0,0,generated
992,dabashenliu_run_992\particle_positions_150000.csv,noise_5pct\c6600_phi27.00_logk-2.077778.png,equivalent_plastic_strain,6600,27,0.0083603095,-2.07777764461193,5,9922526,860,0,0,generated
993,dabashenliu_run_993\particle_positions_150000.csv,noise_0pct\c6600_phi27.00_logk-1.855556.png,equivalent_plastic_strain,6600,27,0.013945831,-1.85555560201739,0,9932026,860,0,0,generated
993,dabashenliu_run_993\particle_positions_150000.csv,noise_1pct\c6600_phi27.00_logk-1.855556.png,equivalent_plastic_strain,6600,27,0.013945831,-1.85555560201739,1,9932126,860,0,0,generated
993,dabashenliu_run_993\particle_positions_150000.csv,noise_3pct\c6600_phi27.00_logk-1.855556.png,equivalent_plastic_strain,6600,27,0.013945831,-1.85555560201739,3,9932326,860,0,0,generated
993,dabashenliu_run_993\particle_positions_150000.csv,noise_5pct\c6600_phi27.00_logk-1.855556.png,equivalent_plastic_strain,6600,27,0.013945831,-1.85555560201739,5,9932526,860,0,0,generated
994,dabashenliu_run_994\particle_positions_150000.csv,noise_0pct\c6600_phi27.00_logk-1.633333.png,equivalent_plastic_strain,6600,27,0.023263052,-1.63333330853244,0,9942026,860,0,0,generated
994,dabashenliu_run_994\particle_positions_150000.csv,noise_1pct\c6600_phi27.00_logk-1.633333.png,equivalent_plastic_strain,6600,27,0.023263052,-1.63333330853244,1,9942126,860,0,0,generated
994,dabashenliu_run_994\particle_positions_150000.csv,noise_3pct\c6600_phi27.00_logk-1.633333.png,equivalent_plastic_strain,6600,27,0.023263052,-1.63333330853244,3,9942326,860,0,0,generated
994,dabashenliu_run_994\particle_positions_150000.csv,noise_5pct\c6600_phi27.00_logk-1.633333.png,equivalent_plastic_strain,6600,27,0.023263052,-1.63333330853244,5,9942526,860,0,0,generated
995,dabashenliu_run_995\particle_positions_150000.csv,noise_0pct\c6600_phi27.00_logk-1.411111.png,equivalent_plastic_strain,6600,27,0.038805105,-1.41111113709934,0,9952026,860,0,0,generated
995,dabashenliu_run_995\particle_positions_150000.csv,noise_1pct\c6600_phi27.00_logk-1.411111.png,equivalent_plastic_strain,6600,27,0.038805105,-1.41111113709934,1,9952126,860,0,0,generated
995,dabashenliu_run_995\particle_positions_150000.csv,noise_3pct\c6600_phi27.00_logk-1.411111.png,equivalent_plastic_strain,6600,27,0.038805105,-1.41111113709934,3,9952326,860,0,0,generated
995,dabashenliu_run_995\particle_positions_150000.csv,noise_5pct\c6600_phi27.00_logk-1.411111.png,equivalent_plastic_strain,6600,27,0.038805105,-1.41111113709934,5,9952526,860,0,0,generated
996,dabashenliu_run_996\particle_positions_150000.csv,noise_0pct\c6600_phi27.00_logk-1.188889.png,equivalent_plastic_strain,6600,27,0.06473083,-1.18888882427963,0,9962026,860,0,0,generated
996,dabashenliu_run_996\particle_positions_150000.csv,noise_1pct\c6600_phi27.00_logk-1.188889.png,equivalent_plastic_strain,6600,27,0.06473083,-1.18888882427963,1,9962126,860,0,0,generated
996,dabashenliu_run_996\particle_positions_150000.csv,noise_3pct\c6600_phi27.00_logk-1.188889.png,equivalent_plastic_strain,6600,27,0.06473083,-1.18888882427963,3,9962326,860,0,0,generated
996,dabashenliu_run_996\particle_positions_150000.csv,noise_5pct\c6600_phi27.00_logk-1.188889.png,equivalent_plastic_strain,6600,27,0.06473083,-1.18888882427963,5,9962526,860,0,0,generated
997,dabashenliu_run_997\particle_positions_150000.csv,noise_0pct\c6600_phi27.00_logk-0.966667.png,equivalent_plastic_strain,6600,27,0.10797753,-0.966666611293739,0,9972026,860,0,0,generated
997,dabashenliu_run_997\particle_positions_150000.csv,noise_1pct\c6600_phi27.00_logk-0.966667.png,equivalent_plastic_strain,6600,27,0.10797753,-0.966666611293739,1,9972126,860,0,0,generated
997,dabashenliu_run_997\particle_positions_150000.csv,noise_3pct\c6600_phi27.00_logk-0.966667.png,equivalent_plastic_strain,6600,27,0.10797753,-0.966666611293739,3,9972326,860,0,0,generated
997,dabashenliu_run_997\particle_positions_150000.csv,noise_5pct\c6600_phi27.00_logk-0.966667.png,equivalent_plastic_strain,6600,27,0.10797753,-0.966666611293739,5,9972526,860,0,0,generated
998,dabashenliu_run_998\particle_positions_150000.csv,noise_0pct\c6600_phi27.00_logk-0.744444.png,equivalent_plastic_strain,6600,27,0.18011737,-0.744444403052799,0,9982026,860,0,0,generated
998,dabashenliu_run_998\particle_positions_150000.csv,noise_1pct\c6600_phi27.00_logk-0.744444.png,equivalent_plastic_strain,6600,27,0.18011737,-0.744444403052799,1,9982126,860,0,0,generated
998,dabashenliu_run_998\particle_positions_150000.csv,noise_3pct\c6600_phi27.00_logk-0.744444.png,equivalent_plastic_strain,6600,27,0.18011737,-0.744444403052799,3,9982326,860,0,0,generated
998,dabashenliu_run_998\particle_positions_150000.csv,noise_5pct\c6600_phi27.00_logk-0.744444.png,equivalent_plastic_strain,6600,27,0.18011737,-0.744444403052799,5,9982526,860,0,0,generated
999,dabashenliu_run_999\particle_positions_150000.csv,noise_0pct\c6600_phi27.00_logk-0.522222.png,equivalent_plastic_strain,6600,27,0.30045387,-0.522222197678965,0,9992026,860,0,0,generated
999,dabashenliu_run_999\particle_positions_150000.csv,noise_1pct\c6600_phi27.00_logk-0.522222.png,equivalent_plastic_strain,6600,27,0.30045387,-0.522222197678965,1,9992126,860,0,0,generated
999,dabashenliu_run_999\particle_positions_150000.csv,noise_3pct\c6600_phi27.00_logk-0.522222.png,equivalent_plastic_strain,6600,27,0.30045387,-0.522222197678965,3,9992326,860,0,0,generated
999,dabashenliu_run_999\particle_positions_150000.csv,noise_5pct\c6600_phi27.00_logk-0.522222.png,equivalent_plastic_strain,6600,27,0.30045387,-0.522222197678965,5,9992526,860,0,0,generated
1000,dabashenliu_run_1000\particle_positions_150000.csv,noise_0pct\c6600_phi27.00_logk-0.300000.png,equivalent_plastic_strain,6600,27,0.50118726,-0.299999977147204,0,10002026,860,0,61,generated
1000,dabashenliu_run_1000\particle_positions_150000.csv,noise_1pct\c6600_phi27.00_logk-0.300000.png,equivalent_plastic_strain,6600,27,0.50118726,-0.299999977147204,1,10002126,860,0,61,generated
1000,dabashenliu_run_1000\particle_positions_150000.csv,noise_3pct\c6600_phi27.00_logk-0.300000.png,equivalent_plastic_strain,6600,27,0.50118726,-0.299999977147204,3,10002326,860,0,61,generated
1000,dabashenliu_run_1000\particle_positions_150000.csv,noise_5pct\c6600_phi27.00_logk-0.300000.png,equivalent_plastic_strain,6600,27,0.50118726,-0.299999977147204,5,10002526,860,0,61,generated
