run_id,source_csv,output_png,field,cohesion_0,frictional_angle,ks,log10_ks,noise_percent,noise_seed,particle_count,pixels_clipped_low,pixels_clipped_high,status
1,dabashenliu_run_001\particle_positions_150000.csv,noise_0pct\c3000_phi18.00_logk-2.300000.png,pressure,3000,18,0.0050118724,-2.29999999447783,0,12026,860,0,0,generated
2,dabashenliu_run_002\particle_positions_150000.csv,noise_0pct\c3000_phi18.00_logk-2.077778.png,pressure,3000,18,0.0083603095,-2.07777764461193,0,22026,860,0,0,generated
3,dabashenliu_run_003\particle_positions_150000.csv,noise_0pct\c3000_phi18.00_logk-1.855556.png,pressure,3000,18,0.013945831,-1.85555560201739,0,32026,860,0,0,generated
4,dabashenliu_run_004\particle_positions_150000.csv,noise_0pct\c3000_phi18.00_logk-1.633333.png,pressure,3000,18,0.023263052,-1.63333330853244,0,42026,860,0,0,generated
5,dabashenliu_run_005\particle_positions_150000.csv,noise_0pct\c3000_phi18.00_logk-1.411111.png,pressure,3000,18,0.038805105,-1.41111113709934,0,52026,860,0,0,generated
6,dabashenliu_run_006\particle_positions_150000.csv,noise_0pct\c3000_phi18.00_logk-1.188889.png,pressure,3000,18,0.06473083,-1.18888882427963,0,62026,860,0,0,generated
7,dabashenliu_run_007\particle_positions_150000.csv,noise_0pct\c3000_phi18.00_logk-0.966667.png,pressure,3000,18,0.10797753,-0.966666611293739,0,72026,860,0,0,generated
8,dabashenliu_run_008\particle_positions_150000.csv,noise_0pct\c3000_phi18.00_logk-0.744444.png,pressure,3000,18,0.18011737,-0.744444403052799,0,82026,860,0,126,generated
9,dabashenliu_run_009\particle_positions_150000.csv,noise_0pct\c3000_phi18.00_logk-0.522222.png,pressure,3000,18,0.30045387,-0.522222197678965,0,92026,860,0,201,generated
10,dabashenliu_run_010\particle_positions_150000.csv,noise_0pct\c3000_phi18.00_logk-0.300000.png,pressure,3000,18,0.50118726,-0.299999977147204,0,102026,860,0,198,generated
11,dabashenliu_run_011\particle_positions_150000.csv,noise_0pct\c3000_phi19.00_logk-2.300000.png,pressure,3000,19,0.0050118724,-2.29999999447783,0,112026,860,0,0,generated
12,dabashenliu_run_012\particle_positions_150000.csv,noise_0pct\c3000_phi19.00_logk-2.077778.png,pressure,3000,19,0.0083603095,-2.07777764461193,0,122026,860,0,0,generated
13,dabashenliu_run_013\particle_positions_150000.csv,noise_0pct\c3000_phi19.00_logk-1.855556.png,pressure,3000,19,0.013945831,-1.85555560201739,0,132026,860,0,0,generated
14,dabashenliu_run_014\particle_positions_150000.csv,noise_0pct\c3000_phi19.00_logk-1.633333.png,pressure,3000,19,0.023263052,-1.63333330853244,0,142026,860,0,0,generated
15,dabashenliu_run_015\particle_positions_150000.csv,noise_0pct\c3000_phi19.00_logk-1.411111.png,pressure,3000,19,0.038805105,-1.41111113709934,0,152026,860,0,0,generated
16,dabashenliu_run_016\particle_positions_150000.csv,noise_0pct\c3000_phi19.00_logk-1.188889.png,pressure,3000,19,0.06473083,-1.18888882427963,0,162026,860,0,0,generated
17,dabashenliu_run_017\particle_positions_150000.csv,noise_0pct\c3000_phi19.00_logk-0.966667.png,pressure,3000,19,0.10797753,-0.966666611293739,0,172026,860,0,0,generated
18,dabashenliu_run_018\particle_positions_150000.csv,noise_0pct\c3000_phi19.00_logk-0.744444.png,pressure,3000,19,0.18011737,-0.744444403052799,0,182026,860,0,0,generated
19,dabashenliu_run_019\particle_positions_150000.csv,noise_0pct\c3000_phi19.00_logk-0.522222.png,pressure,3000,19,0.30045387,-0.522222197678965,0,192026,860,0,4,generated
20,dabashenliu_run_020\particle_positions_150000.csv,noise_0pct\c3000_phi19.00_logk-0.300000.png,pressure,3000,19,0.50118726,-0.299999977147204,0,202026,860,0,997,generated
21,dabashenliu_run_021\particle_positions_150000.csv,noise_0pct\c3000_phi20.00_logk-2.300000.png,pressure,3000,20,0.0050118724,-2.29999999447783,0,212026,860,0,0,generated
22,dabashenliu_run_022\particle_positions_150000.csv,noise_0pct\c3000_phi20.00_logk-2.077778.png,pressure,3000,20,0.0083603095,-2.07777764461193,0,222026,860,0,0,generated
23,dabashenliu_run_023\particle_positions_150000.csv,noise_0pct\c3000_phi20.00_logk-1.855556.png,pressure,3000,20,0.013945831,-1.85555560201739,0,232026,860,0,0,generated
24,dabashenliu_run_024\particle_positions_150000.csv,noise_0pct\c3000_phi20.00_logk-1.633333.png,pressure,3000,20,0.023263052,-1.63333330853244,0,242026,860,0,0,generated
25,dabashenliu_run_025\particle_positions_150000.csv,noise_0pct\c3000_phi20.00_logk-1.411111.png,pressure,3000,20,0.038805105,-1.41111113709934,0,252026,860,0,0,generated
26,dabashenliu_run_026\particle_positions_150000.csv,noise_0pct\c3000_phi20.00_logk-1.188889.png,pressure,3000,20,0.06473083,-1.18888882427963,0,262026,860,0,0,generated
27,dabashenliu_run_027\particle_positions_150000.csv,noise_0pct\c3000_phi20.00_logk-0.966667.png,pressure,3000,20,0.10797753,-0.966666611293739,0,272026,860,0,0,generated
28,dabashenliu_run_028\particle_positions_150000.csv,noise_0pct\c3000_phi20.00_logk-0.744444.png,pressure,3000,20,0.18011737,-0.744444403052799,0,282026,860,0,0,generated
29,dabashenliu_run_029\particle_positions_150000.csv,noise_0pct\c3000_phi20.00_logk-0.522222.png,pressure,3000,20,0.30045387,-0.522222197678965,0,292026,860,0,24,generated
30,dabashenliu_run_030\particle_positions_150000.csv,noise_0pct\c3000_phi20.00_logk-0.300000.png,pressure,3000,20,0.50118726,-0.299999977147204,0,302026,860,0,155,generated
31,dabashenliu_run_031\particle_positions_150000.csv,noise_0pct\c3000_phi21.00_logk-2.300000.png,pressure,3000,21,0.0050118724,-2.29999999447783,0,312026,860,0,0,generated
32,dabashenliu_run_032\particle_positions_150000.csv,noise_0pct\c3000_phi21.00_logk-2.077778.png,pressure,3000,21,0.0083603095,-2.07777764461193,0,322026,860,0,0,generated
33,dabashenliu_run_033\particle_positions_150000.csv,noise_0pct\c3000_phi21.00_logk-1.855556.png,pressure,3000,21,0.013945831,-1.85555560201739,0,332026,860,0,0,generated
34,dabashenliu_run_034\particle_positions_150000.csv,noise_0pct\c3000_phi21.00_logk-1.633333.png,pressure,3000,21,0.023263052,-1.63333330853244,0,342026,860,0,0,generated
35,dabashenliu_run_035\particle_positions_150000.csv,noise_0pct\c3000_phi21.00_logk-1.411111.png,pressure,3000,21,0.038805105,-1.41111113709934,0,352026,860,0,0,generated
36,dabashenliu_run_036\particle_positions_150000.csv,noise_0pct\c3000_phi21.00_logk-1.188889.png,pressure,3000,21,0.06473083,-1.18888882427963,0,362026,860,0,0,generated
37,dabashenliu_run_037\particle_positions_150000.csv,noise_0pct\c3000_phi21.00_logk-0.966667.png,pressure,3000,21,0.10797753,-0.966666611293739,0,372026,860,0,0,generated
38,dabashenliu_run_038\particle_positions_150000.csv,noise_0pct\c3000_phi21.00_logk-0.744444.png,pressure,3000,21,0.18011737,-0.744444403052799,0,382026,860,0,0,generated
39,dabashenliu_run_039\particle_positions_150000.csv,noise_0pct\c3000_phi21.00_logk-0.522222.png,pressure,3000,21,0.30045387,-0.522222197678965,0,392026,860,0,60,generated
40,dabashenliu_run_040\particle_positions_150000.csv,noise_0pct\c3000_phi21.00_logk-0.300000.png,pressure,3000,21,0.50118726,-0.299999977147204,0,402026,860,0,326,generated
41,dabashenliu_run_041\particle_positions_150000.csv,noise_0pct\c3000_phi22.00_logk-2.300000.png,pressure,3000,22,0.0050118724,-2.29999999447783,0,412026,860,0,0,generated
42,dabashenliu_run_042\particle_positions_150000.csv,noise_0pct\c3000_phi22.00_logk-2.077778.png,pressure,3000,22,0.0083603095,-2.07777764461193,0,422026,860,0,0,generated
43,dabashenliu_run_043\particle_positions_150000.csv,noise_0pct\c3000_phi22.00_logk-1.855556.png,pressure,3000,22,0.013945831,-1.85555560201739,0,432026,860,0,0,generated
44,dabashenliu_run_044\particle_positions_150000.csv,noise_0pct\c3000_phi22.00_logk-1.633333.png,pressure,3000,22,0.023263052,-1.63333330853244,0,442026,860,0,0,generated
45,dabashenliu_run_045\particle_positions_150000.csv,noise_0pct\c3000_phi22.00_logk-1.411111.png,pressure,3000,22,0.038805105,-1.41111113709934,0,452026,860,0,0,generated
46,dabashenliu_run_046\particle_positions_150000.csv,noise_0pct\c3000_phi22.00_logk-1.188889.png,pressure,3000,22,0.06473083,-1.18888882427963,0,462026,860,0,20,generated
47,dabashenliu_run_047\particle_positions_150000.csv,noise_0pct\c3000_phi22.00_logk-0.966667.png,pressure,3000,22,0.10797753,-0.966666611293739,0,472026,860,0,0,generated
48,dabashenliu_run_048\particle_positions_150000.csv,noise_0pct\c3000_phi22.00_logk-0.744444.png,pressure,3000,22,0.18011737,-0.744444403052799,0,482026,860,0,0,generated
49,dabashenliu_run_049\particle_positions_150000.csv,noise_0pct\c3000_phi22.00_logk-0.522222.png,pressure,3000,22,0.30045387,-0.522222197678965,0,492026,860,0,272,generated
50,dabashenliu_run_050\particle_positions_150000.csv,noise_0pct\c3000_phi22.00_logk-0.300000.png,pressure,3000,22,0.50118726,-0.299999977147204,0,502026,860,0,779,generated
51,dabashenliu_run_051\particle_positions_150000.csv,noise_0pct\c3000_phi23.00_logk-2.300000.png,pressure,3000,23,0.0050118724,-2.29999999447783,0,512026,860,0,0,generated
52,dabashenliu_run_052\particle_positions_150000.csv,noise_0pct\c3000_phi23.00_logk-2.077778.png,pressure,3000,23,0.0083603095,-2.07777764461193,0,522026,860,0,0,generated
53,dabashenliu_run_053\particle_positions_150000.csv,noise_0pct\c3000_phi23.00_logk-1.855556.png,pressure,3000,23,0.013945831,-1.85555560201739,0,532026,860,0,0,generated
54,dabashenliu_run_054\particle_positions_150000.csv,noise_0pct\c3000_phi23.00_logk-1.633333.png,pressure,3000,23,0.023263052,-1.63333330853244,0,542026,860,0,0,generated
55,dabashenliu_run_055\particle_positions_150000.csv,noise_0pct\c3000_phi23.00_logk-1.411111.png,pressure,3000,23,0.038805105,-1.41111113709934,0,552026,860,0,0,generated
56,dabashenliu_run_056\particle_positions_150000.csv,noise_0pct\c3000_phi23.00_logk-1.188889.png,pressure,3000,23,0.06473083,-1.18888882427963,0,562026,860,0,0,generated
57,dabashenliu_run_057\particle_positions_150000.csv,noise_0pct\c3000_phi23.00_logk-0.966667.png,pressure,3000,23,0.10797753,-0.966666611293739,0,572026,860,0,0,generated
58,dabashenliu_run_058\particle_positions_150000.csv,noise_0pct\c3000_phi23.00_logk-0.744444.png,pressure,3000,23,0.18011737,-0.744444403052799,0,582026,860,0,207,generated
59,dabashenliu_run_059\particle_positions_150000.csv,noise_0pct\c3000_phi23.00_logk-0.522222.png,pressure,3000,23,0.30045387,-0.522222197678965,0,592026,860,0,35,generated
60,dabashenliu_run_060\particle_positions_150000.csv,noise_0pct\c3000_phi23.00_logk-0.300000.png,pressure,3000,23,0.50118726,-0.299999977147204,0,602026,860,0,646,generated
61,dabashenliu_run_061\particle_positions_150000.csv,noise_0pct\c3000_phi24.00_logk-2.300000.png,pressure,3000,24,0.0050118724,-2.29999999447783,0,612026,860,0,0,generated
62,dabashenliu_run_062\particle_positions_150000.csv,noise_0pct\c3000_phi24.00_logk-2.077778.png,pressure,3000,24,0.0083603095,-2.07777764461193,0,622026,860,0,0,generated
63,dabashenliu_run_063\particle_positions_150000.csv,noise_0pct\c3000_phi24.00_logk-1.855556.png,pressure,3000,24,0.013945831,-1.85555560201739,0,632026,860,0,0,generated
64,dabashenliu_run_064\particle_positions_150000.csv,noise_0pct\c3000_phi24.00_logk-1.633333.png,pressure,3000,24,0.023263052,-1.63333330853244,0,642026,860,0,0,generated
65,dabashenliu_run_065\particle_positions_150000.csv,noise_0pct\c3000_phi24.00_logk-1.411111.png,pressure,3000,24,0.038805105,-1.41111113709934,0,652026,860,0,0,generated
66,dabashenliu_run_066\particle_positions_150000.csv,noise_0pct\c3000_phi24.00_logk-1.188889.png,pressure,3000,24,0.06473083,-1.18888882427963,0,662026,860,0,0,generated
67,dabashenliu_run_067\particle_positions_150000.csv,noise_0pct\c3000_phi24.00_logk-0.966667.png,pressure,3000,24,0.10797753,-0.966666611293739,0,672026,860,0,0,generated
68,dabashenliu_run_068\particle_positions_150000.csv,noise_0pct\c3000_phi24.00_logk-0.744444.png,pressure,3000,24,0.18011737,-0.744444403052799,0,682026,860,0,356,generated
69,dabashenliu_run_069\particle_positions_150000.csv,noise_0pct\c3000_phi24.00_logk-0.522222.png,pressure,3000,24,0.30045387,-0.522222197678965,0,692026,860,0,1163,generated
70,dabashenliu_run_070\particle_positions_150000.csv,noise_0pct\c3000_phi24.00_logk-0.300000.png,pressure,3000,24,0.50118726,-0.299999977147204,0,702026,860,0,293,generated
71,dabashenliu_run_071\particle_positions_150000.csv,noise_0pct\c3000_phi25.00_logk-2.300000.png,pressure,3000,25,0.0050118724,-2.29999999447783,0,712026,860,0,0,generated
72,dabashenliu_run_072\particle_positions_150000.csv,noise_0pct\c3000_phi25.00_logk-2.077778.png,pressure,3000,25,0.0083603095,-2.07777764461193,0,722026,860,0,0,generated
73,dabashenliu_run_073\particle_positions_150000.csv,noise_0pct\c3000_phi25.00_logk-1.855556.png,pressure,3000,25,0.013945831,-1.85555560201739,0,732026,860,0,0,generated
74,dabashenliu_run_074\particle_positions_150000.csv,noise_0pct\c3000_phi25.00_logk-1.633333.png,pressure,3000,25,0.023263052,-1.63333330853244,0,742026,860,0,0,generated
75,dabashenliu_run_075\particle_positions_150000.csv,noise_0pct\c3000_phi25.00_logk-1.411111.png,pressure,3000,25,0.038805105,-1.41111113709934,0,752026,860,0,0,generated
76,dabashenliu_run_076\particle_positions_150000.csv,noise_0pct\c3000_phi25.00_logk-1.188889.png,pressure,3000,25,0.06473083,-1.18888882427963,0,762026,860,0,0,generated
77,dabashenliu_run_077\particle_positions_150000.csv,noise_0pct\c3000_phi25.00_logk-0.966667.png,pressure,3000,25,0.10797753,-0.966666611293739,0,772026,860,0,0,generated
78,dabashenliu_run_078\particle_positions_150000.csv,noise_0pct\c3000_phi25.00_logk-0.744444.png,pressure,3000,25,0.18011737,-0.744444403052799,0,782026,860,0,81,generated
79,dabashenliu_run_079\particle_positions_150000.csv,noise_0pct\c3000_phi25.00_logk-0.522222.png,pressure,3000,25,0.30045387,-0.522222197678965,0,792026,860,0,11,generated
80,dabashenliu_run_080\particle_positions_150000.csv,noise_0pct\c3000_phi25.00_logk-0.300000.png,pressure,3000,25,0.50118726,-0.299999977147204,0,802026,860,0,937,generated
81,dabashenliu_run_081\particle_positions_150000.csv,noise_0pct\c3000_phi26.00_logk-2.300000.png,pressure,3000,26,0.0050118724,-2.29999999447783,0,812026,860,0,0,generated
82,dabashenliu_run_082\particle_positions_150000.csv,noise_0pct\c3000_phi26.00_logk-2.077778.png,pressure,3000,26,0.0083603095,-2.07777764461193,0,822026,860,0,0,generated
83,dabashenliu_run_083\particle_positions_150000.csv,noise_0pct\c3000_phi26.00_logk-1.855556.png,pressure,3000,26,0.013945831,-1.85555560201739,0,832026,860,0,0,generated
84,dabashenliu_run_084\particle_positions_150000.csv,noise_0pct\c3000_phi26.00_logk-1.633333.png,pressure,3000,26,0.023263052,-1.63333330853244,0,842026,860,0,0,generated
85,dabashenliu_run_085\particle_positions_150000.csv,noise_0pct\c3000_phi26.00_logk-1.411111.png,pressure,3000,26,0.038805105,-1.41111113709934,0,852026,860,0,0,generated
86,dabashenliu_run_086\particle_positions_150000.csv,noise_0pct\c3000_phi26.00_logk-1.188889.png,pressure,3000,26,0.06473083,-1.18888882427963,0,862026,860,0,0,generated
87,dabashenliu_run_087\particle_positions_150000.csv,noise_0pct\c3000_phi26.00_logk-0.966667.png,pressure,3000,26,0.10797753,-0.966666611293739,0,872026,860,0,1,generated
88,dabashenliu_run_088\particle_positions_150000.csv,noise_0pct\c3000_phi26.00_logk-0.744444.png,pressure,3000,26,0.18011737,-0.744444403052799,0,882026,860,0,0,generated
89,dabashenliu_run_089\particle_positions_150000.csv,noise_0pct\c3000_phi26.00_logk-0.522222.png,pressure,3000,26,0.30045387,-0.522222197678965,0,892026,860,0,473,generated
90,dabashenliu_run_090\particle_positions_150000.csv,noise_0pct\c3000_phi26.00_logk-0.300000.png,pressure,3000,26,0.50118726,-0.299999977147204,0,902026,860,0,311,generated
91,dabashenliu_run_091\particle_positions_150000.csv,noise_0pct\c3000_phi27.00_logk-2.300000.png,pressure,3000,27,0.0050118724,-2.29999999447783,0,912026,860,0,0,generated
92,dabashenliu_run_092\particle_positions_150000.csv,noise_0pct\c3000_phi27.00_logk-2.077778.png,pressure,3000,27,0.0083603095,-2.07777764461193,0,922026,860,0,0,generated
93,dabashenliu_run_093\particle_positions_150000.csv,noise_0pct\c3000_phi27.00_logk-1.855556.png,pressure,3000,27,0.013945831,-1.85555560201739,0,932026,860,0,0,generated
94,dabashenliu_run_094\particle_positions_150000.csv,noise_0pct\c3000_phi27.00_logk-1.633333.png,pressure,3000,27,0.023263052,-1.63333330853244,0,942026,860,0,0,generated
95,dabashenliu_run_095\particle_positions_150000.csv,noise_0pct\c3000_phi27.00_logk-1.411111.png,pressure,3000,27,0.038805105,-1.41111113709934,0,952026,860,0,0,generated
96,dabashenliu_run_096\particle_positions_150000.csv,noise_0pct\c3000_phi27.00_logk-1.188889.png,pressure,3000,27,0.06473083,-1.18888882427963,0,962026,860,0,0,generated
97,dabashenliu_run_097\particle_positions_150000.csv,noise_0pct\c3000_phi27.00_logk-0.966667.png,pressure,3000,27,0.10797753,-0.966666611293739,0,972026,860,0,0,generated
98,dabashenliu_run_098\particle_positions_150000.csv,noise_0pct\c3000_phi27.00_logk-0.744444.png,pressure,3000,27,0.18011737,-0.744444403052799,0,982026,860,0,10,generated
99,dabashenliu_run_099\particle_positions_150000.csv,noise_0pct\c3000_phi27.00_logk-0.522222.png,pressure,3000,27,0.30045387,-0.522222197678965,0,992026,860,0,53,generated
100,dabashenliu_run_100\particle_positions_150000.csv,noise_0pct\c3000_phi27.00_logk-0.300000.png,pressure,3000,27,0.50118726,-0.299999977147204,0,1002026,860,0,1161,generated
101,dabashenliu_run_101\particle_positions_150000.csv,noise_0pct\c3400_phi18.00_logk-2.300000.png,pressure,3400,18,0.0050118724,-2.29999999447783,0,1012026,860,0,0,generated
102,dabashenliu_run_102\particle_positions_150000.csv,noise_0pct\c3400_phi18.00_logk-2.077778.png,pressure,3400,18,0.0083603095,-2.07777764461193,0,1022026,860,0,0,generated
103,dabashenliu_run_103\particle_positions_150000.csv,noise_0pct\c3400_phi18.00_logk-1.855556.png,pressure,3400,18,0.013945831,-1.85555560201739,0,1032026,860,0,0,generated
104,dabashenliu_run_104\particle_positions_150000.csv,noise_0pct\c3400_phi18.00_logk-1.633333.png,pressure,3400,18,0.023263052,-1.63333330853244,0,1042026,860,0,0,generated
105,dabashenliu_run_105\particle_positions_150000.csv,noise_0pct\c3400_phi18.00_logk-1.411111.png,pressure,3400,18,0.038805105,-1.41111113709934,0,1052026,860,0,0,generated
106,dabashenliu_run_106\particle_positions_150000.csv,noise_0pct\c3400_phi18.00_logk-1.188889.png,pressure,3400,18,0.06473083,-1.18888882427963,0,1062026,860,0,66,generated
107,dabashenliu_run_107\particle_positions_150000.csv,noise_0pct\c3400_phi18.00_logk-0.966667.png,pressure,3400,18,0.10797753,-0.966666611293739,0,1072026,860,0,82,generated
108,dabashenliu_run_108\particle_positions_150000.csv,noise_0pct\c3400_phi18.00_logk-0.744444.png,pressure,3400,18,0.18011737,-0.744444403052799,0,1082026,860,0,71,generated
109,dabashenliu_run_109\particle_positions_150000.csv,noise_0pct\c3400_phi18.00_logk-0.522222.png,pressure,3400,18,0.30045387,-0.522222197678965,0,1092026,860,0,82,generated
110,dabashenliu_run_110\particle_positions_150000.csv,noise_0pct\c3400_phi18.00_logk-0.300000.png,pressure,3400,18,0.50118726,-0.299999977147204,0,1102026,860,0,382,generated
111,dabashenliu_run_111\particle_positions_150000.csv,noise_0pct\c3400_phi19.00_logk-2.300000.png,pressure,3400,19,0.0050118724,-2.29999999447783,0,1112026,860,0,0,generated
112,dabashenliu_run_112\particle_positions_150000.csv,noise_0pct\c3400_phi19.00_logk-2.077778.png,pressure,3400,19,0.0083603095,-2.07777764461193,0,1122026,860,0,0,generated
113,dabashenliu_run_113\particle_positions_150000.csv,noise_0pct\c3400_phi19.00_logk-1.855556.png,pressure,3400,19,0.013945831,-1.85555560201739,0,1132026,860,0,0,generated
114,dabashenliu_run_114\particle_positions_150000.csv,noise_0pct\c3400_phi19.00_logk-1.633333.png,pressure,3400,19,0.023263052,-1.63333330853244,0,1142026,860,0,0,generated
115,dabashenliu_run_115\particle_positions_150000.csv,noise_0pct\c3400_phi19.00_logk-1.411111.png,pressure,3400,19,0.038805105,-1.41111113709934,0,1152026,860,0,0,generated
116,dabashenliu_run_116\particle_positions_150000.csv,noise_0pct\c3400_phi19.00_logk-1.188889.png,pressure,3400,19,0.06473083,-1.18888882427963,0,1162026,860,0,0,generated
117,dabashenliu_run_117\particle_positions_150000.csv,noise_0pct\c3400_phi19.00_logk-0.966667.png,pressure,3400,19,0.10797753,-0.966666611293739,0,1172026,860,0,0,generated
118,dabashenliu_run_118\particle_positions_150000.csv,noise_0pct\c3400_phi19.00_logk-0.744444.png,pressure,3400,19,0.18011737,-0.744444403052799,0,1182026,860,0,0,generated
119,dabashenliu_run_119\particle_positions_150000.csv,noise_0pct\c3400_phi19.00_logk-0.522222.png,pressure,3400,19,0.30045387,-0.522222197678965,0,1192026,860,0,681,generated
120,dabashenliu_run_120\particle_positions_150000.csv,noise_0pct\c3400_phi19.00_logk-0.300000.png,pressure,3400,19,0.50118726,-0.299999977147204,0,1202026,860,0,529,generated
121,dabashenliu_run_121\particle_positions_150000.csv,noise_0pct\c3400_phi20.00_logk-2.300000.png,pressure,3400,20,0.0050118724,-2.29999999447783,0,1212026,860,0,0,generated
122,dabashenliu_run_122\particle_positions_150000.csv,noise_0pct\c3400_phi20.00_logk-2.077778.png,pressure,3400,20,0.0083603095,-2.07777764461193,0,1222026,860,0,0,generated
123,dabashenliu_run_123\particle_positions_150000.csv,noise_0pct\c3400_phi20.00_logk-1.855556.png,pressure,3400,20,0.013945831,-1.85555560201739,0,1232026,860,0,0,generated
124,dabashenliu_run_124\particle_positions_150000.csv,noise_0pct\c3400_phi20.00_logk-1.633333.png,pressure,3400,20,0.023263052,-1.63333330853244,0,1242026,860,0,0,generated
125,dabashenliu_run_125\particle_positions_150000.csv,noise_0pct\c3400_phi20.00_logk-1.411111.png,pressure,3400,20,0.038805105,-1.41111113709934,0,1252026,860,0,0,generated
126,dabashenliu_run_126\particle_positions_150000.csv,noise_0pct\c3400_phi20.00_logk-1.188889.png,pressure,3400,20,0.06473083,-1.18888882427963,0,1262026,860,0,0,generated
127,dabashenliu_run_127\particle_positions_150000.csv,noise_0pct\c3400_phi20.00_logk-0.966667.png,pressure,3400,20,0.10797753,-0.966666611293739,0,1272026,860,0,0,generated
128,dabashenliu_run_128\particle_positions_150000.csv,noise_0pct\c3400_phi20.00_logk-0.744444.png,pressure,3400,20,0.18011737,-0.744444403052799,0,1282026,860,0,18,generated
129,dabashenliu_run_129\particle_positions_150000.csv,noise_0pct\c3400_phi20.00_logk-0.522222.png,pressure,3400,20,0.30045387,-0.522222197678965,0,1292026,860,0,400,generated
130,dabashenliu_run_130\particle_positions_150000.csv,noise_0pct\c3400_phi20.00_logk-0.300000.png,pressure,3400,20,0.50118726,-0.299999977147204,0,1302026,860,0,216,generated
131,dabashenliu_run_131\particle_positions_150000.csv,noise_0pct\c3400_phi21.00_logk-2.300000.png,pressure,3400,21,0.0050118724,-2.29999999447783,0,1312026,860,0,0,generated
132,dabashenliu_run_132\particle_positions_150000.csv,noise_0pct\c3400_phi21.00_logk-2.077778.png,pressure,3400,21,0.0083603095,-2.07777764461193,0,1322026,860,0,0,generated
133,dabashenliu_run_133\particle_positions_150000.csv,noise_0pct\c3400_phi21.00_logk-1.855556.png,pressure,3400,21,0.013945831,-1.85555560201739,0,1332026,860,0,0,generated
134,dabashenliu_run_134\particle_positions_150000.csv,noise_0pct\c3400_phi21.00_logk-1.633333.png,pressure,3400,21,0.023263052,-1.63333330853244,0,1342026,860,0,0,generated
135,dabashenliu_run_135\particle_positions_150000.csv,noise_0pct\c3400_phi21.00_logk-1.411111.png,pressure,3400,21,0.038805105,-1.41111113709934,0,1352026,860,0,0,generated
136,dabashenliu_run_136\particle_positions_150000.csv,noise_0pct\c3400_phi21.00_logk-1.188889.png,pressure,3400,21,0.06473083,-1.18888882427963,0,1362026,860,0,0,generated
137,dabashenliu_run_137\particle_positions_150000.csv,noise_0pct\c3400_phi21.00_logk-0.966667.png,pressure,3400,21,0.10797753,-0.966666611293739,0,1372026,860,0,0,generated
138,dabashenliu_run_138\particle_positions_150000.csv,noise_0pct\c3400_phi21.00_logk-0.744444.png,pressure,3400,21,0.18011737,-0.744444403052799,0,1382026,860,0,0,generated
139,dabashenliu_run_139\particle_positions_150000.csv,noise_0pct\c3400_phi21.00_logk-0.522222.png,pressure,3400,21,0.30045387,-0.522222197678965,0,1392026,860,0,91,generated
140,dabashenliu_run_140\particle_positions_150000.csv,noise_0pct\c3400_phi21.00_logk-0.300000.png,pressure,3400,21,0.50118726,-0.299999977147204,0,1402026,860,0,551,generated
141,dabashenliu_run_141\particle_positions_150000.csv,noise_0pct\c3400_phi22.00_logk-2.300000.png,pressure,3400,22,0.0050118724,-2.29999999447783,0,1412026,860,0,0,generated
142,dabashenliu_run_142\particle_positions_150000.csv,noise_0pct\c3400_phi22.00_logk-2.077778.png,pressure,3400,22,0.0083603095,-2.07777764461193,0,1422026,860,0,0,generated
143,dabashenliu_run_143\particle_positions_150000.csv,noise_0pct\c3400_phi22.00_logk-1.855556.png,pressure,3400,22,0.013945831,-1.85555560201739,0,1432026,860,0,0,generated
144,dabashenliu_run_144\particle_positions_150000.csv,noise_0pct\c3400_phi22.00_logk-1.633333.png,pressure,3400,22,0.023263052,-1.63333330853244,0,1442026,860,0,0,generated
145,dabashenliu_run_145\particle_positions_150000.csv,noise_0pct\c3400_phi22.00_logk-1.411111.png,pressure,3400,22,0.038805105,-1.41111113709934,0,1452026,860,0,1,generated
146,dabashenliu_run_146\particle_positions_150000.csv,noise_0pct\c3400_phi22.00_logk-1.188889.png,pressure,3400,22,0.06473083,-1.18888882427963,0,1462026,860,0,0,generated
147,dabashenliu_run_147\particle_positions_150000.csv,noise_0pct\c3400_phi22.00_logk-0.966667.png,pressure,3400,22,0.10797753,-0.966666611293739,0,1472026,860,0,0,generated
148,dabashenliu_run_148\particle_positions_150000.csv,noise_0pct\c3400_phi22.00_logk-0.744444.png,pressure,3400,22,0.18011737,-0.744444403052799,0,1482026,860,0,2,generated
149,dabashenliu_run_149\particle_positions_150000.csv,noise_0pct\c3400_phi22.00_logk-0.522222.png,pressure,3400,22,0.30045387,-0.522222197678965,0,1492026,860,0,236,generated
150,dabashenliu_run_150\particle_positions_150000.csv,noise_0pct\c3400_phi22.00_logk-0.300000.png,pressure,3400,22,0.50118726,-0.299999977147204,0,1502026,860,0,294,generated
151,dabashenliu_run_151\particle_positions_150000.csv,noise_0pct\c3400_phi23.00_logk-2.300000.png,pressure,3400,23,0.0050118724,-2.29999999447783,0,1512026,860,0,0,generated
152,dabashenliu_run_152\particle_positions_150000.csv,noise_0pct\c3400_phi23.00_logk-2.077778.png,pressure,3400,23,0.0083603095,-2.07777764461193,0,1522026,860,0,0,generated
153,dabashenliu_run_153\particle_positions_150000.csv,noise_0pct\c3400_phi23.00_logk-1.855556.png,pressure,3400,23,0.013945831,-1.85555560201739,0,1532026,860,0,0,generated
154,dabashenliu_run_154\particle_positions_150000.csv,noise_0pct\c3400_phi23.00_logk-1.633333.png,pressure,3400,23,0.023263052,-1.63333330853244,0,1542026,860,0,0,generated
155,dabashenliu_run_155\particle_positions_150000.csv,noise_0pct\c3400_phi23.00_logk-1.411111.png,pressure,3400,23,0.038805105,-1.41111113709934,0,1552026,860,0,0,generated
156,dabashenliu_run_156\particle_positions_150000.csv,noise_0pct\c3400_phi23.00_logk-1.188889.png,pressure,3400,23,0.06473083,-1.18888882427963,0,1562026,860,0,0,generated
157,dabashenliu_run_157\particle_positions_150000.csv,noise_0pct\c3400_phi23.00_logk-0.966667.png,pressure,3400,23,0.10797753,-0.966666611293739,0,1572026,860,0,1,generated
158,dabashenliu_run_158\particle_positions_150000.csv,noise_0pct\c3400_phi23.00_logk-0.744444.png,pressure,3400,23,0.18011737,-0.744444403052799,0,1582026,860,0,0,generated
159,dabashenliu_run_159\particle_positions_150000.csv,noise_0pct\c3400_phi23.00_logk-0.522222.png,pressure,3400,23,0.30045387,-0.522222197678965,0,1592026,860,0,89,generated
160,dabashenliu_run_160\particle_positions_150000.csv,noise_0pct\c3400_phi23.00_logk-0.300000.png,pressure,3400,23,0.50118726,-0.299999977147204,0,1602026,860,0,428,generated
161,dabashenliu_run_161\particle_positions_150000.csv,noise_0pct\c3400_phi24.00_logk-2.300000.png,pressure,3400,24,0.0050118724,-2.29999999447783,0,1612026,860,0,0,generated
162,dabashenliu_run_162\particle_positions_150000.csv,noise_0pct\c3400_phi24.00_logk-2.077778.png,pressure,3400,24,0.0083603095,-2.07777764461193,0,1622026,860,0,0,generated
163,dabashenliu_run_163\particle_positions_150000.csv,noise_0pct\c3400_phi24.00_logk-1.855556.png,pressure,3400,24,0.013945831,-1.85555560201739,0,1632026,860,0,0,generated
164,dabashenliu_run_164\particle_positions_150000.csv,noise_0pct\c3400_phi24.00_logk-1.633333.png,pressure,3400,24,0.023263052,-1.63333330853244,0,1642026,860,0,0,generated
165,dabashenliu_run_165\particle_positions_150000.csv,noise_0pct\c3400_phi24.00_logk-1.411111.png,pressure,3400,24,0.038805105,-1.41111113709934,0,1652026,860,0,0,generated
166,dabashenliu_run_166\particle_positions_150000.csv,noise_0pct\c3400_phi24.00_logk-1.188889.png,pressure,3400,24,0.06473083,-1.18888882427963,0,1662026,860,0,0,generated
167,dabashenliu_run_167\particle_positions_150000.csv,noise_0pct\c3400_phi24.00_logk-0.966667.png,pressure,3400,24,0.10797753,-0.966666611293739,0,1672026,860,0,0,generated
168,dabashenliu_run_168\particle_positions_150000.csv,noise_0pct\c3400_phi24.00_logk-0.744444.png,pressure,3400,24,0.18011737,-0.744444403052799,0,1682026,860,0,389,generated
169,dabashenliu_run_169\particle_positions_150000.csv,noise_0pct\c3400_phi24.00_logk-0.522222.png,pressure,3400,24,0.30045387,-0.522222197678965,0,1692026,860,0,2,generated
170,dabashenliu_run_170\particle_positions_150000.csv,noise_0pct\c3400_phi24.00_logk-0.300000.png,pressure,3400,24,0.50118726,-0.299999977147204,0,1702026,860,0,339,generated
171,dabashenliu_run_171\particle_positions_150000.csv,noise_0pct\c3400_phi25.00_logk-2.300000.png,pressure,3400,25,0.0050118724,-2.29999999447783,0,1712026,860,0,0,generated
172,dabashenliu_run_172\particle_positions_150000.csv,noise_0pct\c3400_phi25.00_logk-2.077778.png,pressure,3400,25,0.0083603095,-2.07777764461193,0,1722026,860,0,0,generated
173,dabashenliu_run_173\particle_positions_150000.csv,noise_0pct\c3400_phi25.00_logk-1.855556.png,pressure,3400,25,0.013945831,-1.85555560201739,0,1732026,860,0,0,generated
174,dabashenliu_run_174\particle_positions_150000.csv,noise_0pct\c3400_phi25.00_logk-1.633333.png,pressure,3400,25,0.023263052,-1.63333330853244,0,1742026,860,0,0,generated
175,dabashenliu_run_175\particle_positions_150000.csv,noise_0pct\c3400_phi25.00_logk-1.411111.png,pressure,3400,25,0.038805105,-1.41111113709934,0,1752026,860,0,0,generated
176,dabashenliu_run_176\particle_positions_150000.csv,noise_0pct\c3400_phi25.00_logk-1.188889.png,pressure,3400,25,0.06473083,-1.18888882427963,0,1762026,860,0,0,generated
177,dabashenliu_run_177\particle_positions_150000.csv,noise_0pct\c3400_phi25.00_logk-0.966667.png,pressure,3400,25,0.10797753,-0.966666611293739,0,1772026,860,0,0,generated
178,dabashenliu_run_178\particle_positions_150000.csv,noise_0pct\c3400_phi25.00_logk-0.744444.png,pressure,3400,25,0.18011737,-0.744444403052799,0,1782026,860,0,198,generated
179,dabashenliu_run_179\particle_positions_150000.csv,noise_0pct\c3400_phi25.00_logk-0.522222.png,pressure,3400,25,0.30045387,-0.522222197678965,0,1792026,860,0,0,generated
180,dabashenliu_run_180\particle_positions_150000.csv,noise_0pct\c3400_phi25.00_logk-0.300000.png,pressure,3400,25,0.50118726,-0.299999977147204,0,1802026,860,0,1160,generated
181,dabashenliu_run_181\particle_positions_150000.csv,noise_0pct\c3400_phi26.00_logk-2.300000.png,pressure,3400,26,0.0050118724,-2.29999999447783,0,1812026,860,0,0,generated
182,dabashenliu_run_182\particle_positions_150000.csv,noise_0pct\c3400_phi26.00_logk-2.077778.png,pressure,3400,26,0.0083603095,-2.07777764461193,0,1822026,860,0,0,generated
183,dabashenliu_run_183\particle_positions_150000.csv,noise_0pct\c3400_phi26.00_logk-1.855556.png,pressure,3400,26,0.013945831,-1.85555560201739,0,1832026,860,0,0,generated
184,dabashenliu_run_184\particle_positions_150000.csv,noise_0pct\c3400_phi26.00_logk-1.633333.png,pressure,3400,26,0.023263052,-1.63333330853244,0,1842026,860,0,0,generated
185,dabashenliu_run_185\particle_positions_150000.csv,noise_0pct\c3400_phi26.00_logk-1.411111.png,pressure,3400,26,0.038805105,-1.41111113709934,0,1852026,860,0,0,generated
186,dabashenliu_run_186\particle_positions_150000.csv,noise_0pct\c3400_phi26.00_logk-1.188889.png,pressure,3400,26,0.06473083,-1.18888882427963,0,1862026,860,0,0,generated
187,dabashenliu_run_187\particle_positions_150000.csv,noise_0pct\c3400_phi26.00_logk-0.966667.png,pressure,3400,26,0.10797753,-0.966666611293739,0,1872026,860,0,0,generated
188,dabashenliu_run_188\particle_positions_150000.csv,noise_0pct\c3400_phi26.00_logk-0.744444.png,pressure,3400,26,0.18011737,-0.744444403052799,0,1882026,860,0,0,generated
189,dabashenliu_run_189\particle_positions_150000.csv,noise_0pct\c3400_phi26.00_logk-0.522222.png,pressure,3400,26,0.30045387,-0.522222197678965,0,1892026,860,0,32,generated
190,dabashenliu_run_190\particle_positions_150000.csv,noise_0pct\c3400_phi26.00_logk-0.300000.png,pressure,3400,26,0.50118726,-0.299999977147204,0,1902026,860,0,657,generated
191,dabashenliu_run_191\particle_positions_150000.csv,noise_0pct\c3400_phi27.00_logk-2.300000.png,pressure,3400,27,0.0050118724,-2.29999999447783,0,1912026,860,0,0,generated
192,dabashenliu_run_192\particle_positions_150000.csv,noise_0pct\c3400_phi27.00_logk-2.077778.png,pressure,3400,27,0.0083603095,-2.07777764461193,0,1922026,860,0,0,generated
193,dabashenliu_run_193\particle_positions_150000.csv,noise_0pct\c3400_phi27.00_logk-1.855556.png,pressure,3400,27,0.013945831,-1.85555560201739,0,1932026,860,0,0,generated
194,dabashenliu_run_194\particle_positions_150000.csv,noise_0pct\c3400_phi27.00_logk-1.633333.png,pressure,3400,27,0.023263052,-1.63333330853244,0,1942026,860,0,0,generated
195,dabashenliu_run_195\particle_positions_150000.csv,noise_0pct\c3400_phi27.00_logk-1.411111.png,pressure,3400,27,0.038805105,-1.41111113709934,0,1952026,860,0,0,generated
196,dabashenliu_run_196\particle_positions_150000.csv,noise_0pct\c3400_phi27.00_logk-1.188889.png,pressure,3400,27,0.06473083,-1.18888882427963,0,1962026,860,0,0,generated
197,dabashenliu_run_197\particle_positions_150000.csv,noise_0pct\c3400_phi27.00_logk-0.966667.png,pressure,3400,27,0.10797753,-0.966666611293739,0,1972026,860,0,36,generated
198,dabashenliu_run_198\particle_positions_150000.csv,noise_0pct\c3400_phi27.00_logk-0.744444.png,pressure,3400,27,0.18011737,-0.744444403052799,0,1982026,860,0,88,generated
199,dabashenliu_run_199\particle_positions_150000.csv,noise_0pct\c3400_phi27.00_logk-0.522222.png,pressure,3400,27,0.30045387,-0.522222197678965,0,1992026,860,0,137,generated
200,dabashenliu_run_200\particle_positions_150000.csv,noise_0pct\c3400_phi27.00_logk-0.300000.png,pressure,3400,27,0.50118726,-0.299999977147204,0,2002026,860,0,258,generated
201,dabashenliu_run_201\particle_positions_150000.csv,noise_0pct\c3800_phi18.00_logk-2.300000.png,pressure,3800,18,0.0050118724,-2.29999999447783,0,2012026,860,0,0,generated
202,dabashenliu_run_202\particle_positions_150000.csv,noise_0pct\c3800_phi18.00_logk-2.077778.png,pressure,3800,18,0.0083603095,-2.07777764461193,0,2022026,860,0,0,generated
203,dabashenliu_run_203\particle_positions_150000.csv,noise_0pct\c3800_phi18.00_logk-1.855556.png,pressure,3800,18,0.013945831,-1.85555560201739,0,2032026,860,0,0,generated
204,dabashenliu_run_204\particle_positions_150000.csv,noise_0pct\c3800_phi18.00_logk-1.633333.png,pressure,3800,18,0.023263052,-1.63333330853244,0,2042026,860,0,0,generated
205,dabashenliu_run_205\particle_positions_150000.csv,noise_0pct\c3800_phi18.00_logk-1.411111.png,pressure,3800,18,0.038805105,-1.41111113709934,0,2052026,860,0,0,generated
206,dabashenliu_run_206\particle_positions_150000.csv,noise_0pct\c3800_phi18.00_logk-1.188889.png,pressure,3800,18,0.06473083,-1.18888882427963,0,2062026,860,0,0,generated
207,dabashenliu_run_207\particle_positions_150000.csv,noise_0pct\c3800_phi18.00_logk-0.966667.png,pressure,3800,18,0.10797753,-0.966666611293739,0,2072026,860,0,16,generated
208,dabashenliu_run_208\particle_positions_150000.csv,noise_0pct\c3800_phi18.00_logk-0.744444.png,pressure,3800,18,0.18011737,-0.744444403052799,0,2082026,860,0,0,generated
209,dabashenliu_run_209\particle_positions_150000.csv,noise_0pct\c3800_phi18.00_logk-0.522222.png,pressure,3800,18,0.30045387,-0.522222197678965,0,2092026,860,0,0,generated
210,dabashenliu_run_210\particle_positions_150000.csv,noise_0pct\c3800_phi18.00_logk-0.300000.png,pressure,3800,18,0.50118726,-0.299999977147204,0,2102026,860,0,25,generated
211,dabashenliu_run_211\particle_positions_150000.csv,noise_0pct\c3800_phi19.00_logk-2.300000.png,pressure,3800,19,0.0050118724,-2.29999999447783,0,2112026,860,0,0,generated
212,dabashenliu_run_212\particle_positions_150000.csv,noise_0pct\c3800_phi19.00_logk-2.077778.png,pressure,3800,19,0.0083603095,-2.07777764461193,0,2122026,860,0,0,generated
213,dabashenliu_run_213\particle_positions_150000.csv,noise_0pct\c3800_phi19.00_logk-1.855556.png,pressure,3800,19,0.013945831,-1.85555560201739,0,2132026,860,0,0,generated
214,dabashenliu_run_214\particle_positions_150000.csv,noise_0pct\c3800_phi19.00_logk-1.633333.png,pressure,3800,19,0.023263052,-1.63333330853244,0,2142026,860,0,0,generated
215,dabashenliu_run_215\particle_positions_150000.csv,noise_0pct\c3800_phi19.00_logk-1.411111.png,pressure,3800,19,0.038805105,-1.41111113709934,0,2152026,860,0,0,generated
216,dabashenliu_run_216\particle_positions_150000.csv,noise_0pct\c3800_phi19.00_logk-1.188889.png,pressure,3800,19,0.06473083,-1.18888882427963,0,2162026,860,0,0,generated
217,dabashenliu_run_217\particle_positions_150000.csv,noise_0pct\c3800_phi19.00_logk-0.966667.png,pressure,3800,19,0.10797753,-0.966666611293739,0,2172026,860,0,86,generated
218,dabashenliu_run_218\particle_positions_150000.csv,noise_0pct\c3800_phi19.00_logk-0.744444.png,pressure,3800,19,0.18011737,-0.744444403052799,0,2182026,860,0,236,generated
219,dabashenliu_run_219\particle_positions_150000.csv,noise_0pct\c3800_phi19.00_logk-0.522222.png,pressure,3800,19,0.30045387,-0.522222197678965,0,2192026,860,0,221,generated
220,dabashenliu_run_220\particle_positions_150000.csv,noise_0pct\c3800_phi19.00_logk-0.300000.png,pressure,3800,19,0.50118726,-0.299999977147204,0,2202026,860,0,1328,generated
221,dabashenliu_run_221\particle_positions_150000.csv,noise_0pct\c3800_phi20.00_logk-2.300000.png,pressure,3800,20,0.0050118724,-2.29999999447783,0,2212026,860,0,0,generated
222,dabashenliu_run_222\particle_positions_150000.csv,noise_0pct\c3800_phi20.00_logk-2.077778.png,pressure,3800,20,0.0083603095,-2.07777764461193,0,2222026,860,0,0,generated
223,dabashenliu_run_223\particle_positions_150000.csv,noise_0pct\c3800_phi20.00_logk-1.855556.png,pressure,3800,20,0.013945831,-1.85555560201739,0,2232026,860,0,0,generated
224,dabashenliu_run_224\particle_positions_150000.csv,noise_0pct\c3800_phi20.00_logk-1.633333.png,pressure,3800,20,0.023263052,-1.63333330853244,0,2242026,860,0,0,generated
225,dabashenliu_run_225\particle_positions_150000.csv,noise_0pct\c3800_phi20.00_logk-1.411111.png,pressure,3800,20,0.038805105,-1.41111113709934,0,2252026,860,0,0,generated
226,dabashenliu_run_226\particle_positions_150000.csv,noise_0pct\c3800_phi20.00_logk-1.188889.png,pressure,3800,20,0.06473083,-1.18888882427963,0,2262026,860,0,0,generated
227,dabashenliu_run_227\particle_positions_150000.csv,noise_0pct\c3800_phi20.00_logk-0.966667.png,pressure,3800,20,0.10797753,-0.966666611293739,0,2272026,860,0,61,generated
228,dabashenliu_run_228\particle_positions_150000.csv,noise_0pct\c3800_phi20.00_logk-0.744444.png,pressure,3800,20,0.18011737,-0.744444403052799,0,2282026,860,0,469,generated
229,dabashenliu_run_229\particle_positions_150000.csv,noise_0pct\c3800_phi20.00_logk-0.522222.png,pressure,3800,20,0.30045387,-0.522222197678965,0,2292026,860,0,27,generated
230,dabashenliu_run_230\particle_positions_150000.csv,noise_0pct\c3800_phi20.00_logk-0.300000.png,pressure,3800,20,0.50118726,-0.299999977147204,0,2302026,860,0,0,generated
231,dabashenliu_run_231\particle_positions_150000.csv,noise_0pct\c3800_phi21.00_logk-2.300000.png,pressure,3800,21,0.0050118724,-2.29999999447783,0,2312026,860,0,0,generated
232,dabashenliu_run_232\particle_positions_150000.csv,noise_0pct\c3800_phi21.00_logk-2.077778.png,pressure,3800,21,0.0083603095,-2.07777764461193,0,2322026,860,0,0,generated
233,dabashenliu_run_233\particle_positions_150000.csv,noise_0pct\c3800_phi21.00_logk-1.855556.png,pressure,3800,21,0.013945831,-1.85555560201739,0,2332026,860,0,0,generated
234,dabashenliu_run_234\particle_positions_150000.csv,noise_0pct\c3800_phi21.00_logk-1.633333.png,pressure,3800,21,0.023263052,-1.63333330853244,0,2342026,860,0,0,generated
235,dabashenliu_run_235\particle_positions_150000.csv,noise_0pct\c3800_phi21.00_logk-1.411111.png,pressure,3800,21,0.038805105,-1.41111113709934,0,2352026,860,0,1,generated
236,dabashenliu_run_236\particle_positions_150000.csv,noise_0pct\c3800_phi21.00_logk-1.188889.png,pressure,3800,21,0.06473083,-1.18888882427963,0,2362026,860,0,0,generated
237,dabashenliu_run_237\particle_positions_150000.csv,noise_0pct\c3800_phi21.00_logk-0.966667.png,pressure,3800,21,0.10797753,-0.966666611293739,0,2372026,860,0,0,generated
238,dabashenliu_run_238\particle_positions_150000.csv,noise_0pct\c3800_phi21.00_logk-0.744444.png,pressure,3800,21,0.18011737,-0.744444403052799,0,2382026,860,0,93,generated
239,dabashenliu_run_239\particle_positions_150000.csv,noise_0pct\c3800_phi21.00_logk-0.522222.png,pressure,3800,21,0.30045387,-0.522222197678965,0,2392026,860,0,6,generated
240,dabashenliu_run_240\particle_positions_150000.csv,noise_0pct\c3800_phi21.00_logk-0.300000.png,pressure,3800,21,0.50118726,-0.299999977147204,0,2402026,860,0,122,generated
241,dabashenliu_run_241\particle_positions_150000.csv,noise_0pct\c3800_phi22.00_logk-2.300000.png,pressure,3800,22,0.0050118724,-2.29999999447783,0,2412026,860,0,0,generated
242,dabashenliu_run_242\particle_positions_150000.csv,noise_0pct\c3800_phi22.00_logk-2.077778.png,pressure,3800,22,0.0083603095,-2.07777764461193,0,2422026,860,0,0,generated
243,dabashenliu_run_243\particle_positions_150000.csv,noise_0pct\c3800_phi22.00_logk-1.855556.png,pressure,3800,22,0.013945831,-1.85555560201739,0,2432026,860,0,0,generated
244,dabashenliu_run_244\particle_positions_150000.csv,noise_0pct\c3800_phi22.00_logk-1.633333.png,pressure,3800,22,0.023263052,-1.63333330853244,0,2442026,860,0,0,generated
245,dabashenliu_run_245\particle_positions_150000.csv,noise_0pct\c3800_phi22.00_logk-1.411111.png,pressure,3800,22,0.038805105,-1.41111113709934,0,2452026,860,0,0,generated
246,dabashenliu_run_246\particle_positions_150000.csv,noise_0pct\c3800_phi22.00_logk-1.188889.png,pressure,3800,22,0.06473083,-1.18888882427963,0,2462026,860,0,0,generated
247,dabashenliu_run_247\particle_positions_150000.csv,noise_0pct\c3800_phi22.00_logk-0.966667.png,pressure,3800,22,0.10797753,-0.966666611293739,0,2472026,860,0,0,generated
248,dabashenliu_run_248\particle_positions_150000.csv,noise_0pct\c3800_phi22.00_logk-0.744444.png,pressure,3800,22,0.18011737,-0.744444403052799,0,2482026,860,0,309,generated
249,dabashenliu_run_249\particle_positions_150000.csv,noise_0pct\c3800_phi22.00_logk-0.522222.png,pressure,3800,22,0.30045387,-0.522222197678965,0,2492026,860,0,0,generated
250,dabashenliu_run_250\particle_positions_150000.csv,noise_0pct\c3800_phi22.00_logk-0.300000.png,pressure,3800,22,0.50118726,-0.299999977147204,0,2502026,860,0,359,generated
251,dabashenliu_run_251\particle_positions_150000.csv,noise_0pct\c3800_phi23.00_logk-2.300000.png,pressure,3800,23,0.0050118724,-2.29999999447783,0,2512026,860,0,0,generated
252,dabashenliu_run_252\particle_positions_150000.csv,noise_0pct\c3800_phi23.00_logk-2.077778.png,pressure,3800,23,0.0083603095,-2.07777764461193,0,2522026,860,0,0,generated
253,dabashenliu_run_253\particle_positions_150000.csv,noise_0pct\c3800_phi23.00_logk-1.855556.png,pressure,3800,23,0.013945831,-1.85555560201739,0,2532026,860,0,0,generated
254,dabashenliu_run_254\particle_positions_150000.csv,noise_0pct\c3800_phi23.00_logk-1.633333.png,pressure,3800,23,0.023263052,-1.63333330853244,0,2542026,860,0,0,generated
255,dabashenliu_run_255\particle_positions_150000.csv,noise_0pct\c3800_phi23.00_logk-1.411111.png,pressure,3800,23,0.038805105,-1.41111113709934,0,2552026,860,0,0,generated
256,dabashenliu_run_256\particle_positions_150000.csv,noise_0pct\c3800_phi23.00_logk-1.188889.png,pressure,3800,23,0.06473083,-1.18888882427963,0,2562026,860,0,0,generated
257,dabashenliu_run_257\particle_positions_150000.csv,noise_0pct\c3800_phi23.00_logk-0.966667.png,pressure,3800,23,0.10797753,-0.966666611293739,0,2572026,860,0,0,generated
258,dabashenliu_run_258\particle_positions_150000.csv,noise_0pct\c3800_phi23.00_logk-0.744444.png,pressure,3800,23,0.18011737,-0.744444403052799,0,2582026,860,0,186,generated
259,dabashenliu_run_259\particle_positions_150000.csv,noise_0pct\c3800_phi23.00_logk-0.522222.png,pressure,3800,23,0.30045387,-0.522222197678965,0,2592026,860,0,23,generated
260,dabashenliu_run_260\particle_positions_150000.csv,noise_0pct\c3800_phi23.00_logk-0.300000.png,pressure,3800,23,0.50118726,-0.299999977147204,0,2602026,860,0,617,generated
261,dabashenliu_run_261\particle_positions_150000.csv,noise_0pct\c3800_phi24.00_logk-2.300000.png,pressure,3800,24,0.0050118724,-2.29999999447783,0,2612026,860,0,0,generated
262,dabashenliu_run_262\particle_positions_150000.csv,noise_0pct\c3800_phi24.00_logk-2.077778.png,pressure,3800,24,0.0083603095,-2.07777764461193,0,2622026,860,0,0,generated
263,dabashenliu_run_263\particle_positions_150000.csv,noise_0pct\c3800_phi24.00_logk-1.855556.png,pressure,3800,24,0.013945831,-1.85555560201739,0,2632026,860,0,0,generated
264,dabashenliu_run_264\particle_positions_150000.csv,noise_0pct\c3800_phi24.00_logk-1.633333.png,pressure,3800,24,0.023263052,-1.63333330853244,0,2642026,860,0,0,generated
265,dabashenliu_run_265\particle_positions_150000.csv,noise_0pct\c3800_phi24.00_logk-1.411111.png,pressure,3800,24,0.038805105,-1.41111113709934,0,2652026,860,0,0,generated
266,dabashenliu_run_266\particle_positions_150000.csv,noise_0pct\c3800_phi24.00_logk-1.188889.png,pressure,3800,24,0.06473083,-1.18888882427963,0,2662026,860,0,0,generated
267,dabashenliu_run_267\particle_positions_150000.csv,noise_0pct\c3800_phi24.00_logk-0.966667.png,pressure,3800,24,0.10797753,-0.966666611293739,0,2672026,860,0,0,generated
268,dabashenliu_run_268\particle_positions_150000.csv,noise_0pct\c3800_phi24.00_logk-0.744444.png,pressure,3800,24,0.18011737,-0.744444403052799,0,2682026,860,0,23,generated
269,dabashenliu_run_269\particle_positions_150000.csv,noise_0pct\c3800_phi24.00_logk-0.522222.png,pressure,3800,24,0.30045387,-0.522222197678965,0,2692026,860,0,347,generated
270,dabashenliu_run_270\particle_positions_150000.csv,noise_0pct\c3800_phi24.00_logk-0.300000.png,pressure,3800,24,0.50118726,-0.299999977147204,0,2702026,860,0,606,generated
271,dabashenliu_run_271\particle_positions_150000.csv,noise_0pct\c3800_phi25.00_logk-2.300000.png,pressure,3800,25,0.0050118724,-2.29999999447783,0,2712026,860,0,0,generated
272,dabashenliu_run_272\particle_positions_150000.csv,noise_0pct\c3800_phi25.00_logk-2.077778.png,pressure,3800,25,0.0083603095,-2.07777764461193,0,2722026,860,0,0,generated
273,dabashenliu_run_273\particle_positions_150000.csv,noise_0pct\c3800_phi25.00_logk-1.855556.png,pressure,3800,25,0.013945831,-1.85555560201739,0,2732026,860,0,0,generated
274,dabashenliu_run_274\particle_positions_150000.csv,noise_0pct\c3800_phi25.00_logk-1.633333.png,pressure,3800,25,0.023263052,-1.63333330853244,0,2742026,860,0,0,generated
275,dabashenliu_run_275\particle_positions_150000.csv,noise_0pct\c3800_phi25.00_logk-1.411111.png,pressure,3800,25,0.038805105,-1.41111113709934,0,2752026,860,0,0,generated
276,dabashenliu_run_276\particle_positions_150000.csv,noise_0pct\c3800_phi25.00_logk-1.188889.png,pressure,3800,25,0.06473083,-1.18888882427963,0,2762026,860,0,0,generated
277,dabashenliu_run_277\particle_positions_150000.csv,noise_0pct\c3800_phi25.00_logk-0.966667.png,pressure,3800,25,0.10797753,-0.966666611293739,0,2772026,860,0,12,generated
278,dabashenliu_run_278\particle_positions_150000.csv,noise_0pct\c3800_phi25.00_logk-0.744444.png,pressure,3800,25,0.18011737,-0.744444403052799,0,2782026,860,0,491,generated
279,dabashenliu_run_279\particle_positions_150000.csv,noise_0pct\c3800_phi25.00_logk-0.522222.png,pressure,3800,25,0.30045387,-0.522222197678965,0,2792026,860,0,0,generated
280,dabashenliu_run_280\particle_positions_150000.csv,noise_0pct\c3800_phi25.00_logk-0.300000.png,pressure,3800,25,0.50118726,-0.299999977147204,0,2802026,860,0,590,generated
281,dabashenliu_run_281\particle_positions_150000.csv,noise_0pct\c3800_phi26.00_logk-2.300000.png,pressure,3800,26,0.0050118724,-2.29999999447783,0,2812026,860,0,0,generated
282,dabashenliu_run_282\particle_positions_150000.csv,noise_0pct\c3800_phi26.00_logk-2.077778.png,pressure,3800,26,0.0083603095,-2.07777764461193,0,2822026,860,0,0,generated
283,dabashenliu_run_283\particle_positions_150000.csv,noise_0pct\c3800_phi26.00_logk-1.855556.png,pressure,3800,26,0.013945831,-1.85555560201739,0,2832026,860,0,0,generated
284,dabashenliu_run_284\particle_positions_150000.csv,noise_0pct\c3800_phi26.00_logk-1.633333.png,pressure,3800,26,0.023263052,-1.63333330853244,0,2842026,860,0,0,generated
285,dabashenliu_run_285\particle_positions_150000.csv,noise_0pct\c3800_phi26.00_logk-1.411111.png,pressure,3800,26,0.038805105,-1.41111113709934,0,2852026,860,0,0,generated
286,dabashenliu_run_286\particle_positions_150000.csv,noise_0pct\c3800_phi26.00_logk-1.188889.png,pressure,3800,26,0.06473083,-1.18888882427963,0,2862026,860,0,0,generated
287,dabashenliu_run_287\particle_positions_150000.csv,noise_0pct\c3800_phi26.00_logk-0.966667.png,pressure,3800,26,0.10797753,-0.966666611293739,0,2872026,860,0,2,generated
288,dabashenliu_run_288\particle_positions_150000.csv,noise_0pct\c3800_phi26.00_logk-0.744444.png,pressure,3800,26,0.18011737,-0.744444403052799,0,2882026,860,0,0,generated
289,dabashenliu_run_289\particle_positions_150000.csv,noise_0pct\c3800_phi26.00_logk-0.522222.png,pressure,3800,26,0.30045387,-0.522222197678965,0,2892026,860,0,158,generated
290,dabashenliu_run_290\particle_positions_150000.csv,noise_0pct\c3800_phi26.00_logk-0.300000.png,pressure,3800,26,0.50118726,-0.299999977147204,0,2902026,860,0,414,generated
291,dabashenliu_run_291\particle_positions_150000.csv,noise_0pct\c3800_phi27.00_logk-2.300000.png,pressure,3800,27,0.0050118724,-2.29999999447783,0,2912026,860,0,0,generated
292,dabashenliu_run_292\particle_positions_150000.csv,noise_0pct\c3800_phi27.00_logk-2.077778.png,pressure,3800,27,0.0083603095,-2.07777764461193,0,2922026,860,0,0,generated
293,dabashenliu_run_293\particle_positions_150000.csv,noise_0pct\c3800_phi27.00_logk-1.855556.png,pressure,3800,27,0.013945831,-1.85555560201739,0,2932026,860,0,0,generated
294,dabashenliu_run_294\particle_positions_150000.csv,noise_0pct\c3800_phi27.00_logk-1.633333.png,pressure,3800,27,0.023263052,-1.63333330853244,0,2942026,860,0,0,generated
295,dabashenliu_run_295\particle_positions_150000.csv,noise_0pct\c3800_phi27.00_logk-1.411111.png,pressure,3800,27,0.038805105,-1.41111113709934,0,2952026,860,0,0,generated
296,dabashenliu_run_296\particle_positions_150000.csv,noise_0pct\c3800_phi27.00_logk-1.188889.png,pressure,3800,27,0.06473083,-1.18888882427963,0,2962026,860,0,0,generated
297,dabashenliu_run_297\particle_positions_150000.csv,noise_0pct\c3800_phi27.00_logk-0.966667.png,pressure,3800,27,0.10797753,-0.966666611293739,0,2972026,860,0,4,generated
298,dabashenliu_run_298\particle_positions_150000.csv,noise_0pct\c3800_phi27.00_logk-0.744444.png,pressure,3800,27,0.18011737,-0.744444403052799,0,2982026,860,0,111,generated
299,dabashenliu_run_299\particle_positions_150000.csv,noise_0pct\c3800_phi27.00_logk-0.522222.png,pressure,3800,27,0.30045387,-0.522222197678965,0,2992026,860,0,290,generated
300,dabashenliu_run_300\particle_positions_150000.csv,noise_0pct\c3800_phi27.00_logk-0.300000.png,pressure,3800,27,0.50118726,-0.299999977147204,0,3002026,860,0,354,generated
301,dabashenliu_run_301\particle_positions_150000.csv,noise_0pct\c4200_phi18.00_logk-2.300000.png,pressure,4200,18,0.0050118724,-2.29999999447783,0,3012026,860,0,0,generated
302,dabashenliu_run_302\particle_positions_150000.csv,noise_0pct\c4200_phi18.00_logk-2.077778.png,pressure,4200,18,0.0083603095,-2.07777764461193,0,3022026,860,0,0,generated
303,dabashenliu_run_303\particle_positions_150000.csv,noise_0pct\c4200_phi18.00_logk-1.855556.png,pressure,4200,18,0.013945831,-1.85555560201739,0,3032026,860,0,0,generated
304,dabashenliu_run_304\particle_positions_150000.csv,noise_0pct\c4200_phi18.00_logk-1.633333.png,pressure,4200,18,0.023263052,-1.63333330853244,0,3042026,860,0,0,generated
305,dabashenliu_run_305\particle_positions_150000.csv,noise_0pct\c4200_phi18.00_logk-1.411111.png,pressure,4200,18,0.038805105,-1.41111113709934,0,3052026,860,0,0,generated
306,dabashenliu_run_306\particle_positions_150000.csv,noise_0pct\c4200_phi18.00_logk-1.188889.png,pressure,4200,18,0.06473083,-1.18888882427963,0,3062026,860,0,0,generated
307,dabashenliu_run_307\particle_positions_150000.csv,noise_0pct\c4200_phi18.00_logk-0.966667.png,pressure,4200,18,0.10797753,-0.966666611293739,0,3072026,860,0,192,generated
308,dabashenliu_run_308\particle_positions_150000.csv,noise_0pct\c4200_phi18.00_logk-0.744444.png,pressure,4200,18,0.18011737,-0.744444403052799,0,3082026,860,0,77,generated
309,dabashenliu_run_309\particle_positions_150000.csv,noise_0pct\c4200_phi18.00_logk-0.522222.png,pressure,4200,18,0.30045387,-0.522222197678965,0,3092026,860,0,213,generated
310,dabashenliu_run_310\particle_positions_150000.csv,noise_0pct\c4200_phi18.00_logk-0.300000.png,pressure,4200,18,0.50118726,-0.299999977147204,0,3102026,860,0,514,generated
311,dabashenliu_run_311\particle_positions_150000.csv,noise_0pct\c4200_phi19.00_logk-2.300000.png,pressure,4200,19,0.0050118724,-2.29999999447783,0,3112026,860,0,0,generated
312,dabashenliu_run_312\particle_positions_150000.csv,noise_0pct\c4200_phi19.00_logk-2.077778.png,pressure,4200,19,0.0083603095,-2.07777764461193,0,3122026,860,0,0,generated
313,dabashenliu_run_313\particle_positions_150000.csv,noise_0pct\c4200_phi19.00_logk-1.855556.png,pressure,4200,19,0.013945831,-1.85555560201739,0,3132026,860,0,0,generated
314,dabashenliu_run_314\particle_positions_150000.csv,noise_0pct\c4200_phi19.00_logk-1.633333.png,pressure,4200,19,0.023263052,-1.63333330853244,0,3142026,860,0,0,generated
315,dabashenliu_run_315\particle_positions_150000.csv,noise_0pct\c4200_phi19.00_logk-1.411111.png,pressure,4200,19,0.038805105,-1.41111113709934,0,3152026,860,0,0,generated
316,dabashenliu_run_316\particle_positions_150000.csv,noise_0pct\c4200_phi19.00_logk-1.188889.png,pressure,4200,19,0.06473083,-1.18888882427963,0,3162026,860,0,0,generated
317,dabashenliu_run_317\particle_positions_150000.csv,noise_0pct\c4200_phi19.00_logk-0.966667.png,pressure,4200,19,0.10797753,-0.966666611293739,0,3172026,860,0,12,generated
318,dabashenliu_run_318\particle_positions_150000.csv,noise_0pct\c4200_phi19.00_logk-0.744444.png,pressure,4200,19,0.18011737,-0.744444403052799,0,3182026,860,0,161,generated
319,dabashenliu_run_319\particle_positions_150000.csv,noise_0pct\c4200_phi19.00_logk-0.522222.png,pressure,4200,19,0.30045387,-0.522222197678965,0,3192026,860,0,2,generated
320,dabashenliu_run_320\particle_positions_150000.csv,noise_0pct\c4200_phi19.00_logk-0.300000.png,pressure,4200,19,0.50118726,-0.299999977147204,0,3202026,860,0,563,generated
321,dabashenliu_run_321\particle_positions_150000.csv,noise_0pct\c4200_phi20.00_logk-2.300000.png,pressure,4200,20,0.0050118724,-2.29999999447783,0,3212026,860,0,0,generated
322,dabashenliu_run_322\particle_positions_150000.csv,noise_0pct\c4200_phi20.00_logk-2.077778.png,pressure,4200,20,0.0083603095,-2.07777764461193,0,3222026,860,0,0,generated
323,dabashenliu_run_323\particle_positions_150000.csv,noise_0pct\c4200_phi20.00_logk-1.855556.png,pressure,4200,20,0.013945831,-1.85555560201739,0,3232026,860,0,0,generated
324,dabashenliu_run_324\particle_positions_150000.csv,noise_0pct\c4200_phi20.00_logk-1.633333.png,pressure,4200,20,0.023263052,-1.63333330853244,0,3242026,860,0,0,generated
325,dabashenliu_run_325\particle_positions_150000.csv,noise_0pct\c4200_phi20.00_logk-1.411111.png,pressure,4200,20,0.038805105,-1.41111113709934,0,3252026,860,0,0,generated
326,dabashenliu_run_326\particle_positions_150000.csv,noise_0pct\c4200_phi20.00_logk-1.188889.png,pressure,4200,20,0.06473083,-1.18888882427963,0,3262026,860,0,0,generated
327,dabashenliu_run_327\particle_positions_150000.csv,noise_0pct\c4200_phi20.00_logk-0.966667.png,pressure,4200,20,0.10797753,-0.966666611293739,0,3272026,860,0,0,generated
328,dabashenliu_run_328\particle_positions_150000.csv,noise_0pct\c4200_phi20.00_logk-0.744444.png,pressure,4200,20,0.18011737,-0.744444403052799,0,3282026,860,0,0,generated
329,dabashenliu_run_329\particle_positions_150000.csv,noise_0pct\c4200_phi20.00_logk-0.522222.png,pressure,4200,20,0.30045387,-0.522222197678965,0,3292026,860,0,278,generated
330,dabashenliu_run_330\particle_positions_150000.csv,noise_0pct\c4200_phi20.00_logk-0.300000.png,pressure,4200,20,0.50118726,-0.299999977147204,0,3302026,860,0,756,generated
331,dabashenliu_run_331\particle_positions_150000.csv,noise_0pct\c4200_phi21.00_logk-2.300000.png,pressure,4200,21,0.0050118724,-2.29999999447783,0,3312026,860,0,0,generated
332,dabashenliu_run_332\particle_positions_150000.csv,noise_0pct\c4200_phi21.00_logk-2.077778.png,pressure,4200,21,0.0083603095,-2.07777764461193,0,3322026,860,0,0,generated
333,dabashenliu_run_333\particle_positions_150000.csv,noise_0pct\c4200_phi21.00_logk-1.855556.png,pressure,4200,21,0.013945831,-1.85555560201739,0,3332026,860,0,0,generated
334,dabashenliu_run_334\particle_positions_150000.csv,noise_0pct\c4200_phi21.00_logk-1.633333.png,pressure,4200,21,0.023263052,-1.63333330853244,0,3342026,860,0,0,generated
335,dabashenliu_run_335\particle_positions_150000.csv,noise_0pct\c4200_phi21.00_logk-1.411111.png,pressure,4200,21,0.038805105,-1.41111113709934,0,3352026,860,0,0,generated
336,dabashenliu_run_336\particle_positions_150000.csv,noise_0pct\c4200_phi21.00_logk-1.188889.png,pressure,4200,21,0.06473083,-1.18888882427963,0,3362026,860,0,0,generated
337,dabashenliu_run_337\particle_positions_150000.csv,noise_0pct\c4200_phi21.00_logk-0.966667.png,pressure,4200,21,0.10797753,-0.966666611293739,0,3372026,860,0,0,generated
338,dabashenliu_run_338\particle_positions_150000.csv,noise_0pct\c4200_phi21.00_logk-0.744444.png,pressure,4200,21,0.18011737,-0.744444403052799,0,3382026,860,0,109,generated
339,dabashenliu_run_339\particle_positions_150000.csv,noise_0pct\c4200_phi21.00_logk-0.522222.png,pressure,4200,21,0.30045387,-0.522222197678965,0,3392026,860,0,2,generated
340,dabashenliu_run_340\particle_positions_150000.csv,noise_0pct\c4200_phi21.00_logk-0.300000.png,pressure,4200,21,0.50118726,-0.299999977147204,0,3402026,860,0,441,generated
341,dabashenliu_run_341\particle_positions_150000.csv,noise_0pct\c4200_phi22.00_logk-2.300000.png,pressure,4200,22,0.0050118724,-2.29999999447783,0,3412026,860,0,0,generated
342,dabashenliu_run_342\particle_positions_150000.csv,noise_0pct\c4200_phi22.00_logk-2.077778.png,pressure,4200,22,0.0083603095,-2.07777764461193,0,3422026,860,0,0,generated
343,dabashenliu_run_343\particle_positions_150000.csv,noise_0pct\c4200_phi22.00_logk-1.855556.png,pressure,4200,22,0.013945831,-1.85555560201739,0,3432026,860,0,0,generated
344,dabashenliu_run_344\particle_positions_150000.csv,noise_0pct\c4200_phi22.00_logk-1.633333.png,pressure,4200,22,0.023263052,-1.63333330853244,0,3442026,860,0,0,generated
345,dabashenliu_run_345\particle_positions_150000.csv,noise_0pct\c4200_phi22.00_logk-1.411111.png,pressure,4200,22,0.038805105,-1.41111113709934,0,3452026,860,0,0,generated
346,dabashenliu_run_346\particle_positions_150000.csv,noise_0pct\c4200_phi22.00_logk-1.188889.png,pressure,4200,22,0.06473083,-1.18888882427963,0,3462026,860,0,0,generated
347,dabashenliu_run_347\particle_positions_150000.csv,noise_0pct\c4200_phi22.00_logk-0.966667.png,pressure,4200,22,0.10797753,-0.966666611293739,0,3472026,860,0,0,generated
348,dabashenliu_run_348\particle_positions_150000.csv,noise_0pct\c4200_phi22.00_logk-0.744444.png,pressure,4200,22,0.18011737,-0.744444403052799,0,3482026,860,0,96,generated
349,dabashenliu_run_349\particle_positions_150000.csv,noise_0pct\c4200_phi22.00_logk-0.522222.png,pressure,4200,22,0.30045387,-0.522222197678965,0,3492026,860,0,70,generated
350,dabashenliu_run_350\particle_positions_150000.csv,noise_0pct\c4200_phi22.00_logk-0.300000.png,pressure,4200,22,0.50118726,-0.299999977147204,0,3502026,860,0,54,generated
351,dabashenliu_run_351\particle_positions_150000.csv,noise_0pct\c4200_phi23.00_logk-2.300000.png,pressure,4200,23,0.0050118724,-2.29999999447783,0,3512026,860,0,0,generated
352,dabashenliu_run_352\particle_positions_150000.csv,noise_0pct\c4200_phi23.00_logk-2.077778.png,pressure,4200,23,0.0083603095,-2.07777764461193,0,3522026,860,0,0,generated
353,dabashenliu_run_353\particle_positions_150000.csv,noise_0pct\c4200_phi23.00_logk-1.855556.png,pressure,4200,23,0.013945831,-1.85555560201739,0,3532026,860,0,0,generated
354,dabashenliu_run_354\particle_positions_150000.csv,noise_0pct\c4200_phi23.00_logk-1.633333.png,pressure,4200,23,0.023263052,-1.63333330853244,0,3542026,860,0,0,generated
355,dabashenliu_run_355\particle_positions_150000.csv,noise_0pct\c4200_phi23.00_logk-1.411111.png,pressure,4200,23,0.038805105,-1.41111113709934,0,3552026,860,0,0,generated
356,dabashenliu_run_356\particle_positions_150000.csv,noise_0pct\c4200_phi23.00_logk-1.188889.png,pressure,4200,23,0.06473083,-1.18888882427963,0,3562026,860,0,66,generated
357,dabashenliu_run_357\particle_positions_150000.csv,noise_0pct\c4200_phi23.00_logk-0.966667.png,pressure,4200,23,0.10797753,-0.966666611293739,0,3572026,860,0,0,generated
358,dabashenliu_run_358\particle_positions_150000.csv,noise_0pct\c4200_phi23.00_logk-0.744444.png,pressure,4200,23,0.18011737,-0.744444403052799,0,3582026,860,0,1,generated
359,dabashenliu_run_359\particle_positions_150000.csv,noise_0pct\c4200_phi23.00_logk-0.522222.png,pressure,4200,23,0.30045387,-0.522222197678965,0,3592026,860,0,8,generated
360,dabashenliu_run_360\particle_positions_150000.csv,noise_0pct\c4200_phi23.00_logk-0.300000.png,pressure,4200,23,0.50118726,-0.299999977147204,0,3602026,860,0,545,generated
361,dabashenliu_run_361\particle_positions_150000.csv,noise_0pct\c4200_phi24.00_logk-2.300000.png,pressure,4200,24,0.0050118724,-2.29999999447783,0,3612026,860,0,0,generated
362,dabashenliu_run_362\particle_positions_150000.csv,noise_0pct\c4200_phi24.00_logk-2.077778.png,pressure,4200,24,0.0083603095,-2.07777764461193,0,3622026,860,0,0,generated
363,dabashenliu_run_363\particle_positions_150000.csv,noise_0pct\c4200_phi24.00_logk-1.855556.png,pressure,4200,24,0.013945831,-1.85555560201739,0,3632026,860,0,0,generated
364,dabashenliu_run_364\particle_positions_150000.csv,noise_0pct\c4200_phi24.00_logk-1.633333.png,pressure,4200,24,0.023263052,-1.63333330853244,0,3642026,860,0,0,generated
365,dabashenliu_run_365\particle_positions_150000.csv,noise_0pct\c4200_phi24.00_logk-1.411111.png,pressure,4200,24,0.038805105,-1.41111113709934,0,3652026,860,0,0,generated
366,dabashenliu_run_366\particle_positions_150000.csv,noise_0pct\c4200_phi24.00_logk-1.188889.png,pressure,4200,24,0.06473083,-1.18888882427963,0,3662026,860,0,0,generated
367,dabashenliu_run_367\particle_positions_150000.csv,noise_0pct\c4200_phi24.00_logk-0.966667.png,pressure,4200,24,0.10797753,-0.966666611293739,0,3672026,860,0,0,generated
368,dabashenliu_run_368\particle_positions_150000.csv,noise_0pct\c4200_phi24.00_logk-0.744444.png,pressure,4200,24,0.18011737,-0.744444403052799,0,3682026,860,0,0,generated
369,dabashenliu_run_369\particle_positions_150000.csv,noise_0pct\c4200_phi24.00_logk-0.522222.png,pressure,4200,24,0.30045387,-0.522222197678965,0,3692026,860,0,56,generated
370,dabashenliu_run_370\particle_positions_150000.csv,noise_0pct\c4200_phi24.00_logk-0.300000.png,pressure,4200,24,0.50118726,-0.299999977147204,0,3702026,860,0,263,generated
371,dabashenliu_run_371\particle_positions_150000.csv,noise_0pct\c4200_phi25.00_logk-2.300000.png,pressure,4200,25,0.0050118724,-2.29999999447783,0,3712026,860,0,0,generated
372,dabashenliu_run_372\particle_positions_150000.csv,noise_0pct\c4200_phi25.00_logk-2.077778.png,pressure,4200,25,0.0083603095,-2.07777764461193,0,3722026,860,0,0,generated
373,dabashenliu_run_373\particle_positions_150000.csv,noise_0pct\c4200_phi25.00_logk-1.855556.png,pressure,4200,25,0.013945831,-1.85555560201739,0,3732026,860,0,0,generated
374,dabashenliu_run_374\particle_positions_150000.csv,noise_0pct\c4200_phi25.00_logk-1.633333.png,pressure,4200,25,0.023263052,-1.63333330853244,0,3742026,860,0,0,generated
375,dabashenliu_run_375\particle_positions_150000.csv,noise_0pct\c4200_phi25.00_logk-1.411111.png,pressure,4200,25,0.038805105,-1.41111113709934,0,3752026,860,0,0,generated
376,dabashenliu_run_376\particle_positions_150000.csv,noise_0pct\c4200_phi25.00_logk-1.188889.png,pressure,4200,25,0.06473083,-1.18888882427963,0,3762026,860,0,0,generated
377,dabashenliu_run_377\particle_positions_150000.csv,noise_0pct\c4200_phi25.00_logk-0.966667.png,pressure,4200,25,0.10797753,-0.966666611293739,0,3772026,860,0,0,generated
378,dabashenliu_run_378\particle_positions_150000.csv,noise_0pct\c4200_phi25.00_logk-0.744444.png,pressure,4200,25,0.18011737,-0.744444403052799,0,3782026,860,0,12,generated
379,dabashenliu_run_379\particle_positions_150000.csv,noise_0pct\c4200_phi25.00_logk-0.522222.png,pressure,4200,25,0.30045387,-0.522222197678965,0,3792026,860,0,79,generated
380,dabashenliu_run_380\particle_positions_150000.csv,noise_0pct\c4200_phi25.00_logk-0.300000.png,pressure,4200,25,0.50118726,-0.299999977147204,0,3802026,860,0,602,generated
381,dabashenliu_run_381\particle_positions_150000.csv,noise_0pct\c4200_phi26.00_logk-2.300000.png,pressure,4200,26,0.0050118724,-2.29999999447783,0,3812026,860,0,0,generated
382,dabashenliu_run_382\particle_positions_150000.csv,noise_0pct\c4200_phi26.00_logk-2.077778.png,pressure,4200,26,0.0083603095,-2.07777764461193,0,3822026,860,0,0,generated
383,dabashenliu_run_383\particle_positions_150000.csv,noise_0pct\c4200_phi26.00_logk-1.855556.png,pressure,4200,26,0.013945831,-1.85555560201739,0,3832026,860,0,0,generated
384,dabashenliu_run_384\particle_positions_150000.csv,noise_0pct\c4200_phi26.00_logk-1.633333.png,pressure,4200,26,0.023263052,-1.63333330853244,0,3842026,860,0,0,generated
385,dabashenliu_run_385\particle_positions_150000.csv,noise_0pct\c4200_phi26.00_logk-1.411111.png,pressure,4200,26,0.038805105,-1.41111113709934,0,3852026,860,0,0,generated
386,dabashenliu_run_386\particle_positions_150000.csv,noise_0pct\c4200_phi26.00_logk-1.188889.png,pressure,4200,26,0.06473083,-1.18888882427963,0,3862026,860,0,0,generated
387,dabashenliu_run_387\particle_positions_150000.csv,noise_0pct\c4200_phi26.00_logk-0.966667.png,pressure,4200,26,0.10797753,-0.966666611293739,0,3872026,860,0,0,generated
388,dabashenliu_run_388\particle_positions_150000.csv,noise_0pct\c4200_phi26.00_logk-0.744444.png,pressure,4200,26,0.18011737,-0.744444403052799,0,3882026,860,0,140,generated
389,dabashenliu_run_389\particle_positions_150000.csv,noise_0pct\c4200_phi26.00_logk-0.522222.png,pressure,4200,26,0.30045387,-0.522222197678965,0,3892026,860,0,46,generated
390,dabashenliu_run_390\particle_positions_150000.csv,noise_0pct\c4200_phi26.00_logk-0.300000.png,pressure,4200,26,0.50118726,-0.299999977147204,0,3902026,860,0,114,generated
391,dabashenliu_run_391\particle_positions_150000.csv,noise_0pct\c4200_phi27.00_logk-2.300000.png,pressure,4200,27,0.0050118724,-2.29999999447783,0,3912026,860,0,0,generated
392,dabashenliu_run_392\particle_positions_150000.csv,noise_0pct\c4200_phi27.00_logk-2.077778.png,pressure,4200,27,0.0083603095,-2.07777764461193,0,3922026,860,0,0,generated
393,dabashenliu_run_393\particle_positions_150000.csv,noise_0pct\c4200_phi27.00_logk-1.855556.png,pressure,4200,27,0.013945831,-1.85555560201739,0,3932026,860,0,0,generated
394,dabashenliu_run_394\particle_positions_150000.csv,noise_0pct\c4200_phi27.00_logk-1.633333.png,pressure,4200,27,0.023263052,-1.63333330853244,0,3942026,860,0,0,generated
395,dabashenliu_run_395\particle_positions_150000.csv,noise_0pct\c4200_phi27.00_logk-1.411111.png,pressure,4200,27,0.038805105,-1.41111113709934,0,3952026,860,0,0,generated
396,dabashenliu_run_396\particle_positions_150000.csv,noise_0pct\c4200_phi27.00_logk-1.188889.png,pressure,4200,27,0.06473083,-1.18888882427963,0,3962026,860,0,0,generated
397,dabashenliu_run_397\particle_positions_150000.csv,noise_0pct\c4200_phi27.00_logk-0.966667.png,pressure,4200,27,0.10797753,-0.966666611293739,0,3972026,860,0,0,generated
398,dabashenliu_run_398\particle_positions_150000.csv,noise_0pct\c4200_phi27.00_logk-0.744444.png,pressure,4200,27,0.18011737,-0.744444403052799,0,3982026,860,0,0,generated
399,dabashenliu_run_399\particle_positions_150000.csv,noise_0pct\c4200_phi27.00_logk-0.522222.png,pressure,4200,27,0.30045387,-0.522222197678965,0,3992026,860,0,50,generated
400,dabashenliu_run_400\particle_positions_150000.csv,noise_0pct\c4200_phi27.00_logk-0.300000.png,pressure,4200,27,0.50118726,-0.299999977147204,0,4002026,860,0,235,generated
401,dabashenliu_run_401\particle_positions_150000.csv,noise_0pct\c4600_phi18.00_logk-2.300000.png,pressure,4600,18,0.0050118724,-2.29999999447783,0,4012026,860,0,0,generated
402,dabashenliu_run_402\particle_positions_150000.csv,noise_0pct\c4600_phi18.00_logk-2.077778.png,pressure,4600,18,0.0083603095,-2.07777764461193,0,4022026,860,0,0,generated
403,dabashenliu_run_403\particle_positions_150000.csv,noise_0pct\c4600_phi18.00_logk-1.855556.png,pressure,4600,18,0.013945831,-1.85555560201739,0,4032026,860,0,0,generated
404,dabashenliu_run_404\particle_positions_150000.csv,noise_0pct\c4600_phi18.00_logk-1.633333.png,pressure,4600,18,0.023263052,-1.63333330853244,0,4042026,860,0,0,generated
405,dabashenliu_run_405\particle_positions_150000.csv,noise_0pct\c4600_phi18.00_logk-1.411111.png,pressure,4600,18,0.038805105,-1.41111113709934,0,4052026,860,0,0,generated
406,dabashenliu_run_406\particle_positions_150000.csv,noise_0pct\c4600_phi18.00_logk-1.188889.png,pressure,4600,18,0.06473083,-1.18888882427963,0,4062026,860,0,0,generated
407,dabashenliu_run_407\particle_positions_150000.csv,noise_0pct\c4600_phi18.00_logk-0.966667.png,pressure,4600,18,0.10797753,-0.966666611293739,0,4072026,860,0,22,generated
408,dabashenliu_run_408\particle_positions_150000.csv,noise_0pct\c4600_phi18.00_logk-0.744444.png,pressure,4600,18,0.18011737,-0.744444403052799,0,4082026,860,0,0,generated
409,dabashenliu_run_409\particle_positions_150000.csv,noise_0pct\c4600_phi18.00_logk-0.522222.png,pressure,4600,18,0.30045387,-0.522222197678965,0,4092026,860,0,184,generated
410,dabashenliu_run_410\particle_positions_150000.csv,noise_0pct\c4600_phi18.00_logk-0.300000.png,pressure,4600,18,0.50118726,-0.299999977147204,0,4102026,860,0,318,generated
411,dabashenliu_run_411\particle_positions_150000.csv,noise_0pct\c4600_phi19.00_logk-2.300000.png,pressure,4600,19,0.0050118724,-2.29999999447783,0,4112026,860,0,0,generated
412,dabashenliu_run_412\particle_positions_150000.csv,noise_0pct\c4600_phi19.00_logk-2.077778.png,pressure,4600,19,0.0083603095,-2.07777764461193,0,4122026,860,0,0,generated
413,dabashenliu_run_413\particle_positions_150000.csv,noise_0pct\c4600_phi19.00_logk-1.855556.png,pressure,4600,19,0.013945831,-1.85555560201739,0,4132026,860,0,0,generated
414,dabashenliu_run_414\particle_positions_150000.csv,noise_0pct\c4600_phi19.00_logk-1.633333.png,pressure,4600,19,0.023263052,-1.63333330853244,0,4142026,860,0,0,generated
415,dabashenliu_run_415\particle_positions_150000.csv,noise_0pct\c4600_phi19.00_logk-1.411111.png,pressure,4600,19,0.038805105,-1.41111113709934,0,4152026,860,0,0,generated
416,dabashenliu_run_416\particle_positions_150000.csv,noise_0pct\c4600_phi19.00_logk-1.188889.png,pressure,4600,19,0.06473083,-1.18888882427963,0,4162026,860,0,0,generated
417,dabashenliu_run_417\particle_positions_150000.csv,noise_0pct\c4600_phi19.00_logk-0.966667.png,pressure,4600,19,0.10797753,-0.966666611293739,0,4172026,860,0,0,generated
418,dabashenliu_run_418\particle_positions_150000.csv,noise_0pct\c4600_phi19.00_logk-0.744444.png,pressure,4600,19,0.18011737,-0.744444403052799,0,4182026,860,0,0,generated
419,dabashenliu_run_419\particle_positions_150000.csv,noise_0pct\c4600_phi19.00_logk-0.522222.png,pressure,4600,19,0.30045387,-0.522222197678965,0,4192026,860,0,84,generated
420,dabashenliu_run_420\particle_positions_150000.csv,noise_0pct\c4600_phi19.00_logk-0.300000.png,pressure,4600,19,0.50118726,-0.299999977147204,0,4202026,860,0,216,generated
421,dabashenliu_run_421\particle_positions_150000.csv,noise_0pct\c4600_phi20.00_logk-2.300000.png,pressure,4600,20,0.0050118724,-2.29999999447783,0,4212026,860,0,0,generated
422,dabashenliu_run_422\particle_positions_150000.csv,noise_0pct\c4600_phi20.00_logk-2.077778.png,pressure,4600,20,0.0083603095,-2.07777764461193,0,4222026,860,0,0,generated
423,dabashenliu_run_423\particle_positions_150000.csv,noise_0pct\c4600_phi20.00_logk-1.855556.png,pressure,4600,20,0.013945831,-1.85555560201739,0,4232026,860,0,0,generated
424,dabashenliu_run_424\particle_positions_150000.csv,noise_0pct\c4600_phi20.00_logk-1.633333.png,pressure,4600,20,0.023263052,-1.63333330853244,0,4242026,860,0,0,generated
425,dabashenliu_run_425\particle_positions_150000.csv,noise_0pct\c4600_phi20.00_logk-1.411111.png,pressure,4600,20,0.038805105,-1.41111113709934,0,4252026,860,0,0,generated
426,dabashenliu_run_426\particle_positions_150000.csv,noise_0pct\c4600_phi20.00_logk-1.188889.png,pressure,4600,20,0.06473083,-1.18888882427963,0,4262026,860,0,0,generated
427,dabashenliu_run_427\particle_positions_150000.csv,noise_0pct\c4600_phi20.00_logk-0.966667.png,pressure,4600,20,0.10797753,-0.966666611293739,0,4272026,860,0,0,generated
428,dabashenliu_run_428\particle_positions_150000.csv,noise_0pct\c4600_phi20.00_logk-0.744444.png,pressure,4600,20,0.18011737,-0.744444403052799,0,4282026,860,0,122,generated
429,dabashenliu_run_429\particle_positions_150000.csv,noise_0pct\c4600_phi20.00_logk-0.522222.png,pressure,4600,20,0.30045387,-0.522222197678965,0,4292026,860,0,238,generated
430,dabashenliu_run_430\particle_positions_150000.csv,noise_0pct\c4600_phi20.00_logk-0.300000.png,pressure,4600,20,0.50118726,-0.299999977147204,0,4302026,860,0,460,generated
431,dabashenliu_run_431\particle_positions_150000.csv,noise_0pct\c4600_phi21.00_logk-2.300000.png,pressure,4600,21,0.0050118724,-2.29999999447783,0,4312026,860,0,0,generated
432,dabashenliu_run_432\particle_positions_150000.csv,noise_0pct\c4600_phi21.00_logk-2.077778.png,pressure,4600,21,0.0083603095,-2.07777764461193,0,4322026,860,0,0,generated
433,dabashenliu_run_433\particle_positions_150000.csv,noise_0pct\c4600_phi21.00_logk-1.855556.png,pressure,4600,21,0.013945831,-1.85555560201739,0,4332026,860,0,0,generated
434,dabashenliu_run_434\particle_positions_150000.csv,noise_0pct\c4600_phi21.00_logk-1.633333.png,pressure,4600,21,0.023263052,-1.63333330853244,0,4342026,860,0,0,generated
435,dabashenliu_run_435\particle_positions_150000.csv,noise_0pct\c4600_phi21.00_logk-1.411111.png,pressure,4600,21,0.038805105,-1.41111113709934,0,4352026,860,0,0,generated
436,dabashenliu_run_436\particle_positions_150000.csv,noise_0pct\c4600_phi21.00_logk-1.188889.png,pressure,4600,21,0.06473083,-1.18888882427963,0,4362026,860,0,0,generated
437,dabashenliu_run_437\particle_positions_150000.csv,noise_0pct\c4600_phi21.00_logk-0.966667.png,pressure,4600,21,0.10797753,-0.966666611293739,0,4372026,860,0,13,generated
438,dabashenliu_run_438\particle_positions_150000.csv,noise_0pct\c4600_phi21.00_logk-0.744444.png,pressure,4600,21,0.18011737,-0.744444403052799,0,4382026,860,0,36,generated
439,dabashenliu_run_439\particle_positions_150000.csv,noise_0pct\c4600_phi21.00_logk-0.522222.png,pressure,4600,21,0.30045387,-0.522222197678965,0,4392026,860,0,410,generated
440,dabashenliu_run_440\particle_positions_150000.csv,noise_0pct\c4600_phi21.00_logk-0.300000.png,pressure,4600,21,0.50118726,-0.299999977147204,0,4402026,860,0,302,generated
441,dabashenliu_run_441\particle_positions_150000.csv,noise_0pct\c4600_phi22.00_logk-2.300000.png,pressure,4600,22,0.0050118724,-2.29999999447783,0,4412026,860,0,0,generated
442,dabashenliu_run_442\particle_positions_150000.csv,noise_0pct\c4600_phi22.00_logk-2.077778.png,pressure,4600,22,0.0083603095,-2.07777764461193,0,4422026,860,0,0,generated
443,dabashenliu_run_443\particle_positions_150000.csv,noise_0pct\c4600_phi22.00_logk-1.855556.png,pressure,4600,22,0.013945831,-1.85555560201739,0,4432026,860,0,0,generated
444,dabashenliu_run_444\particle_positions_150000.csv,noise_0pct\c4600_phi22.00_logk-1.633333.png,pressure,4600,22,0.023263052,-1.63333330853244,0,4442026,860,0,0,generated
445,dabashenliu_run_445\particle_positions_150000.csv,noise_0pct\c4600_phi22.00_logk-1.411111.png,pressure,4600,22,0.038805105,-1.41111113709934,0,4452026,860,0,0,generated
446,dabashenliu_run_446\particle_positions_150000.csv,noise_0pct\c4600_phi22.00_logk-1.188889.png,pressure,4600,22,0.06473083,-1.18888882427963,0,4462026,860,0,0,generated
447,dabashenliu_run_447\particle_positions_150000.csv,noise_0pct\c4600_phi22.00_logk-0.966667.png,pressure,4600,22,0.10797753,-0.966666611293739,0,4472026,860,0,0,generated
448,dabashenliu_run_448\particle_positions_150000.csv,noise_0pct\c4600_phi22.00_logk-0.744444.png,pressure,4600,22,0.18011737,-0.744444403052799,0,4482026,860,0,107,generated
449,dabashenliu_run_449\particle_positions_150000.csv,noise_0pct\c4600_phi22.00_logk-0.522222.png,pressure,4600,22,0.30045387,-0.522222197678965,0,4492026,860,0,63,generated
450,dabashenliu_run_450\particle_positions_150000.csv,noise_0pct\c4600_phi22.00_logk-0.300000.png,pressure,4600,22,0.50118726,-0.299999977147204,0,4502026,860,0,679,generated
451,dabashenliu_run_451\particle_positions_150000.csv,noise_0pct\c4600_phi23.00_logk-2.300000.png,pressure,4600,23,0.0050118724,-2.29999999447783,0,4512026,860,0,0,generated
452,dabashenliu_run_452\particle_positions_150000.csv,noise_0pct\c4600_phi23.00_logk-2.077778.png,pressure,4600,23,0.0083603095,-2.07777764461193,0,4522026,860,0,0,generated
453,dabashenliu_run_453\particle_positions_150000.csv,noise_0pct\c4600_phi23.00_logk-1.855556.png,pressure,4600,23,0.013945831,-1.85555560201739,0,4532026,860,0,0,generated
454,dabashenliu_run_454\particle_positions_150000.csv,noise_0pct\c4600_phi23.00_logk-1.633333.png,pressure,4600,23,0.023263052,-1.63333330853244,0,4542026,860,0,0,generated
455,dabashenliu_run_455\particle_positions_150000.csv,noise_0pct\c4600_phi23.00_logk-1.411111.png,pressure,4600,23,0.038805105,-1.41111113709934,0,4552026,860,0,1,generated
456,dabashenliu_run_456\particle_positions_150000.csv,noise_0pct\c4600_phi23.00_logk-1.188889.png,pressure,4600,23,0.06473083,-1.18888882427963,0,4562026,860,0,28,generated
457,dabashenliu_run_457\particle_positions_150000.csv,noise_0pct\c4600_phi23.00_logk-0.966667.png,pressure,4600,23,0.10797753,-0.966666611293739,0,4572026,860,0,0,generated
458,dabashenliu_run_458\particle_positions_150000.csv,noise_0pct\c4600_phi23.00_logk-0.744444.png,pressure,4600,23,0.18011737,-0.744444403052799,0,4582026,860,0,39,generated
459,dabashenliu_run_459\particle_positions_150000.csv,noise_0pct\c4600_phi23.00_logk-0.522222.png,pressure,4600,23,0.30045387,-0.522222197678965,0,4592026,860,0,845,generated
460,dabashenliu_run_460\particle_positions_150000.csv,noise_0pct\c4600_phi23.00_logk-0.300000.png,pressure,4600,23,0.50118726,-0.299999977147204,0,4602026,860,0,648,generated
461,dabashenliu_run_461\particle_positions_150000.csv,noise_0pct\c4600_phi24.00_logk-2.300000.png,pressure,4600,24,0.0050118724,-2.29999999447783,0,4612026,860,0,0,generated
462,dabashenliu_run_462\particle_positions_150000.csv,noise_0pct\c4600_phi24.00_logk-2.077778.png,pressure,4600,24,0.0083603095,-2.07777764461193,0,4622026,860,0,0,generated
463,dabashenliu_run_463\particle_positions_150000.csv,noise_0pct\c4600_phi24.00_logk-1.855556.png,pressure,4600,24,0.013945831,-1.85555560201739,0,4632026,860,0,0,generated
464,dabashenliu_run_464\particle_positions_150000.csv,noise_0pct\c4600_phi24.00_logk-1.633333.png,pressure,4600,24,0.023263052,-1.63333330853244,0,4642026,860,0,0,generated
465,dabashenliu_run_465\particle_positions_150000.csv,noise_0pct\c4600_phi24.00_logk-1.411111.png,pressure,4600,24,0.038805105,-1.41111113709934,0,4652026,860,0,0,generated
466,dabashenliu_run_466\particle_positions_150000.csv,noise_0pct\c4600_phi24.00_logk-1.188889.png,pressure,4600,24,0.06473083,-1.18888882427963,0,4662026,860,0,0,generated
467,dabashenliu_run_467\particle_positions_150000.csv,noise_0pct\c4600_phi24.00_logk-0.966667.png,pressure,4600,24,0.10797753,-0.966666611293739,0,4672026,860,0,115,generated
468,dabashenliu_run_468\particle_positions_150000.csv,noise_0pct\c4600_phi24.00_logk-0.744444.png,pressure,4600,24,0.18011737,-0.744444403052799,0,4682026,860,0,10,generated
469,dabashenliu_run_469\particle_positions_150000.csv,noise_0pct\c4600_phi24.00_logk-0.522222.png,pressure,4600,24,0.30045387,-0.522222197678965,0,4692026,860,0,361,generated
470,dabashenliu_run_470\particle_positions_150000.csv,noise_0pct\c4600_phi24.00_logk-0.300000.png,pressure,4600,24,0.50118726,-0.299999977147204,0,4702026,860,0,984,generated
471,dabashenliu_run_471\particle_positions_150000.csv,noise_0pct\c4600_phi25.00_logk-2.300000.png,pressure,4600,25,0.0050118724,-2.29999999447783,0,4712026,860,0,0,generated
472,dabashenliu_run_472\particle_positions_150000.csv,noise_0pct\c4600_phi25.00_logk-2.077778.png,pressure,4600,25,0.0083603095,-2.07777764461193,0,4722026,860,0,0,generated
473,dabashenliu_run_473\particle_positions_150000.csv,noise_0pct\c4600_phi25.00_logk-1.855556.png,pressure,4600,25,0.013945831,-1.85555560201739,0,4732026,860,0,0,generated
474,dabashenliu_run_474\particle_positions_150000.csv,noise_0pct\c4600_phi25.00_logk-1.633333.png,pressure,4600,25,0.023263052,-1.63333330853244,0,4742026,860,0,0,generated
475,dabashenliu_run_475\particle_positions_150000.csv,noise_0pct\c4600_phi25.00_logk-1.411111.png,pressure,4600,25,0.038805105,-1.41111113709934,0,4752026,860,0,0,generated
476,dabashenliu_run_476\particle_positions_150000.csv,noise_0pct\c4600_phi25.00_logk-1.188889.png,pressure,4600,25,0.06473083,-1.18888882427963,0,4762026,860,0,0,generated
477,dabashenliu_run_477\particle_positions_150000.csv,noise_0pct\c4600_phi25.00_logk-0.966667.png,pressure,4600,25,0.10797753,-0.966666611293739,0,4772026,860,0,0,generated
478,dabashenliu_run_478\particle_positions_150000.csv,noise_0pct\c4600_phi25.00_logk-0.744444.png,pressure,4600,25,0.18011737,-0.744444403052799,0,4782026,860,0,150,generated
479,dabashenliu_run_479\particle_positions_150000.csv,noise_0pct\c4600_phi25.00_logk-0.522222.png,pressure,4600,25,0.30045387,-0.522222197678965,0,4792026,860,0,343,generated
480,dabashenliu_run_480\particle_positions_150000.csv,noise_0pct\c4600_phi25.00_logk-0.300000.png,pressure,4600,25,0.50118726,-0.299999977147204,0,4802026,860,0,281,generated
481,dabashenliu_run_481\particle_positions_150000.csv,noise_0pct\c4600_phi26.00_logk-2.300000.png,pressure,4600,26,0.0050118724,-2.29999999447783,0,4812026,860,0,0,generated
482,dabashenliu_run_482\particle_positions_150000.csv,noise_0pct\c4600_phi26.00_logk-2.077778.png,pressure,4600,26,0.0083603095,-2.07777764461193,0,4822026,860,0,0,generated
483,dabashenliu_run_483\particle_positions_150000.csv,noise_0pct\c4600_phi26.00_logk-1.855556.png,pressure,4600,26,0.013945831,-1.85555560201739,0,4832026,860,0,0,generated
484,dabashenliu_run_484\particle_positions_150000.csv,noise_0pct\c4600_phi26.00_logk-1.633333.png,pressure,4600,26,0.023263052,-1.63333330853244,0,4842026,860,0,0,generated
485,dabashenliu_run_485\particle_positions_150000.csv,noise_0pct\c4600_phi26.00_logk-1.411111.png,pressure,4600,26,0.038805105,-1.41111113709934,0,4852026,860,0,8,generated
486,dabashenliu_run_486\particle_positions_150000.csv,noise_0pct\c4600_phi26.00_logk-1.188889.png,pressure,4600,26,0.06473083,-1.18888882427963,0,4862026,860,0,0,generated
487,dabashenliu_run_487\particle_positions_150000.csv,noise_0pct\c4600_phi26.00_logk-0.966667.png,pressure,4600,26,0.10797753,-0.966666611293739,0,4872026,860,0,0,generated
488,dabashenliu_run_488\particle_positions_150000.csv,noise_0pct\c4600_phi26.00_logk-0.744444.png,pressure,4600,26,0.18011737,-0.744444403052799,0,4882026,860,0,0,generated
489,dabashenliu_run_489\particle_positions_150000.csv,noise_0pct\c4600_phi26.00_logk-0.522222.png,pressure,4600,26,0.30045387,-0.522222197678965,0,4892026,860,0,111,generated
490,dabashenliu_run_490\particle_positions_150000.csv,noise_0pct\c4600_phi26.00_logk-0.300000.png,pressure,4600,26,0.50118726,-0.299999977147204,0,4902026,860,0,1,generated
491,dabashenliu_run_491\particle_positions_150000.csv,noise_0pct\c4600_phi27.00_logk-2.300000.png,pressure,4600,27,0.0050118724,-2.29999999447783,0,4912026,860,0,0,generated
492,dabashenliu_run_492\particle_positions_150000.csv,noise_0pct\c4600_phi27.00_logk-2.077778.png,pressure,4600,27,0.0083603095,-2.07777764461193,0,4922026,860,0,0,generated
493,dabashenliu_run_493\particle_positions_150000.csv,noise_0pct\c4600_phi27.00_logk-1.855556.png,pressure,4600,27,0.013945831,-1.85555560201739,0,4932026,860,0,0,generated
494,dabashenliu_run_494\particle_positions_150000.csv,noise_0pct\c4600_phi27.00_logk-1.633333.png,pressure,4600,27,0.023263052,-1.63333330853244,0,4942026,860,0,0,generated
495,dabashenliu_run_495\particle_positions_150000.csv,noise_0pct\c4600_phi27.00_logk-1.411111.png,pressure,4600,27,0.038805105,-1.41111113709934,0,4952026,860,0,0,generated
496,dabashenliu_run_496\particle_positions_150000.csv,noise_0pct\c4600_phi27.00_logk-1.188889.png,pressure,4600,27,0.06473083,-1.18888882427963,0,4962026,860,0,7,generated
497,dabashenliu_run_497\particle_positions_150000.csv,noise_0pct\c4600_phi27.00_logk-0.966667.png,pressure,4600,27,0.10797753,-0.966666611293739,0,4972026,860,0,0,generated
498,dabashenliu_run_498\particle_positions_150000.csv,noise_0pct\c4600_phi27.00_logk-0.744444.png,pressure,4600,27,0.18011737,-0.744444403052799,0,4982026,860,0,0,generated
499,dabashenliu_run_499\particle_positions_150000.csv,noise_0pct\c4600_phi27.00_logk-0.522222.png,pressure,4600,27,0.30045387,-0.522222197678965,0,4992026,860,0,218,generated
500,dabashenliu_run_500\particle_positions_150000.csv,noise_0pct\c4600_phi27.00_logk-0.300000.png,pressure,4600,27,0.50118726,-0.299999977147204,0,5002026,860,0,229,generated
501,dabashenliu_run_501\particle_positions_150000.csv,noise_0pct\c5000_phi18.00_logk-2.300000.png,pressure,5000,18,0.0050118724,-2.29999999447783,0,5012026,860,0,0,generated
502,dabashenliu_run_502\particle_positions_150000.csv,noise_0pct\c5000_phi18.00_logk-2.077778.png,pressure,5000,18,0.0083603095,-2.07777764461193,0,5022026,860,0,0,generated
503,dabashenliu_run_503\particle_positions_150000.csv,noise_0pct\c5000_phi18.00_logk-1.855556.png,pressure,5000,18,0.013945831,-1.85555560201739,0,5032026,860,0,0,generated
504,dabashenliu_run_504\particle_positions_150000.csv,noise_0pct\c5000_phi18.00_logk-1.633333.png,pressure,5000,18,0.023263052,-1.63333330853244,0,5042026,860,0,0,generated
505,dabashenliu_run_505\particle_positions_150000.csv,noise_0pct\c5000_phi18.00_logk-1.411111.png,pressure,5000,18,0.038805105,-1.41111113709934,0,5052026,860,0,0,generated
506,dabashenliu_run_506\particle_positions_150000.csv,noise_0pct\c5000_phi18.00_logk-1.188889.png,pressure,5000,18,0.06473083,-1.18888882427963,0,5062026,860,0,0,generated
507,dabashenliu_run_507\particle_positions_150000.csv,noise_0pct\c5000_phi18.00_logk-0.966667.png,pressure,5000,18,0.10797753,-0.966666611293739,0,5072026,860,0,0,generated
508,dabashenliu_run_508\particle_positions_150000.csv,noise_0pct\c5000_phi18.00_logk-0.744444.png,pressure,5000,18,0.18011737,-0.744444403052799,0,5082026,860,0,0,generated
509,dabashenliu_run_509\particle_positions_150000.csv,noise_0pct\c5000_phi18.00_logk-0.522222.png,pressure,5000,18,0.30045387,-0.522222197678965,0,5092026,860,0,143,generated
510,dabashenliu_run_510\particle_positions_150000.csv,noise_0pct\c5000_phi18.00_logk-0.300000.png,pressure,5000,18,0.50118726,-0.299999977147204,0,5102026,860,0,285,generated
511,dabashenliu_run_511\particle_positions_150000.csv,noise_0pct\c5000_phi19.00_logk-2.300000.png,pressure,5000,19,0.0050118724,-2.29999999447783,0,5112026,860,0,0,generated
512,dabashenliu_run_512\particle_positions_150000.csv,noise_0pct\c5000_phi19.00_logk-2.077778.png,pressure,5000,19,0.0083603095,-2.07777764461193,0,5122026,860,0,0,generated
513,dabashenliu_run_513\particle_positions_150000.csv,noise_0pct\c5000_phi19.00_logk-1.855556.png,pressure,5000,19,0.013945831,-1.85555560201739,0,5132026,860,0,0,generated
514,dabashenliu_run_514\particle_positions_150000.csv,noise_0pct\c5000_phi19.00_logk-1.633333.png,pressure,5000,19,0.023263052,-1.63333330853244,0,5142026,860,0,0,generated
515,dabashenliu_run_515\particle_positions_150000.csv,noise_0pct\c5000_phi19.00_logk-1.411111.png,pressure,5000,19,0.038805105,-1.41111113709934,0,5152026,860,0,0,generated
516,dabashenliu_run_516\particle_positions_150000.csv,noise_0pct\c5000_phi19.00_logk-1.188889.png,pressure,5000,19,0.06473083,-1.18888882427963,0,5162026,860,0,0,generated
517,dabashenliu_run_517\particle_positions_150000.csv,noise_0pct\c5000_phi19.00_logk-0.966667.png,pressure,5000,19,0.10797753,-0.966666611293739,0,5172026,860,0,111,generated
518,dabashenliu_run_518\particle_positions_150000.csv,noise_0pct\c5000_phi19.00_logk-0.744444.png,pressure,5000,19,0.18011737,-0.744444403052799,0,5182026,860,0,147,generated
519,dabashenliu_run_519\particle_positions_150000.csv,noise_0pct\c5000_phi19.00_logk-0.522222.png,pressure,5000,19,0.30045387,-0.522222197678965,0,5192026,860,0,45,generated
520,dabashenliu_run_520\particle_positions_150000.csv,noise_0pct\c5000_phi19.00_logk-0.300000.png,pressure,5000,19,0.50118726,-0.299999977147204,0,5202026,860,0,474,generated
521,dabashenliu_run_521\particle_positions_150000.csv,noise_0pct\c5000_phi20.00_logk-2.300000.png,pressure,5000,20,0.0050118724,-2.29999999447783,0,5212026,860,0,0,generated
522,dabashenliu_run_522\particle_positions_150000.csv,noise_0pct\c5000_phi20.00_logk-2.077778.png,pressure,5000,20,0.0083603095,-2.07777764461193,0,5222026,860,0,0,generated
523,dabashenliu_run_523\particle_positions_150000.csv,noise_0pct\c5000_phi20.00_logk-1.855556.png,pressure,5000,20,0.013945831,-1.85555560201739,0,5232026,860,0,0,generated
524,dabashenliu_run_524\particle_positions_150000.csv,noise_0pct\c5000_phi20.00_logk-1.633333.png,pressure,5000,20,0.023263052,-1.63333330853244,0,5242026,860,0,0,generated
525,dabashenliu_run_525\particle_positions_150000.csv,noise_0pct\c5000_phi20.00_logk-1.411111.png,pressure,5000,20,0.038805105,-1.41111113709934,0,5252026,860,0,0,generated
526,dabashenliu_run_526\particle_positions_150000.csv,noise_0pct\c5000_phi20.00_logk-1.188889.png,pressure,5000,20,0.06473083,-1.18888882427963,0,5262026,860,0,0,generated
527,dabashenliu_run_527\particle_positions_150000.csv,noise_0pct\c5000_phi20.00_logk-0.966667.png,pressure,5000,20,0.10797753,-0.966666611293739,0,5272026,860,0,51,generated
528,dabashenliu_run_528\particle_positions_150000.csv,noise_0pct\c5000_phi20.00_logk-0.744444.png,pressure,5000,20,0.18011737,-0.744444403052799,0,5282026,860,0,0,generated
529,dabashenliu_run_529\particle_positions_150000.csv,noise_0pct\c5000_phi20.00_logk-0.522222.png,pressure,5000,20,0.30045387,-0.522222197678965,0,5292026,860,0,155,generated
530,dabashenliu_run_530\particle_positions_150000.csv,noise_0pct\c5000_phi20.00_logk-0.300000.png,pressure,5000,20,0.50118726,-0.299999977147204,0,5302026,860,0,781,generated
531,dabashenliu_run_531\particle_positions_150000.csv,noise_0pct\c5000_phi21.00_logk-2.300000.png,pressure,5000,21,0.0050118724,-2.29999999447783,0,5312026,860,0,0,generated
532,dabashenliu_run_532\particle_positions_150000.csv,noise_0pct\c5000_phi21.00_logk-2.077778.png,pressure,5000,21,0.0083603095,-2.07777764461193,0,5322026,860,0,0,generated
533,dabashenliu_run_533\particle_positions_150000.csv,noise_0pct\c5000_phi21.00_logk-1.855556.png,pressure,5000,21,0.013945831,-1.85555560201739,0,5332026,860,0,0,generated
534,dabashenliu_run_534\particle_positions_150000.csv,noise_0pct\c5000_phi21.00_logk-1.633333.png,pressure,5000,21,0.023263052,-1.63333330853244,0,5342026,860,0,0,generated
535,dabashenliu_run_535\particle_positions_150000.csv,noise_0pct\c5000_phi21.00_logk-1.411111.png,pressure,5000,21,0.038805105,-1.41111113709934,0,5352026,860,0,0,generated
536,dabashenliu_run_536\particle_positions_150000.csv,noise_0pct\c5000_phi21.00_logk-1.188889.png,pressure,5000,21,0.06473083,-1.18888882427963,0,5362026,860,0,0,generated
537,dabashenliu_run_537\particle_positions_150000.csv,noise_0pct\c5000_phi21.00_logk-0.966667.png,pressure,5000,21,0.10797753,-0.966666611293739,0,5372026,860,0,0,generated
538,dabashenliu_run_538\particle_positions_150000.csv,noise_0pct\c5000_phi21.00_logk-0.744444.png,pressure,5000,21,0.18011737,-0.744444403052799,0,5382026,860,0,27,generated
539,dabashenliu_run_539\particle_positions_150000.csv,noise_0pct\c5000_phi21.00_logk-0.522222.png,pressure,5000,21,0.30045387,-0.522222197678965,0,5392026,860,0,3,generated
540,dabashenliu_run_540\particle_positions_150000.csv,noise_0pct\c5000_phi21.00_logk-0.300000.png,pressure,5000,21,0.50118726,-0.299999977147204,0,5402026,860,0,783,generated
541,dabashenliu_run_541\particle_positions_150000.csv,noise_0pct\c5000_phi22.00_logk-2.300000.png,pressure,5000,22,0.0050118724,-2.29999999447783,0,5412026,860,0,0,generated
542,dabashenliu_run_542\particle_positions_150000.csv,noise_0pct\c5000_phi22.00_logk-2.077778.png,pressure,5000,22,0.0083603095,-2.07777764461193,0,5422026,860,0,0,generated
543,dabashenliu_run_543\particle_positions_150000.csv,noise_0pct\c5000_phi22.00_logk-1.855556.png,pressure,5000,22,0.013945831,-1.85555560201739,0,5432026,860,0,0,generated
544,dabashenliu_run_544\particle_positions_150000.csv,noise_0pct\c5000_phi22.00_logk-1.633333.png,pressure,5000,22,0.023263052,-1.63333330853244,0,5442026,860,0,0,generated
545,dabashenliu_run_545\particle_positions_150000.csv,noise_0pct\c5000_phi22.00_logk-1.411111.png,pressure,5000,22,0.038805105,-1.41111113709934,0,5452026,860,0,0,generated
546,dabashenliu_run_546\particle_positions_150000.csv,noise_0pct\c5000_phi22.00_logk-1.188889.png,pressure,5000,22,0.06473083,-1.18888882427963,0,5462026,860,0,0,generated
547,dabashenliu_run_547\particle_positions_150000.csv,noise_0pct\c5000_phi22.00_logk-0.966667.png,pressure,5000,22,0.10797753,-0.966666611293739,0,5472026,860,0,0,generated
548,dabashenliu_run_548\particle_positions_150000.csv,noise_0pct\c5000_phi22.00_logk-0.744444.png,pressure,5000,22,0.18011737,-0.744444403052799,0,5482026,860,0,4,generated
549,dabashenliu_run_549\particle_positions_150000.csv,noise_0pct\c5000_phi22.00_logk-0.522222.png,pressure,5000,22,0.30045387,-0.522222197678965,0,5492026,860,0,298,generated
550,dabashenliu_run_550\particle_positions_150000.csv,noise_0pct\c5000_phi22.00_logk-0.300000.png,pressure,5000,22,0.50118726,-0.299999977147204,0,5502026,860,0,180,generated
551,dabashenliu_run_551\particle_positions_150000.csv,noise_0pct\c5000_phi23.00_logk-2.300000.png,pressure,5000,23,0.0050118724,-2.29999999447783,0,5512026,860,0,0,generated
552,dabashenliu_run_552\particle_positions_150000.csv,noise_0pct\c5000_phi23.00_logk-2.077778.png,pressure,5000,23,0.0083603095,-2.07777764461193,0,5522026,860,0,0,generated
553,dabashenliu_run_553\particle_positions_150000.csv,noise_0pct\c5000_phi23.00_logk-1.855556.png,pressure,5000,23,0.013945831,-1.85555560201739,0,5532026,860,0,0,generated
554,dabashenliu_run_554\particle_positions_150000.csv,noise_0pct\c5000_phi23.00_logk-1.633333.png,pressure,5000,23,0.023263052,-1.63333330853244,0,5542026,860,0,0,generated
555,dabashenliu_run_555\particle_positions_150000.csv,noise_0pct\c5000_phi23.00_logk-1.411111.png,pressure,5000,23,0.038805105,-1.41111113709934,0,5552026,860,0,0,generated
556,dabashenliu_run_556\particle_positions_150000.csv,noise_0pct\c5000_phi23.00_logk-1.188889.png,pressure,5000,23,0.06473083,-1.18888882427963,0,5562026,860,0,0,generated
557,dabashenliu_run_557\particle_positions_150000.csv,noise_0pct\c5000_phi23.00_logk-0.966667.png,pressure,5000,23,0.10797753,-0.966666611293739,0,5572026,860,0,9,generated
558,dabashenliu_run_558\particle_positions_150000.csv,noise_0pct\c5000_phi23.00_logk-0.744444.png,pressure,5000,23,0.18011737,-0.744444403052799,0,5582026,860,0,12,generated
559,dabashenliu_run_559\particle_positions_150000.csv,noise_0pct\c5000_phi23.00_logk-0.522222.png,pressure,5000,23,0.30045387,-0.522222197678965,0,5592026,860,0,23,generated
560,dabashenliu_run_560\particle_positions_150000.csv,noise_0pct\c5000_phi23.00_logk-0.300000.png,pressure,5000,23,0.50118726,-0.299999977147204,0,5602026,860,0,847,generated
561,dabashenliu_run_561\particle_positions_150000.csv,noise_0pct\c5000_phi24.00_logk-2.300000.png,pressure,5000,24,0.0050118724,-2.29999999447783,0,5612026,860,0,0,generated
562,dabashenliu_run_562\particle_positions_150000.csv,noise_0pct\c5000_phi24.00_logk-2.077778.png,pressure,5000,24,0.0083603095,-2.07777764461193,0,5622026,860,0,0,generated
563,dabashenliu_run_563\particle_positions_150000.csv,noise_0pct\c5000_phi24.00_logk-1.855556.png,pressure,5000,24,0.013945831,-1.85555560201739,0,5632026,860,0,0,generated
564,dabashenliu_run_564\particle_positions_150000.csv,noise_0pct\c5000_phi24.00_logk-1.633333.png,pressure,5000,24,0.023263052,-1.63333330853244,0,5642026,860,0,0,generated
565,dabashenliu_run_565\particle_positions_150000.csv,noise_0pct\c5000_phi24.00_logk-1.411111.png,pressure,5000,24,0.038805105,-1.41111113709934,0,5652026,860,0,0,generated
566,dabashenliu_run_566\particle_positions_150000.csv,noise_0pct\c5000_phi24.00_logk-1.188889.png,pressure,5000,24,0.06473083,-1.18888882427963,0,5662026,860,0,0,generated
567,dabashenliu_run_567\particle_positions_150000.csv,noise_0pct\c5000_phi24.00_logk-0.966667.png,pressure,5000,24,0.10797753,-0.966666611293739,0,5672026,860,0,0,generated
568,dabashenliu_run_568\particle_positions_150000.csv,noise_0pct\c5000_phi24.00_logk-0.744444.png,pressure,5000,24,0.18011737,-0.744444403052799,0,5682026,860,0,31,generated
569,dabashenliu_run_569\particle_positions_150000.csv,noise_0pct\c5000_phi24.00_logk-0.522222.png,pressure,5000,24,0.30045387,-0.522222197678965,0,5692026,860,0,65,generated
570,dabashenliu_run_570\particle_positions_150000.csv,noise_0pct\c5000_phi24.00_logk-0.300000.png,pressure,5000,24,0.50118726,-0.299999977147204,0,5702026,860,0,1265,generated
571,dabashenliu_run_571\particle_positions_150000.csv,noise_0pct\c5000_phi25.00_logk-2.300000.png,pressure,5000,25,0.0050118724,-2.29999999447783,0,5712026,860,0,0,generated
572,dabashenliu_run_572\particle_positions_150000.csv,noise_0pct\c5000_phi25.00_logk-2.077778.png,pressure,5000,25,0.0083603095,-2.07777764461193,0,5722026,860,0,0,generated
573,dabashenliu_run_573\particle_positions_150000.csv,noise_0pct\c5000_phi25.00_logk-1.855556.png,pressure,5000,25,0.013945831,-1.85555560201739,0,5732026,860,0,0,generated
574,dabashenliu_run_574\particle_positions_150000.csv,noise_0pct\c5000_phi25.00_logk-1.633333.png,pressure,5000,25,0.023263052,-1.63333330853244,0,5742026,860,0,0,generated
575,dabashenliu_run_575\particle_positions_150000.csv,noise_0pct\c5000_phi25.00_logk-1.411111.png,pressure,5000,25,0.038805105,-1.41111113709934,0,5752026,860,0,0,generated
576,dabashenliu_run_576\particle_positions_150000.csv,noise_0pct\c5000_phi25.00_logk-1.188889.png,pressure,5000,25,0.06473083,-1.18888882427963,0,5762026,860,0,0,generated
577,dabashenliu_run_577\particle_positions_150000.csv,noise_0pct\c5000_phi25.00_logk-0.966667.png,pressure,5000,25,0.10797753,-0.966666611293739,0,5772026,860,0,0,generated
578,dabashenliu_run_578\particle_positions_150000.csv,noise_0pct\c5000_phi25.00_logk-0.744444.png,pressure,5000,25,0.18011737,-0.744444403052799,0,5782026,860,0,0,generated
579,dabashenliu_run_579\particle_positions_150000.csv,noise_0pct\c5000_phi25.00_logk-0.522222.png,pressure,5000,25,0.30045387,-0.522222197678965,0,5792026,860,0,139,generated
580,dabashenliu_run_580\particle_positions_150000.csv,noise_0pct\c5000_phi25.00_logk-0.300000.png,pressure,5000,25,0.50118726,-0.299999977147204,0,5802026,860,0,1202,generated
581,dabashenliu_run_581\particle_positions_150000.csv,noise_0pct\c5000_phi26.00_logk-2.300000.png,pressure,5000,26,0.0050118724,-2.29999999447783,0,5812026,860,0,0,generated
582,dabashenliu_run_582\particle_positions_150000.csv,noise_0pct\c5000_phi26.00_logk-2.077778.png,pressure,5000,26,0.0083603095,-2.07777764461193,0,5822026,860,0,0,generated
583,dabashenliu_run_583\particle_positions_150000.csv,noise_0pct\c5000_phi26.00_logk-1.855556.png,pressure,5000,26,0.013945831,-1.85555560201739,0,5832026,860,0,0,generated
584,dabashenliu_run_584\particle_positions_150000.csv,noise_0pct\c5000_phi26.00_logk-1.633333.png,pressure,5000,26,0.023263052,-1.63333330853244,0,5842026,860,0,0,generated
585,dabashenliu_run_585\particle_positions_150000.csv,noise_0pct\c5000_phi26.00_logk-1.411111.png,pressure,5000,26,0.038805105,-1.41111113709934,0,5852026,860,0,0,generated
586,dabashenliu_run_586\particle_positions_150000.csv,noise_0pct\c5000_phi26.00_logk-1.188889.png,pressure,5000,26,0.06473083,-1.18888882427963,0,5862026,860,0,0,generated
587,dabashenliu_run_587\particle_positions_150000.csv,noise_0pct\c5000_phi26.00_logk-0.966667.png,pressure,5000,26,0.10797753,-0.966666611293739,0,5872026,860,0,0,generated
588,dabashenliu_run_588\particle_positions_150000.csv,noise_0pct\c5000_phi26.00_logk-0.744444.png,pressure,5000,26,0.18011737,-0.744444403052799,0,5882026,860,0,4,generated
589,dabashenliu_run_589\particle_positions_150000.csv,noise_0pct\c5000_phi26.00_logk-0.522222.png,pressure,5000,26,0.30045387,-0.522222197678965,0,5892026,860,0,138,generated
590,dabashenliu_run_590\particle_positions_150000.csv,noise_0pct\c5000_phi26.00_logk-0.300000.png,pressure,5000,26,0.50118726,-0.299999977147204,0,5902026,860,0,425,generated
591,dabashenliu_run_591\particle_positions_150000.csv,noise_0pct\c5000_phi27.00_logk-2.300000.png,pressure,5000,27,0.0050118724,-2.29999999447783,0,5912026,860,0,0,generated
592,dabashenliu_run_592\particle_positions_150000.csv,noise_0pct\c5000_phi27.00_logk-2.077778.png,pressure,5000,27,0.0083603095,-2.07777764461193,0,5922026,860,0,0,generated
593,dabashenliu_run_593\particle_positions_150000.csv,noise_0pct\c5000_phi27.00_logk-1.855556.png,pressure,5000,27,0.013945831,-1.85555560201739,0,5932026,860,0,0,generated
594,dabashenliu_run_594\particle_positions_150000.csv,noise_0pct\c5000_phi27.00_logk-1.633333.png,pressure,5000,27,0.023263052,-1.63333330853244,0,5942026,860,0,0,generated
595,dabashenliu_run_595\particle_positions_150000.csv,noise_0pct\c5000_phi27.00_logk-1.411111.png,pressure,5000,27,0.038805105,-1.41111113709934,0,5952026,860,0,0,generated
596,dabashenliu_run_596\particle_positions_150000.csv,noise_0pct\c5000_phi27.00_logk-1.188889.png,pressure,5000,27,0.06473083,-1.18888882427963,0,5962026,860,0,0,generated
597,dabashenliu_run_597\particle_positions_150000.csv,noise_0pct\c5000_phi27.00_logk-0.966667.png,pressure,5000,27,0.10797753,-0.966666611293739,0,5972026,860,0,14,generated
598,dabashenliu_run_598\particle_positions_150000.csv,noise_0pct\c5000_phi27.00_logk-0.744444.png,pressure,5000,27,0.18011737,-0.744444403052799,0,5982026,860,0,111,generated
599,dabashenliu_run_599\particle_positions_150000.csv,noise_0pct\c5000_phi27.00_logk-0.522222.png,pressure,5000,27,0.30045387,-0.522222197678965,0,5992026,860,0,79,generated
600,dabashenliu_run_600\particle_positions_150000.csv,noise_0pct\c5000_phi27.00_logk-0.300000.png,pressure,5000,27,0.50118726,-0.299999977147204,0,6002026,860,0,385,generated
601,dabashenliu_run_601\particle_positions_150000.csv,noise_0pct\c5400_phi18.00_logk-2.300000.png,pressure,5400,18,0.0050118724,-2.29999999447783,0,6012026,860,0,0,generated
602,dabashenliu_run_602\particle_positions_150000.csv,noise_0pct\c5400_phi18.00_logk-2.077778.png,pressure,5400,18,0.0083603095,-2.07777764461193,0,6022026,860,0,0,generated
603,dabashenliu_run_603\particle_positions_150000.csv,noise_0pct\c5400_phi18.00_logk-1.855556.png,pressure,5400,18,0.013945831,-1.85555560201739,0,6032026,860,0,0,generated
604,dabashenliu_run_604\particle_positions_150000.csv,noise_0pct\c5400_phi18.00_logk-1.633333.png,pressure,5400,18,0.023263052,-1.63333330853244,0,6042026,860,0,0,generated
605,dabashenliu_run_605\particle_positions_150000.csv,noise_0pct\c5400_phi18.00_logk-1.411111.png,pressure,5400,18,0.038805105,-1.41111113709934,0,6052026,860,0,0,generated
606,dabashenliu_run_606\particle_positions_150000.csv,noise_0pct\c5400_phi18.00_logk-1.188889.png,pressure,5400,18,0.06473083,-1.18888882427963,0,6062026,860,0,0,generated
607,dabashenliu_run_607\particle_positions_150000.csv,noise_0pct\c5400_phi18.00_logk-0.966667.png,pressure,5400,18,0.10797753,-0.966666611293739,0,6072026,860,0,0,generated
608,dabashenliu_run_608\particle_positions_150000.csv,noise_0pct\c5400_phi18.00_logk-0.744444.png,pressure,5400,18,0.18011737,-0.744444403052799,0,6082026,860,0,4,generated
609,dabashenliu_run_609\particle_positions_150000.csv,noise_0pct\c5400_phi18.00_logk-0.522222.png,pressure,5400,18,0.30045387,-0.522222197678965,0,6092026,860,0,311,generated
610,dabashenliu_run_610\particle_positions_150000.csv,noise_0pct\c5400_phi18.00_logk-0.300000.png,pressure,5400,18,0.50118726,-0.299999977147204,0,6102026,860,0,252,generated
611,dabashenliu_run_611\particle_positions_150000.csv,noise_0pct\c5400_phi19.00_logk-2.300000.png,pressure,5400,19,0.0050118724,-2.29999999447783,0,6112026,860,0,0,generated
612,dabashenliu_run_612\particle_positions_150000.csv,noise_0pct\c5400_phi19.00_logk-2.077778.png,pressure,5400,19,0.0083603095,-2.07777764461193,0,6122026,860,0,0,generated
613,dabashenliu_run_613\particle_positions_150000.csv,noise_0pct\c5400_phi19.00_logk-1.855556.png,pressure,5400,19,0.013945831,-1.85555560201739,0,6132026,860,0,0,generated
614,dabashenliu_run_614\particle_positions_150000.csv,noise_0pct\c5400_phi19.00_logk-1.633333.png,pressure,5400,19,0.023263052,-1.63333330853244,0,6142026,860,0,0,generated
615,dabashenliu_run_615\particle_positions_150000.csv,noise_0pct\c5400_phi19.00_logk-1.411111.png,pressure,5400,19,0.038805105,-1.41111113709934,0,6152026,860,0,0,generated
616,dabashenliu_run_616\particle_positions_150000.csv,noise_0pct\c5400_phi19.00_logk-1.188889.png,pressure,5400,19,0.06473083,-1.18888882427963,0,6162026,860,0,0,generated
617,dabashenliu_run_617\particle_positions_150000.csv,noise_0pct\c5400_phi19.00_logk-0.966667.png,pressure,5400,19,0.10797753,-0.966666611293739,0,6172026,860,0,0,generated
618,dabashenliu_run_618\particle_positions_150000.csv,noise_0pct\c5400_phi19.00_logk-0.744444.png,pressure,5400,19,0.18011737,-0.744444403052799,0,6182026,860,0,0,generated
619,dabashenliu_run_619\particle_positions_150000.csv,noise_0pct\c5400_phi19.00_logk-0.522222.png,pressure,5400,19,0.30045387,-0.522222197678965,0,6192026,860,0,188,generated
620,dabashenliu_run_620\particle_positions_150000.csv,noise_0pct\c5400_phi19.00_logk-0.300000.png,pressure,5400,19,0.50118726,-0.299999977147204,0,6202026,860,0,108,generated
621,dabashenliu_run_621\particle_positions_150000.csv,noise_0pct\c5400_phi20.00_logk-2.300000.png,pressure,5400,20,0.0050118724,-2.29999999447783,0,6212026,860,0,0,generated
622,dabashenliu_run_622\particle_positions_150000.csv,noise_0pct\c5400_phi20.00_logk-2.077778.png,pressure,5400,20,0.0083603095,-2.07777764461193,0,6222026,860,0,0,generated
623,dabashenliu_run_623\particle_positions_150000.csv,noise_0pct\c5400_phi20.00_logk-1.855556.png,pressure,5400,20,0.013945831,-1.85555560201739,0,6232026,860,0,0,generated
624,dabashenliu_run_624\particle_positions_150000.csv,noise_0pct\c5400_phi20.00_logk-1.633333.png,pressure,5400,20,0.023263052,-1.63333330853244,0,6242026,860,0,0,generated
625,dabashenliu_run_625\particle_positions_150000.csv,noise_0pct\c5400_phi20.00_logk-1.411111.png,pressure,5400,20,0.038805105,-1.41111113709934,0,6252026,860,0,0,generated
626,dabashenliu_run_626\particle_positions_150000.csv,noise_0pct\c5400_phi20.00_logk-1.188889.png,pressure,5400,20,0.06473083,-1.18888882427963,0,6262026,860,0,0,generated
627,dabashenliu_run_627\particle_positions_150000.csv,noise_0pct\c5400_phi20.00_logk-0.966667.png,pressure,5400,20,0.10797753,-0.966666611293739,0,6272026,860,0,25,generated
628,dabashenliu_run_628\particle_positions_150000.csv,noise_0pct\c5400_phi20.00_logk-0.744444.png,pressure,5400,20,0.18011737,-0.744444403052799,0,6282026,860,0,17,generated
629,dabashenliu_run_629\particle_positions_150000.csv,noise_0pct\c5400_phi20.00_logk-0.522222.png,pressure,5400,20,0.30045387,-0.522222197678965,0,6292026,860,0,613,generated
630,dabashenliu_run_630\particle_positions_150000.csv,noise_0pct\c5400_phi20.00_logk-0.300000.png,pressure,5400,20,0.50118726,-0.299999977147204,0,6302026,860,0,331,generated
631,dabashenliu_run_631\particle_positions_150000.csv,noise_0pct\c5400_phi21.00_logk-2.300000.png,pressure,5400,21,0.0050118724,-2.29999999447783,0,6312026,860,0,0,generated
632,dabashenliu_run_632\particle_positions_150000.csv,noise_0pct\c5400_phi21.00_logk-2.077778.png,pressure,5400,21,0.0083603095,-2.07777764461193,0,6322026,860,0,0,generated
633,dabashenliu_run_633\particle_positions_150000.csv,noise_0pct\c5400_phi21.00_logk-1.855556.png,pressure,5400,21,0.013945831,-1.85555560201739,0,6332026,860,0,0,generated
634,dabashenliu_run_634\particle_positions_150000.csv,noise_0pct\c5400_phi21.00_logk-1.633333.png,pressure,5400,21,0.023263052,-1.63333330853244,0,6342026,860,0,0,generated
635,dabashenliu_run_635\particle_positions_150000.csv,noise_0pct\c5400_phi21.00_logk-1.411111.png,pressure,5400,21,0.038805105,-1.41111113709934,0,6352026,860,0,0,generated
636,dabashenliu_run_636\particle_positions_150000.csv,noise_0pct\c5400_phi21.00_logk-1.188889.png,pressure,5400,21,0.06473083,-1.18888882427963,0,6362026,860,0,0,generated
637,dabashenliu_run_637\particle_positions_150000.csv,noise_0pct\c5400_phi21.00_logk-0.966667.png,pressure,5400,21,0.10797753,-0.966666611293739,0,6372026,860,0,1,generated
638,dabashenliu_run_638\particle_positions_150000.csv,noise_0pct\c5400_phi21.00_logk-0.744444.png,pressure,5400,21,0.18011737,-0.744444403052799,0,6382026,860,0,49,generated
639,dabashenliu_run_639\particle_positions_150000.csv,noise_0pct\c5400_phi21.00_logk-0.522222.png,pressure,5400,21,0.30045387,-0.522222197678965,0,6392026,860,0,348,generated
640,dabashenliu_run_640\particle_positions_150000.csv,noise_0pct\c5400_phi21.00_logk-0.300000.png,pressure,5400,21,0.50118726,-0.299999977147204,0,6402026,860,0,93,generated
641,dabashenliu_run_641\particle_positions_150000.csv,noise_0pct\c5400_phi22.00_logk-2.300000.png,pressure,5400,22,0.0050118724,-2.29999999447783,0,6412026,860,0,0,generated
642,dabashenliu_run_642\particle_positions_150000.csv,noise_0pct\c5400_phi22.00_logk-2.077778.png,pressure,5400,22,0.0083603095,-2.07777764461193,0,6422026,860,0,0,generated
643,dabashenliu_run_643\particle_positions_150000.csv,noise_0pct\c5400_phi22.00_logk-1.855556.png,pressure,5400,22,0.013945831,-1.85555560201739,0,6432026,860,0,0,generated
644,dabashenliu_run_644\particle_positions_150000.csv,noise_0pct\c5400_phi22.00_logk-1.633333.png,pressure,5400,22,0.023263052,-1.63333330853244,0,6442026,860,0,0,generated
645,dabashenliu_run_645\particle_positions_150000.csv,noise_0pct\c5400_phi22.00_logk-1.411111.png,pressure,5400,22,0.038805105,-1.41111113709934,0,6452026,860,0,0,generated
646,dabashenliu_run_646\particle_positions_150000.csv,noise_0pct\c5400_phi22.00_logk-1.188889.png,pressure,5400,22,0.06473083,-1.18888882427963,0,6462026,860,0,0,generated
647,dabashenliu_run_647\particle_positions_150000.csv,noise_0pct\c5400_phi22.00_logk-0.966667.png,pressure,5400,22,0.10797753,-0.966666611293739,0,6472026,860,0,0,generated
648,dabashenliu_run_648\particle_positions_150000.csv,noise_0pct\c5400_phi22.00_logk-0.744444.png,pressure,5400,22,0.18011737,-0.744444403052799,0,6482026,860,0,6,generated
649,dabashenliu_run_649\particle_positions_150000.csv,noise_0pct\c5400_phi22.00_logk-0.522222.png,pressure,5400,22,0.30045387,-0.522222197678965,0,6492026,860,0,0,generated
650,dabashenliu_run_650\particle_positions_150000.csv,noise_0pct\c5400_phi22.00_logk-0.300000.png,pressure,5400,22,0.50118726,-0.299999977147204,0,6502026,860,0,609,generated
651,dabashenliu_run_651\particle_positions_150000.csv,noise_0pct\c5400_phi23.00_logk-2.300000.png,pressure,5400,23,0.0050118724,-2.29999999447783,0,6512026,860,0,0,generated
652,dabashenliu_run_652\particle_positions_150000.csv,noise_0pct\c5400_phi23.00_logk-2.077778.png,pressure,5400,23,0.0083603095,-2.07777764461193,0,6522026,860,0,0,generated
653,dabashenliu_run_653\particle_positions_150000.csv,noise_0pct\c5400_phi23.00_logk-1.855556.png,pressure,5400,23,0.013945831,-1.85555560201739,0,6532026,860,0,0,generated
654,dabashenliu_run_654\particle_positions_150000.csv,noise_0pct\c5400_phi23.00_logk-1.633333.png,pressure,5400,23,0.023263052,-1.63333330853244,0,6542026,860,0,0,generated
655,dabashenliu_run_655\particle_positions_150000.csv,noise_0pct\c5400_phi23.00_logk-1.411111.png,pressure,5400,23,0.038805105,-1.41111113709934,0,6552026,860,0,0,generated
656,dabashenliu_run_656\particle_positions_150000.csv,noise_0pct\c5400_phi23.00_logk-1.188889.png,pressure,5400,23,0.06473083,-1.18888882427963,0,6562026,860,0,0,generated
657,dabashenliu_run_657\particle_positions_150000.csv,noise_0pct\c5400_phi23.00_logk-0.966667.png,pressure,5400,23,0.10797753,-0.966666611293739,0,6572026,860,0,0,generated
658,dabashenliu_run_658\particle_positions_150000.csv,noise_0pct\c5400_phi23.00_logk-0.744444.png,pressure,5400,23,0.18011737,-0.744444403052799,0,6582026,860,0,6,generated
659,dabashenliu_run_659\particle_positions_150000.csv,noise_0pct\c5400_phi23.00_logk-0.522222.png,pressure,5400,23,0.30045387,-0.522222197678965,0,6592026,860,0,216,generated
660,dabashenliu_run_660\particle_positions_150000.csv,noise_0pct\c5400_phi23.00_logk-0.300000.png,pressure,5400,23,0.50118726,-0.299999977147204,0,6602026,860,0,522,generated
661,dabashenliu_run_661\particle_positions_150000.csv,noise_0pct\c5400_phi24.00_logk-2.300000.png,pressure,5400,24,0.0050118724,-2.29999999447783,0,6612026,860,0,0,generated
662,dabashenliu_run_662\particle_positions_150000.csv,noise_0pct\c5400_phi24.00_logk-2.077778.png,pressure,5400,24,0.0083603095,-2.07777764461193,0,6622026,860,0,0,generated
663,dabashenliu_run_663\particle_positions_150000.csv,noise_0pct\c5400_phi24.00_logk-1.855556.png,pressure,5400,24,0.013945831,-1.85555560201739,0,6632026,860,0,0,generated
664,dabashenliu_run_664\particle_positions_150000.csv,noise_0pct\c5400_phi24.00_logk-1.633333.png,pressure,5400,24,0.023263052,-1.63333330853244,0,6642026,860,0,0,generated
665,dabashenliu_run_665\particle_positions_150000.csv,noise_0pct\c5400_phi24.00_logk-1.411111.png,pressure,5400,24,0.038805105,-1.41111113709934,0,6652026,860,0,0,generated
666,dabashenliu_run_666\particle_positions_150000.csv,noise_0pct\c5400_phi24.00_logk-1.188889.png,pressure,5400,24,0.06473083,-1.18888882427963,0,6662026,860,0,0,generated
667,dabashenliu_run_667\particle_positions_150000.csv,noise_0pct\c5400_phi24.00_logk-0.966667.png,pressure,5400,24,0.10797753,-0.966666611293739,0,6672026,860,0,0,generated
668,dabashenliu_run_668\particle_positions_150000.csv,noise_0pct\c5400_phi24.00_logk-0.744444.png,pressure,5400,24,0.18011737,-0.744444403052799,0,6682026,860,0,0,generated
669,dabashenliu_run_669\particle_positions_150000.csv,noise_0pct\c5400_phi24.00_logk-0.522222.png,pressure,5400,24,0.30045387,-0.522222197678965,0,6692026,860,0,0,generated
670,dabashenliu_run_670\particle_positions_150000.csv,noise_0pct\c5400_phi24.00_logk-0.300000.png,pressure,5400,24,0.50118726,-0.299999977147204,0,6702026,860,0,476,generated
671,dabashenliu_run_671\particle_positions_150000.csv,noise_0pct\c5400_phi25.00_logk-2.300000.png,pressure,5400,25,0.0050118724,-2.29999999447783,0,6712026,860,0,0,generated
672,dabashenliu_run_672\particle_positions_150000.csv,noise_0pct\c5400_phi25.00_logk-2.077778.png,pressure,5400,25,0.0083603095,-2.07777764461193,0,6722026,860,0,0,generated
673,dabashenliu_run_673\particle_positions_150000.csv,noise_0pct\c5400_phi25.00_logk-1.855556.png,pressure,5400,25,0.013945831,-1.85555560201739,0,6732026,860,0,0,generated
674,dabashenliu_run_674\particle_positions_150000.csv,noise_0pct\c5400_phi25.00_logk-1.633333.png,pressure,5400,25,0.023263052,-1.63333330853244,0,6742026,860,0,0,generated
675,dabashenliu_run_675\particle_positions_150000.csv,noise_0pct\c5400_phi25.00_logk-1.411111.png,pressure,5400,25,0.038805105,-1.41111113709934,0,6752026,860,0,0,generated
676,dabashenliu_run_676\particle_positions_150000.csv,noise_0pct\c5400_phi25.00_logk-1.188889.png,pressure,5400,25,0.06473083,-1.18888882427963,0,6762026,860,0,0,generated
677,dabashenliu_run_677\particle_positions_150000.csv,noise_0pct\c5400_phi25.00_logk-0.966667.png,pressure,5400,25,0.10797753,-0.966666611293739,0,6772026,860,0,0,generated
678,dabashenliu_run_678\particle_positions_150000.csv,noise_0pct\c5400_phi25.00_logk-0.744444.png,pressure,5400,25,0.18011737,-0.744444403052799,0,6782026,860,0,6,generated
679,dabashenliu_run_679\particle_positions_150000.csv,noise_0pct\c5400_phi25.00_logk-0.522222.png,pressure,5400,25,0.30045387,-0.522222197678965,0,6792026,860,0,102,generated
680,dabashenliu_run_680\particle_positions_150000.csv,noise_0pct\c5400_phi25.00_logk-0.300000.png,pressure,5400,25,0.50118726,-0.299999977147204,0,6802026,860,0,0,generated
681,dabashenliu_run_681\particle_positions_150000.csv,noise_0pct\c5400_phi26.00_logk-2.300000.png,pressure,5400,26,0.0050118724,-2.29999999447783,0,6812026,860,0,0,generated
682,dabashenliu_run_682\particle_positions_150000.csv,noise_0pct\c5400_phi26.00_logk-2.077778.png,pressure,5400,26,0.0083603095,-2.07777764461193,0,6822026,860,0,0,generated
683,dabashenliu_run_683\particle_positions_150000.csv,noise_0pct\c5400_phi26.00_logk-1.855556.png,pressure,5400,26,0.013945831,-1.85555560201739,0,6832026,860,0,0,generated
684,dabashenliu_run_684\particle_positions_150000.csv,noise_0pct\c5400_phi26.00_logk-1.633333.png,pressure,5400,26,0.023263052,-1.63333330853244,0,6842026,860,0,0,generated
685,dabashenliu_run_685\particle_positions_150000.csv,noise_0pct\c5400_phi26.00_logk-1.411111.png,pressure,5400,26,0.038805105,-1.41111113709934,0,6852026,860,0,0,generated
686,dabashenliu_run_686\particle_positions_150000.csv,noise_0pct\c5400_phi26.00_logk-1.188889.png,pressure,5400,26,0.06473083,-1.18888882427963,0,6862026,860,0,0,generated
687,dabashenliu_run_687\particle_positions_150000.csv,noise_0pct\c5400_phi26.00_logk-0.966667.png,pressure,5400,26,0.10797753,-0.966666611293739,0,6872026,860,0,0,generated
688,dabashenliu_run_688\particle_positions_150000.csv,noise_0pct\c5400_phi26.00_logk-0.744444.png,pressure,5400,26,0.18011737,-0.744444403052799,0,6882026,860,0,0,generated
689,dabashenliu_run_689\particle_positions_150000.csv,noise_0pct\c5400_phi26.00_logk-0.522222.png,pressure,5400,26,0.30045387,-0.522222197678965,0,6892026,860,0,310,generated
690,dabashenliu_run_690\particle_positions_150000.csv,noise_0pct\c5400_phi26.00_logk-0.300000.png,pressure,5400,26,0.50118726,-0.299999977147204,0,6902026,860,0,788,generated
691,dabashenliu_run_691\particle_positions_150000.csv,noise_0pct\c5400_phi27.00_logk-2.300000.png,pressure,5400,27,0.0050118724,-2.29999999447783,0,6912026,860,0,0,generated
692,dabashenliu_run_692\particle_positions_150000.csv,noise_0pct\c5400_phi27.00_logk-2.077778.png,pressure,5400,27,0.0083603095,-2.07777764461193,0,6922026,860,0,0,generated
693,dabashenliu_run_693\particle_positions_150000.csv,noise_0pct\c5400_phi27.00_logk-1.855556.png,pressure,5400,27,0.013945831,-1.85555560201739,0,6932026,860,0,0,generated
694,dabashenliu_run_694\particle_positions_150000.csv,noise_0pct\c5400_phi27.00_logk-1.633333.png,pressure,5400,27,0.023263052,-1.63333330853244,0,6942026,860,0,0,generated
695,dabashenliu_run_695\particle_positions_150000.csv,noise_0pct\c5400_phi27.00_logk-1.411111.png,pressure,5400,27,0.038805105,-1.41111113709934,0,6952026,860,0,0,generated
696,dabashenliu_run_696\particle_positions_150000.csv,noise_0pct\c5400_phi27.00_logk-1.188889.png,pressure,5400,27,0.06473083,-1.18888882427963,0,6962026,860,0,0,generated
697,dabashenliu_run_697\particle_positions_150000.csv,noise_0pct\c5400_phi27.00_logk-0.966667.png,pressure,5400,27,0.10797753,-0.966666611293739,0,6972026,860,0,0,generated
698,dabashenliu_run_698\particle_positions_150000.csv,noise_0pct\c5400_phi27.00_logk-0.744444.png,pressure,5400,27,0.18011737,-0.744444403052799,0,6982026,860,0,0,generated
699,dabashenliu_run_699\particle_positions_150000.csv,noise_0pct\c5400_phi27.00_logk-0.522222.png,pressure,5400,27,0.30045387,-0.522222197678965,0,6992026,860,0,190,generated
700,dabashenliu_run_700\particle_positions_150000.csv,noise_0pct\c5400_phi27.00_logk-0.300000.png,pressure,5400,27,0.50118726,-0.299999977147204,0,7002026,860,0,343,generated
701,dabashenliu_run_701\particle_positions_150000.csv,noise_0pct\c5800_phi18.00_logk-2.300000.png,pressure,5800,18,0.0050118724,-2.29999999447783,0,7012026,860,0,0,generated
702,dabashenliu_run_702\particle_positions_150000.csv,noise_0pct\c5800_phi18.00_logk-2.077778.png,pressure,5800,18,0.0083603095,-2.07777764461193,0,7022026,860,0,0,generated
703,dabashenliu_run_703\particle_positions_150000.csv,noise_0pct\c5800_phi18.00_logk-1.855556.png,pressure,5800,18,0.013945831,-1.85555560201739,0,7032026,860,0,0,generated
704,dabashenliu_run_704\particle_positions_150000.csv,noise_0pct\c5800_phi18.00_logk-1.633333.png,pressure,5800,18,0.023263052,-1.63333330853244,0,7042026,860,0,0,generated
705,dabashenliu_run_705\particle_positions_150000.csv,noise_0pct\c5800_phi18.00_logk-1.411111.png,pressure,5800,18,0.038805105,-1.41111113709934,0,7052026,860,0,0,generated
706,dabashenliu_run_706\particle_positions_150000.csv,noise_0pct\c5800_phi18.00_logk-1.188889.png,pressure,5800,18,0.06473083,-1.18888882427963,0,7062026,860,0,0,generated
707,dabashenliu_run_707\particle_positions_150000.csv,noise_0pct\c5800_phi18.00_logk-0.966667.png,pressure,5800,18,0.10797753,-0.966666611293739,0,7072026,860,0,0,generated
708,dabashenliu_run_708\particle_positions_150000.csv,noise_0pct\c5800_phi18.00_logk-0.744444.png,pressure,5800,18,0.18011737,-0.744444403052799,0,7082026,860,0,0,generated
709,dabashenliu_run_709\particle_positions_150000.csv,noise_0pct\c5800_phi18.00_logk-0.522222.png,pressure,5800,18,0.30045387,-0.522222197678965,0,7092026,860,0,41,generated
710,dabashenliu_run_710\particle_positions_150000.csv,noise_0pct\c5800_phi18.00_logk-0.300000.png,pressure,5800,18,0.50118726,-0.299999977147204,0,7102026,860,0,146,generated
711,dabashenliu_run_711\particle_positions_150000.csv,noise_0pct\c5800_phi19.00_logk-2.300000.png,pressure,5800,19,0.0050118724,-2.29999999447783,0,7112026,860,0,0,generated
712,dabashenliu_run_712\particle_positions_150000.csv,noise_0pct\c5800_phi19.00_logk-2.077778.png,pressure,5800,19,0.0083603095,-2.07777764461193,0,7122026,860,0,0,generated
713,dabashenliu_run_713\particle_positions_150000.csv,noise_0pct\c5800_phi19.00_logk-1.855556.png,pressure,5800,19,0.013945831,-1.85555560201739,0,7132026,860,0,0,generated
714,dabashenliu_run_714\particle_positions_150000.csv,noise_0pct\c5800_phi19.00_logk-1.633333.png,pressure,5800,19,0.023263052,-1.63333330853244,0,7142026,860,0,0,generated
715,dabashenliu_run_715\particle_positions_150000.csv,noise_0pct\c5800_phi19.00_logk-1.411111.png,pressure,5800,19,0.038805105,-1.41111113709934,0,7152026,860,0,0,generated
716,dabashenliu_run_716\particle_positions_150000.csv,noise_0pct\c5800_phi19.00_logk-1.188889.png,pressure,5800,19,0.06473083,-1.18888882427963,0,7162026,860,0,0,generated
717,dabashenliu_run_717\particle_positions_150000.csv,noise_0pct\c5800_phi19.00_logk-0.966667.png,pressure,5800,19,0.10797753,-0.966666611293739,0,7172026,860,0,0,generated
718,dabashenliu_run_718\particle_positions_150000.csv,noise_0pct\c5800_phi19.00_logk-0.744444.png,pressure,5800,19,0.18011737,-0.744444403052799,0,7182026,860,0,26,generated
719,dabashenliu_run_719\particle_positions_150000.csv,noise_0pct\c5800_phi19.00_logk-0.522222.png,pressure,5800,19,0.30045387,-0.522222197678965,0,7192026,860,0,264,generated
720,dabashenliu_run_720\particle_positions_150000.csv,noise_0pct\c5800_phi19.00_logk-0.300000.png,pressure,5800,19,0.50118726,-0.299999977147204,0,7202026,860,0,423,generated
721,dabashenliu_run_721\particle_positions_150000.csv,noise_0pct\c5800_phi20.00_logk-2.300000.png,pressure,5800,20,0.0050118724,-2.29999999447783,0,7212026,860,0,0,generated
722,dabashenliu_run_722\particle_positions_150000.csv,noise_0pct\c5800_phi20.00_logk-2.077778.png,pressure,5800,20,0.0083603095,-2.07777764461193,0,7222026,860,0,0,generated
723,dabashenliu_run_723\particle_positions_150000.csv,noise_0pct\c5800_phi20.00_logk-1.855556.png,pressure,5800,20,0.013945831,-1.85555560201739,0,7232026,860,0,0,generated
724,dabashenliu_run_724\particle_positions_150000.csv,noise_0pct\c5800_phi20.00_logk-1.633333.png,pressure,5800,20,0.023263052,-1.63333330853244,0,7242026,860,0,0,generated
725,dabashenliu_run_725\particle_positions_150000.csv,noise_0pct\c5800_phi20.00_logk-1.411111.png,pressure,5800,20,0.038805105,-1.41111113709934,0,7252026,860,0,0,generated
726,dabashenliu_run_726\particle_positions_150000.csv,noise_0pct\c5800_phi20.00_logk-1.188889.png,pressure,5800,20,0.06473083,-1.18888882427963,0,7262026,860,0,0,generated
727,dabashenliu_run_727\particle_positions_150000.csv,noise_0pct\c5800_phi20.00_logk-0.966667.png,pressure,5800,20,0.10797753,-0.966666611293739,0,7272026,860,0,117,generated
728,dabashenliu_run_728\particle_positions_150000.csv,noise_0pct\c5800_phi20.00_logk-0.744444.png,pressure,5800,20,0.18011737,-0.744444403052799,0,7282026,860,0,0,generated
729,dabashenliu_run_729\particle_positions_150000.csv,noise_0pct\c5800_phi20.00_logk-0.522222.png,pressure,5800,20,0.30045387,-0.522222197678965,0,7292026,860,0,97,generated
730,dabashenliu_run_730\particle_positions_150000.csv,noise_0pct\c5800_phi20.00_logk-0.300000.png,pressure,5800,20,0.50118726,-0.299999977147204,0,7302026,860,0,411,generated
731,dabashenliu_run_731\particle_positions_150000.csv,noise_0pct\c5800_phi21.00_logk-2.300000.png,pressure,5800,21,0.0050118724,-2.29999999447783,0,7312026,860,0,0,generated
732,dabashenliu_run_732\particle_positions_150000.csv,noise_0pct\c5800_phi21.00_logk-2.077778.png,pressure,5800,21,0.0083603095,-2.07777764461193,0,7322026,860,0,0,generated
733,dabashenliu_run_733\particle_positions_150000.csv,noise_0pct\c5800_phi21.00_logk-1.855556.png,pressure,5800,21,0.013945831,-1.85555560201739,0,7332026,860,0,0,generated
734,dabashenliu_run_734\particle_positions_150000.csv,noise_0pct\c5800_phi21.00_logk-1.633333.png,pressure,5800,21,0.023263052,-1.63333330853244,0,7342026,860,0,0,generated
735,dabashenliu_run_735\particle_positions_150000.csv,noise_0pct\c5800_phi21.00_logk-1.411111.png,pressure,5800,21,0.038805105,-1.41111113709934,0,7352026,860,0,0,generated
736,dabashenliu_run_736\particle_positions_150000.csv,noise_0pct\c5800_phi21.00_logk-1.188889.png,pressure,5800,21,0.06473083,-1.18888882427963,0,7362026,860,0,0,generated
737,dabashenliu_run_737\particle_positions_150000.csv,noise_0pct\c5800_phi21.00_logk-0.966667.png,pressure,5800,21,0.10797753,-0.966666611293739,0,7372026,860,0,0,generated
738,dabashenliu_run_738\particle_positions_150000.csv,noise_0pct\c5800_phi21.00_logk-0.744444.png,pressure,5800,21,0.18011737,-0.744444403052799,0,7382026,860,0,0,generated
739,dabashenliu_run_739\particle_positions_150000.csv,noise_0pct\c5800_phi21.00_logk-0.522222.png,pressure,5800,21,0.30045387,-0.522222197678965,0,7392026,860,0,363,generated
740,dabashenliu_run_740\particle_positions_150000.csv,noise_0pct\c5800_phi21.00_logk-0.300000.png,pressure,5800,21,0.50118726,-0.299999977147204,0,7402026,860,0,228,generated
741,dabashenliu_run_741\particle_positions_150000.csv,noise_0pct\c5800_phi22.00_logk-2.300000.png,pressure,5800,22,0.0050118724,-2.29999999447783,0,7412026,860,0,0,generated
742,dabashenliu_run_742\particle_positions_150000.csv,noise_0pct\c5800_phi22.00_logk-2.077778.png,pressure,5800,22,0.0083603095,-2.07777764461193,0,7422026,860,0,0,generated
743,dabashenliu_run_743\particle_positions_150000.csv,noise_0pct\c5800_phi22.00_logk-1.855556.png,pressure,5800,22,0.013945831,-1.85555560201739,0,7432026,860,0,0,generated
744,dabashenliu_run_744\particle_positions_150000.csv,noise_0pct\c5800_phi22.00_logk-1.633333.png,pressure,5800,22,0.023263052,-1.63333330853244,0,7442026,860,0,0,generated
745,dabashenliu_run_745\particle_positions_150000.csv,noise_0pct\c5800_phi22.00_logk-1.411111.png,pressure,5800,22,0.038805105,-1.41111113709934,0,7452026,860,0,0,generated
746,dabashenliu_run_746\particle_positions_150000.csv,noise_0pct\c5800_phi22.00_logk-1.188889.png,pressure,5800,22,0.06473083,-1.18888882427963,0,7462026,860,0,0,generated
747,dabashenliu_run_747\particle_positions_150000.csv,noise_0pct\c5800_phi22.00_logk-0.966667.png,pressure,5800,22,0.10797753,-0.966666611293739,0,7472026,860,0,0,generated
748,dabashenliu_run_748\particle_positions_150000.csv,noise_0pct\c5800_phi22.00_logk-0.744444.png,pressure,5800,22,0.18011737,-0.744444403052799,0,7482026,860,0,0,generated
749,dabashenliu_run_749\particle_positions_150000.csv,noise_0pct\c5800_phi22.00_logk-0.522222.png,pressure,5800,22,0.30045387,-0.522222197678965,0,7492026,860,0,150,generated
750,dabashenliu_run_750\particle_positions_150000.csv,noise_0pct\c5800_phi22.00_logk-0.300000.png,pressure,5800,22,0.50118726,-0.299999977147204,0,7502026,860,0,459,generated
751,dabashenliu_run_751\particle_positions_150000.csv,noise_0pct\c5800_phi23.00_logk-2.300000.png,pressure,5800,23,0.0050118724,-2.29999999447783,0,7512026,860,0,0,generated
752,dabashenliu_run_752\particle_positions_150000.csv,noise_0pct\c5800_phi23.00_logk-2.077778.png,pressure,5800,23,0.0083603095,-2.07777764461193,0,7522026,860,0,0,generated
753,dabashenliu_run_753\particle_positions_150000.csv,noise_0pct\c5800_phi23.00_logk-1.855556.png,pressure,5800,23,0.013945831,-1.85555560201739,0,7532026,860,0,0,generated
754,dabashenliu_run_754\particle_positions_150000.csv,noise_0pct\c5800_phi23.00_logk-1.633333.png,pressure,5800,23,0.023263052,-1.63333330853244,0,7542026,860,0,0,generated
755,dabashenliu_run_755\particle_positions_150000.csv,noise_0pct\c5800_phi23.00_logk-1.411111.png,pressure,5800,23,0.038805105,-1.41111113709934,0,7552026,860,0,0,generated
756,dabashenliu_run_756\particle_positions_150000.csv,noise_0pct\c5800_phi23.00_logk-1.188889.png,pressure,5800,23,0.06473083,-1.18888882427963,0,7562026,860,0,0,generated
757,dabashenliu_run_757\particle_positions_150000.csv,noise_0pct\c5800_phi23.00_logk-0.966667.png,pressure,5800,23,0.10797753,-0.966666611293739,0,7572026,860,0,0,generated
758,dabashenliu_run_758\particle_positions_150000.csv,noise_0pct\c5800_phi23.00_logk-0.744444.png,pressure,5800,23,0.18011737,-0.744444403052799,0,7582026,860,0,26,generated
759,dabashenliu_run_759\particle_positions_150000.csv,noise_0pct\c5800_phi23.00_logk-0.522222.png,pressure,5800,23,0.30045387,-0.522222197678965,0,7592026,860,0,165,generated
760,dabashenliu_run_760\particle_positions_150000.csv,noise_0pct\c5800_phi23.00_logk-0.300000.png,pressure,5800,23,0.50118726,-0.299999977147204,0,7602026,860,0,1050,generated
761,dabashenliu_run_761\particle_positions_150000.csv,noise_0pct\c5800_phi24.00_logk-2.300000.png,pressure,5800,24,0.0050118724,-2.29999999447783,0,7612026,860,0,0,generated
762,dabashenliu_run_762\particle_positions_150000.csv,noise_0pct\c5800_phi24.00_logk-2.077778.png,pressure,5800,24,0.0083603095,-2.07777764461193,0,7622026,860,0,0,generated
763,dabashenliu_run_763\particle_positions_150000.csv,noise_0pct\c5800_phi24.00_logk-1.855556.png,pressure,5800,24,0.013945831,-1.85555560201739,0,7632026,860,0,0,generated
764,dabashenliu_run_764\particle_positions_150000.csv,noise_0pct\c5800_phi24.00_logk-1.633333.png,pressure,5800,24,0.023263052,-1.63333330853244,0,7642026,860,0,0,generated
765,dabashenliu_run_765\particle_positions_150000.csv,noise_0pct\c5800_phi24.00_logk-1.411111.png,pressure,5800,24,0.038805105,-1.41111113709934,0,7652026,860,0,0,generated
766,dabashenliu_run_766\particle_positions_150000.csv,noise_0pct\c5800_phi24.00_logk-1.188889.png,pressure,5800,24,0.06473083,-1.18888882427963,0,7662026,860,0,1,generated
767,dabashenliu_run_767\particle_positions_150000.csv,noise_0pct\c5800_phi24.00_logk-0.966667.png,pressure,5800,24,0.10797753,-0.966666611293739,0,7672026,860,0,0,generated
768,dabashenliu_run_768\particle_positions_150000.csv,noise_0pct\c5800_phi24.00_logk-0.744444.png,pressure,5800,24,0.18011737,-0.744444403052799,0,7682026,860,0,0,generated
769,dabashenliu_run_769\particle_positions_150000.csv,noise_0pct\c5800_phi24.00_logk-0.522222.png,pressure,5800,24,0.30045387,-0.522222197678965,0,7692026,860,0,687,generated
770,dabashenliu_run_770\particle_positions_150000.csv,noise_0pct\c5800_phi24.00_logk-0.300000.png,pressure,5800,24,0.50118726,-0.299999977147204,0,7702026,860,0,622,generated
771,dabashenliu_run_771\particle_positions_150000.csv,noise_0pct\c5800_phi25.00_logk-2.300000.png,pressure,5800,25,0.0050118724,-2.29999999447783,0,7712026,860,0,0,generated
772,dabashenliu_run_772\particle_positions_150000.csv,noise_0pct\c5800_phi25.00_logk-2.077778.png,pressure,5800,25,0.0083603095,-2.07777764461193,0,7722026,860,0,0,generated
773,dabashenliu_run_773\particle_positions_150000.csv,noise_0pct\c5800_phi25.00_logk-1.855556.png,pressure,5800,25,0.013945831,-1.85555560201739,0,7732026,860,0,0,generated
774,dabashenliu_run_774\particle_positions_150000.csv,noise_0pct\c5800_phi25.00_logk-1.633333.png,pressure,5800,25,0.023263052,-1.63333330853244,0,7742026,860,0,0,generated
775,dabashenliu_run_775\particle_positions_150000.csv,noise_0pct\c5800_phi25.00_logk-1.411111.png,pressure,5800,25,0.038805105,-1.41111113709934,0,7752026,860,0,0,generated
776,dabashenliu_run_776\particle_positions_150000.csv,noise_0pct\c5800_phi25.00_logk-1.188889.png,pressure,5800,25,0.06473083,-1.18888882427963,0,7762026,860,0,0,generated
777,dabashenliu_run_777\particle_positions_150000.csv,noise_0pct\c5800_phi25.00_logk-0.966667.png,pressure,5800,25,0.10797753,-0.966666611293739,0,7772026,860,0,0,generated
778,dabashenliu_run_778\particle_positions_150000.csv,noise_0pct\c5800_phi25.00_logk-0.744444.png,pressure,5800,25,0.18011737,-0.744444403052799,0,7782026,860,0,0,generated
779,dabashenliu_run_779\particle_positions_150000.csv,noise_0pct\c5800_phi25.00_logk-0.522222.png,pressure,5800,25,0.30045387,-0.522222197678965,0,7792026,860,0,273,generated
780,dabashenliu_run_780\particle_positions_150000.csv,noise_0pct\c5800_phi25.00_logk-0.300000.png,pressure,5800,25,0.50118726,-0.299999977147204,0,7802026,860,0,348,generated
781,dabashenliu_run_781\particle_positions_150000.csv,noise_0pct\c5800_phi26.00_logk-2.300000.png,pressure,5800,26,0.0050118724,-2.29999999447783,0,7812026,860,0,0,generated
782,dabashenliu_run_782\particle_positions_150000.csv,noise_0pct\c5800_phi26.00_logk-2.077778.png,pressure,5800,26,0.0083603095,-2.07777764461193,0,7822026,860,0,0,generated
783,dabashenliu_run_783\particle_positions_150000.csv,noise_0pct\c5800_phi26.00_logk-1.855556.png,pressure,5800,26,0.013945831,-1.85555560201739,0,7832026,860,0,0,generated
784,dabashenliu_run_784\particle_positions_150000.csv,noise_0pct\c5800_phi26.00_logk-1.633333.png,pressure,5800,26,0.023263052,-1.63333330853244,0,7842026,860,0,0,generated
785,dabashenliu_run_785\particle_positions_150000.csv,noise_0pct\c5800_phi26.00_logk-1.411111.png,pressure,5800,26,0.038805105,-1.41111113709934,0,7852026,860,0,0,generated
786,dabashenliu_run_786\particle_positions_150000.csv,noise_0pct\c5800_phi26.00_logk-1.188889.png,pressure,5800,26,0.06473083,-1.18888882427963,0,7862026,860,0,0,generated
787,dabashenliu_run_787\particle_positions_150000.csv,noise_0pct\c5800_phi26.00_logk-0.966667.png,pressure,5800,26,0.10797753,-0.966666611293739,0,7872026,860,0,66,generated
788,dabashenliu_run_788\particle_positions_150000.csv,noise_0pct\c5800_phi26.00_logk-0.744444.png,pressure,5800,26,0.18011737,-0.744444403052799,0,7882026,860,0,171,generated
789,dabashenliu_run_789\particle_positions_150000.csv,noise_0pct\c5800_phi26.00_logk-0.522222.png,pressure,5800,26,0.30045387,-0.522222197678965,0,7892026,860,0,95,generated
790,dabashenliu_run_790\particle_positions_150000.csv,noise_0pct\c5800_phi26.00_logk-0.300000.png,pressure,5800,26,0.50118726,-0.299999977147204,0,7902026,860,0,922,generated
791,dabashenliu_run_791\particle_positions_150000.csv,noise_0pct\c5800_phi27.00_logk-2.300000.png,pressure,5800,27,0.0050118724,-2.29999999447783,0,7912026,860,0,0,generated
792,dabashenliu_run_792\particle_positions_150000.csv,noise_0pct\c5800_phi27.00_logk-2.077778.png,pressure,5800,27,0.0083603095,-2.07777764461193,0,7922026,860,0,0,generated
793,dabashenliu_run_793\particle_positions_150000.csv,noise_0pct\c5800_phi27.00_logk-1.855556.png,pressure,5800,27,0.013945831,-1.85555560201739,0,7932026,860,0,0,generated
794,dabashenliu_run_794\particle_positions_150000.csv,noise_0pct\c5800_phi27.00_logk-1.633333.png,pressure,5800,27,0.023263052,-1.63333330853244,0,7942026,860,0,0,generated
795,dabashenliu_run_795\particle_positions_150000.csv,noise_0pct\c5800_phi27.00_logk-1.411111.png,pressure,5800,27,0.038805105,-1.41111113709934,0,7952026,860,0,0,generated
796,dabashenliu_run_796\particle_positions_150000.csv,noise_0pct\c5800_phi27.00_logk-1.188889.png,pressure,5800,27,0.06473083,-1.18888882427963,0,7962026,860,0,0,generated
797,dabashenliu_run_797\particle_positions_150000.csv,noise_0pct\c5800_phi27.00_logk-0.966667.png,pressure,5800,27,0.10797753,-0.966666611293739,0,7972026,860,0,0,generated
798,dabashenliu_run_798\particle_positions_150000.csv,noise_0pct\c5800_phi27.00_logk-0.744444.png,pressure,5800,27,0.18011737,-0.744444403052799,0,7982026,860,0,13,generated
799,dabashenliu_run_799\particle_positions_150000.csv,noise_0pct\c5800_phi27.00_logk-0.522222.png,pressure,5800,27,0.30045387,-0.522222197678965,0,7992026,860,0,88,generated
800,dabashenliu_run_800\particle_positions_150000.csv,noise_0pct\c5800_phi27.00_logk-0.300000.png,pressure,5800,27,0.50118726,-0.299999977147204,0,8002026,860,0,112,generated
801,dabashenliu_run_801\particle_positions_150000.csv,noise_0pct\c6200_phi18.00_logk-2.300000.png,pressure,6200,18,0.0050118724,-2.29999999447783,0,8012026,860,0,0,generated
802,dabashenliu_run_802\particle_positions_150000.csv,noise_0pct\c6200_phi18.00_logk-2.077778.png,pressure,6200,18,0.0083603095,-2.07777764461193,0,8022026,860,0,0,generated
803,dabashenliu_run_803\particle_positions_150000.csv,noise_0pct\c6200_phi18.00_logk-1.855556.png,pressure,6200,18,0.013945831,-1.85555560201739,0,8032026,860,0,0,generated
804,dabashenliu_run_804\particle_positions_150000.csv,noise_0pct\c6200_phi18.00_logk-1.633333.png,pressure,6200,18,0.023263052,-1.63333330853244,0,8042026,860,0,0,generated
805,dabashenliu_run_805\particle_positions_150000.csv,noise_0pct\c6200_phi18.00_logk-1.411111.png,pressure,6200,18,0.038805105,-1.41111113709934,0,8052026,860,0,0,generated
806,dabashenliu_run_806\particle_positions_150000.csv,noise_0pct\c6200_phi18.00_logk-1.188889.png,pressure,6200,18,0.06473083,-1.18888882427963,0,8062026,860,0,0,generated
807,dabashenliu_run_807\particle_positions_150000.csv,noise_0pct\c6200_phi18.00_logk-0.966667.png,pressure,6200,18,0.10797753,-0.966666611293739,0,8072026,860,0,5,generated
808,dabashenliu_run_808\particle_positions_150000.csv,noise_0pct\c6200_phi18.00_logk-0.744444.png,pressure,6200,18,0.18011737,-0.744444403052799,0,8082026,860,0,144,generated
809,dabashenliu_run_809\particle_positions_150000.csv,noise_0pct\c6200_phi18.00_logk-0.522222.png,pressure,6200,18,0.30045387,-0.522222197678965,0,8092026,860,0,23,generated
810,dabashenliu_run_810\particle_positions_150000.csv,noise_0pct\c6200_phi18.00_logk-0.300000.png,pressure,6200,18,0.50118726,-0.299999977147204,0,8102026,860,0,256,generated
811,dabashenliu_run_811\particle_positions_150000.csv,noise_0pct\c6200_phi19.00_logk-2.300000.png,pressure,6200,19,0.0050118724,-2.29999999447783,0,8112026,860,0,0,generated
812,dabashenliu_run_812\particle_positions_150000.csv,noise_0pct\c6200_phi19.00_logk-2.077778.png,pressure,6200,19,0.0083603095,-2.07777764461193,0,8122026,860,0,0,generated
813,dabashenliu_run_813\particle_positions_150000.csv,noise_0pct\c6200_phi19.00_logk-1.855556.png,pressure,6200,19,0.013945831,-1.85555560201739,0,8132026,860,0,0,generated
814,dabashenliu_run_814\particle_positions_150000.csv,noise_0pct\c6200_phi19.00_logk-1.633333.png,pressure,6200,19,0.023263052,-1.63333330853244,0,8142026,860,0,0,generated
815,dabashenliu_run_815\particle_positions_150000.csv,noise_0pct\c6200_phi19.00_logk-1.411111.png,pressure,6200,19,0.038805105,-1.41111113709934,0,8152026,860,0,0,generated
816,dabashenliu_run_816\particle_positions_150000.csv,noise_0pct\c6200_phi19.00_logk-1.188889.png,pressure,6200,19,0.06473083,-1.18888882427963,0,8162026,860,0,0,generated
817,dabashenliu_run_817\particle_positions_150000.csv,noise_0pct\c6200_phi19.00_logk-0.966667.png,pressure,6200,19,0.10797753,-0.966666611293739,0,8172026,860,0,0,generated
818,dabashenliu_run_818\particle_positions_150000.csv,noise_0pct\c6200_phi19.00_logk-0.744444.png,pressure,6200,19,0.18011737,-0.744444403052799,0,8182026,860,0,0,generated
819,dabashenliu_run_819\particle_positions_150000.csv,noise_0pct\c6200_phi19.00_logk-0.522222.png,pressure,6200,19,0.30045387,-0.522222197678965,0,8192026,860,0,222,generated
820,dabashenliu_run_820\particle_positions_150000.csv,noise_0pct\c6200_phi19.00_logk-0.300000.png,pressure,6200,19,0.50118726,-0.299999977147204,0,8202026,860,0,203,generated
821,dabashenliu_run_821\particle_positions_150000.csv,noise_0pct\c6200_phi20.00_logk-2.300000.png,pressure,6200,20,0.0050118724,-2.29999999447783,0,8212026,860,0,0,generated
822,dabashenliu_run_822\particle_positions_150000.csv,noise_0pct\c6200_phi20.00_logk-2.077778.png,pressure,6200,20,0.0083603095,-2.07777764461193,0,8222026,860,0,0,generated
823,dabashenliu_run_823\particle_positions_150000.csv,noise_0pct\c6200_phi20.00_logk-1.855556.png,pressure,6200,20,0.013945831,-1.85555560201739,0,8232026,860,0,0,generated
824,dabashenliu_run_824\particle_positions_150000.csv,noise_0pct\c6200_phi20.00_logk-1.633333.png,pressure,6200,20,0.023263052,-1.63333330853244,0,8242026,860,0,0,generated
825,dabashenliu_run_825\particle_positions_150000.csv,noise_0pct\c6200_phi20.00_logk-1.411111.png,pressure,6200,20,0.038805105,-1.41111113709934,0,8252026,860,0,0,generated
826,dabashenliu_run_826\particle_positions_150000.csv,noise_0pct\c6200_phi20.00_logk-1.188889.png,pressure,6200,20,0.06473083,-1.18888882427963,0,8262026,860,0,0,generated
827,dabashenliu_run_827\particle_positions_150000.csv,noise_0pct\c6200_phi20.00_logk-0.966667.png,pressure,6200,20,0.10797753,-0.966666611293739,0,8272026,860,0,1,generated
828,dabashenliu_run_828\particle_positions_150000.csv,noise_0pct\c6200_phi20.00_logk-0.744444.png,pressure,6200,20,0.18011737,-0.744444403052799,0,8282026,860,0,42,generated
829,dabashenliu_run_829\particle_positions_150000.csv,noise_0pct\c6200_phi20.00_logk-0.522222.png,pressure,6200,20,0.30045387,-0.522222197678965,0,8292026,860,0,338,generated
830,dabashenliu_run_830\particle_positions_150000.csv,noise_0pct\c6200_phi20.00_logk-0.300000.png,pressure,6200,20,0.50118726,-0.299999977147204,0,8302026,860,0,466,generated
831,dabashenliu_run_831\particle_positions_150000.csv,noise_0pct\c6200_phi21.00_logk-2.300000.png,pressure,6200,21,0.0050118724,-2.29999999447783,0,8312026,860,0,0,generated
832,dabashenliu_run_832\particle_positions_150000.csv,noise_0pct\c6200_phi21.00_logk-2.077778.png,pressure,6200,21,0.0083603095,-2.07777764461193,0,8322026,860,0,0,generated
833,dabashenliu_run_833\particle_positions_150000.csv,noise_0pct\c6200_phi21.00_logk-1.855556.png,pressure,6200,21,0.013945831,-1.85555560201739,0,8332026,860,0,0,generated
834,dabashenliu_run_834\particle_positions_150000.csv,noise_0pct\c6200_phi21.00_logk-1.633333.png,pressure,6200,21,0.023263052,-1.63333330853244,0,8342026,860,0,0,generated
835,dabashenliu_run_835\particle_positions_150000.csv,noise_0pct\c6200_phi21.00_logk-1.411111.png,pressure,6200,21,0.038805105,-1.41111113709934,0,8352026,860,0,0,generated
836,dabashenliu_run_836\particle_positions_150000.csv,noise_0pct\c6200_phi21.00_logk-1.188889.png,pressure,6200,21,0.06473083,-1.18888882427963,0,8362026,860,0,0,generated
837,dabashenliu_run_837\particle_positions_150000.csv,noise_0pct\c6200_phi21.00_logk-0.966667.png,pressure,6200,21,0.10797753,-0.966666611293739,0,8372026,860,0,5,generated
838,dabashenliu_run_838\particle_positions_150000.csv,noise_0pct\c6200_phi21.00_logk-0.744444.png,pressure,6200,21,0.18011737,-0.744444403052799,0,8382026,860,0,32,generated
839,dabashenliu_run_839\particle_positions_150000.csv,noise_0pct\c6200_phi21.00_logk-0.522222.png,pressure,6200,21,0.30045387,-0.522222197678965,0,8392026,860,0,360,generated
840,dabashenliu_run_840\particle_positions_150000.csv,noise_0pct\c6200_phi21.00_logk-0.300000.png,pressure,6200,21,0.50118726,-0.299999977147204,0,8402026,860,0,367,generated
841,dabashenliu_run_841\particle_positions_150000.csv,noise_0pct\c6200_phi22.00_logk-2.300000.png,pressure,6200,22,0.0050118724,-2.29999999447783,0,8412026,860,0,0,generated
842,dabashenliu_run_842\particle_positions_150000.csv,noise_0pct\c6200_phi22.00_logk-2.077778.png,pressure,6200,22,0.0083603095,-2.07777764461193,0,8422026,860,0,0,generated
843,dabashenliu_run_843\particle_positions_150000.csv,noise_0pct\c6200_phi22.00_logk-1.855556.png,pressure,6200,22,0.013945831,-1.85555560201739,0,8432026,860,0,0,generated
844,dabashenliu_run_844\particle_positions_150000.csv,noise_0pct\c6200_phi22.00_logk-1.633333.png,pressure,6200,22,0.023263052,-1.63333330853244,0,8442026,860,0,0,generated
845,dabashenliu_run_845\particle_positions_150000.csv,noise_0pct\c6200_phi22.00_logk-1.411111.png,pressure,6200,22,0.038805105,-1.41111113709934,0,8452026,860,0,0,generated
846,dabashenliu_run_846\particle_positions_150000.csv,noise_0pct\c6200_phi22.00_logk-1.188889.png,pressure,6200,22,0.06473083,-1.18888882427963,0,8462026,860,0,0,generated
847,dabashenliu_run_847\particle_positions_150000.csv,noise_0pct\c6200_phi22.00_logk-0.966667.png,pressure,6200,22,0.10797753,-0.966666611293739,0,8472026,860,0,7,generated
848,dabashenliu_run_848\particle_positions_150000.csv,noise_0pct\c6200_phi22.00_logk-0.744444.png,pressure,6200,22,0.18011737,-0.744444403052799,0,8482026,860,0,142,generated
849,dabashenliu_run_849\particle_positions_150000.csv,noise_0pct\c6200_phi22.00_logk-0.522222.png,pressure,6200,22,0.30045387,-0.522222197678965,0,8492026,860,0,28,generated
850,dabashenliu_run_850\particle_positions_150000.csv,noise_0pct\c6200_phi22.00_logk-0.300000.png,pressure,6200,22,0.50118726,-0.299999977147204,0,8502026,860,0,510,generated
851,dabashenliu_run_851\particle_positions_150000.csv,noise_0pct\c6200_phi23.00_logk-2.300000.png,pressure,6200,23,0.0050118724,-2.29999999447783,0,8512026,860,0,0,generated
852,dabashenliu_run_852\particle_positions_150000.csv,noise_0pct\c6200_phi23.00_logk-2.077778.png,pressure,6200,23,0.0083603095,-2.07777764461193,0,8522026,860,0,0,generated
853,dabashenliu_run_853\particle_positions_150000.csv,noise_0pct\c6200_phi23.00_logk-1.855556.png,pressure,6200,23,0.013945831,-1.85555560201739,0,8532026,860,0,0,generated
854,dabashenliu_run_854\particle_positions_150000.csv,noise_0pct\c6200_phi23.00_logk-1.633333.png,pressure,6200,23,0.023263052,-1.63333330853244,0,8542026,860,0,0,generated
855,dabashenliu_run_855\particle_positions_150000.csv,noise_0pct\c6200_phi23.00_logk-1.411111.png,pressure,6200,23,0.038805105,-1.41111113709934,0,8552026,860,0,0,generated
856,dabashenliu_run_856\particle_positions_150000.csv,noise_0pct\c6200_phi23.00_logk-1.188889.png,pressure,6200,23,0.06473083,-1.18888882427963,0,8562026,860,0,0,generated
857,dabashenliu_run_857\particle_positions_150000.csv,noise_0pct\c6200_phi23.00_logk-0.966667.png,pressure,6200,23,0.10797753,-0.966666611293739,0,8572026,860,0,0,generated
858,dabashenliu_run_858\particle_positions_150000.csv,noise_0pct\c6200_phi23.00_logk-0.744444.png,pressure,6200,23,0.18011737,-0.744444403052799,0,8582026,860,0,0,generated
859,dabashenliu_run_859\particle_positions_150000.csv,noise_0pct\c6200_phi23.00_logk-0.522222.png,pressure,6200,23,0.30045387,-0.522222197678965,0,8592026,860,0,54,generated
860,dabashenliu_run_860\particle_positions_150000.csv,noise_0pct\c6200_phi23.00_logk-0.300000.png,pressure,6200,23,0.50118726,-0.299999977147204,0,8602026,860,0,408,generated
861,dabashenliu_run_861\particle_positions_150000.csv,noise_0pct\c6200_phi24.00_logk-2.300000.png,pressure,6200,24,0.0050118724,-2.29999999447783,0,8612026,860,0,0,generated
862,dabashenliu_run_862\particle_positions_150000.csv,noise_0pct\c6200_phi24.00_logk-2.077778.png,pressure,6200,24,0.0083603095,-2.07777764461193,0,8622026,860,0,0,generated
863,dabashenliu_run_863\particle_positions_150000.csv,noise_0pct\c6200_phi24.00_logk-1.855556.png,pressure,6200,24,0.013945831,-1.85555560201739,0,8632026,860,0,0,generated
864,dabashenliu_run_864\particle_positions_150000.csv,noise_0pct\c6200_phi24.00_logk-1.633333.png,pressure,6200,24,0.023263052,-1.63333330853244,0,8642026,860,0,0,generated
865,dabashenliu_run_865\particle_positions_150000.csv,noise_0pct\c6200_phi24.00_logk-1.411111.png,pressure,6200,24,0.038805105,-1.41111113709934,0,8652026,860,0,0,generated
866,dabashenliu_run_866\particle_positions_150000.csv,noise_0pct\c6200_phi24.00_logk-1.188889.png,pressure,6200,24,0.06473083,-1.18888882427963,0,8662026,860,0,0,generated
867,dabashenliu_run_867\particle_positions_150000.csv,noise_0pct\c6200_phi24.00_logk-0.966667.png,pressure,6200,24,0.10797753,-0.966666611293739,0,8672026,860,0,0,generated
868,dabashenliu_run_868\particle_positions_150000.csv,noise_0pct\c6200_phi24.00_logk-0.744444.png,pressure,6200,24,0.18011737,-0.744444403052799,0,8682026,860,0,156,generated
869,dabashenliu_run_869\particle_positions_150000.csv,noise_0pct\c6200_phi24.00_logk-0.522222.png,pressure,6200,24,0.30045387,-0.522222197678965,0,8692026,860,0,112,generated
870,dabashenliu_run_870\particle_positions_150000.csv,noise_0pct\c6200_phi24.00_logk-0.300000.png,pressure,6200,24,0.50118726,-0.299999977147204,0,8702026,860,0,406,generated
871,dabashenliu_run_871\particle_positions_150000.csv,noise_0pct\c6200_phi25.00_logk-2.300000.png,pressure,6200,25,0.0050118724,-2.29999999447783,0,8712026,860,0,0,generated
872,dabashenliu_run_872\particle_positions_150000.csv,noise_0pct\c6200_phi25.00_logk-2.077778.png,pressure,6200,25,0.0083603095,-2.07777764461193,0,8722026,860,0,0,generated
873,dabashenliu_run_873\particle_positions_150000.csv,noise_0pct\c6200_phi25.00_logk-1.855556.png,pressure,6200,25,0.013945831,-1.85555560201739,0,8732026,860,0,0,generated
874,dabashenliu_run_874\particle_positions_150000.csv,noise_0pct\c6200_phi25.00_logk-1.633333.png,pressure,6200,25,0.023263052,-1.63333330853244,0,8742026,860,0,0,generated
875,dabashenliu_run_875\particle_positions_150000.csv,noise_0pct\c6200_phi25.00_logk-1.411111.png,pressure,6200,25,0.038805105,-1.41111113709934,0,8752026,860,0,0,generated
876,dabashenliu_run_876\particle_positions_150000.csv,noise_0pct\c6200_phi25.00_logk-1.188889.png,pressure,6200,25,0.06473083,-1.18888882427963,0,8762026,860,0,0,generated
877,dabashenliu_run_877\particle_positions_150000.csv,noise_0pct\c6200_phi25.00_logk-0.966667.png,pressure,6200,25,0.10797753,-0.966666611293739,0,8772026,860,0,0,generated
878,dabashenliu_run_878\particle_positions_150000.csv,noise_0pct\c6200_phi25.00_logk-0.744444.png,pressure,6200,25,0.18011737,-0.744444403052799,0,8782026,860,0,84,generated
879,dabashenliu_run_879\particle_positions_150000.csv,noise_0pct\c6200_phi25.00_logk-0.522222.png,pressure,6200,25,0.30045387,-0.522222197678965,0,8792026,860,0,16,generated
880,dabashenliu_run_880\particle_positions_150000.csv,noise_0pct\c6200_phi25.00_logk-0.300000.png,pressure,6200,25,0.50118726,-0.299999977147204,0,8802026,860,0,398,generated
881,dabashenliu_run_881\particle_positions_150000.csv,noise_0pct\c6200_phi26.00_logk-2.300000.png,pressure,6200,26,0.0050118724,-2.29999999447783,0,8812026,860,0,0,generated
882,dabashenliu_run_882\particle_positions_150000.csv,noise_0pct\c6200_phi26.00_logk-2.077778.png,pressure,6200,26,0.0083603095,-2.07777764461193,0,8822026,860,0,0,generated
883,dabashenliu_run_883\particle_positions_150000.csv,noise_0pct\c6200_phi26.00_logk-1.855556.png,pressure,6200,26,0.013945831,-1.85555560201739,0,8832026,860,0,0,generated
884,dabashenliu_run_884\particle_positions_150000.csv,noise_0pct\c6200_phi26.00_logk-1.633333.png,pressure,6200,26,0.023263052,-1.63333330853244,0,8842026,860,0,0,generated
885,dabashenliu_run_885\particle_positions_150000.csv,noise_0pct\c6200_phi26.00_logk-1.411111.png,pressure,6200,26,0.038805105,-1.41111113709934,0,8852026,860,0,0,generated
886,dabashenliu_run_886\particle_positions_150000.csv,noise_0pct\c6200_phi26.00_logk-1.188889.png,pressure,6200,26,0.06473083,-1.18888882427963,0,8862026,860,0,3,generated
887,dabashenliu_run_887\particle_positions_150000.csv,noise_0pct\c6200_phi26.00_logk-0.966667.png,pressure,6200,26,0.10797753,-0.966666611293739,0,8872026,860,0,0,generated
888,dabashenliu_run_888\particle_positions_150000.csv,noise_0pct\c6200_phi26.00_logk-0.744444.png,pressure,6200,26,0.18011737,-0.744444403052799,0,8882026,860,0,0,generated
889,dabashenliu_run_889\particle_positions_150000.csv,noise_0pct\c6200_phi26.00_logk-0.522222.png,pressure,6200,26,0.30045387,-0.522222197678965,0,8892026,860,0,81,generated
890,dabashenliu_run_890\particle_positions_150000.csv,noise_0pct\c6200_phi26.00_logk-0.300000.png,pressure,6200,26,0.50118726,-0.299999977147204,0,8902026,860,0,39,generated
891,dabashenliu_run_891\particle_positions_150000.csv,noise_0pct\c6200_phi27.00_logk-2.300000.png,pressure,6200,27,0.0050118724,-2.29999999447783,0,8912026,860,0,0,generated
892,dabashenliu_run_892\particle_positions_150000.csv,noise_0pct\c6200_phi27.00_logk-2.077778.png,pressure,6200,27,0.0083603095,-2.07777764461193,0,8922026,860,0,0,generated
893,dabashenliu_run_893\particle_positions_150000.csv,noise_0pct\c6200_phi27.00_logk-1.855556.png,pressure,6200,27,0.013945831,-1.85555560201739,0,8932026,860,0,0,generated
894,dabashenliu_run_894\particle_positions_150000.csv,noise_0pct\c6200_phi27.00_logk-1.633333.png,pressure,6200,27,0.023263052,-1.63333330853244,0,8942026,860,0,0,generated
895,dabashenliu_run_895\particle_positions_150000.csv,noise_0pct\c6200_phi27.00_logk-1.411111.png,pressure,6200,27,0.038805105,-1.41111113709934,0,8952026,860,0,0,generated
896,dabashenliu_run_896\particle_positions_150000.csv,noise_0pct\c6200_phi27.00_logk-1.188889.png,pressure,6200,27,0.06473083,-1.18888882427963,0,8962026,860,0,0,generated
897,dabashenliu_run_897\particle_positions_150000.csv,noise_0pct\c6200_phi27.00_logk-0.966667.png,pressure,6200,27,0.10797753,-0.966666611293739,0,8972026,860,0,0,generated
898,dabashenliu_run_898\particle_positions_150000.csv,noise_0pct\c6200_phi27.00_logk-0.744444.png,pressure,6200,27,0.18011737,-0.744444403052799,0,8982026,860,0,27,generated
899,dabashenliu_run_899\particle_positions_150000.csv,noise_0pct\c6200_phi27.00_logk-0.522222.png,pressure,6200,27,0.30045387,-0.522222197678965,0,8992026,860,0,241,generated
900,dabashenliu_run_900\particle_positions_150000.csv,noise_0pct\c6200_phi27.00_logk-0.300000.png,pressure,6200,27,0.50118726,-0.299999977147204,0,9002026,860,0,240,generated
901,dabashenliu_run_901\particle_positions_150000.csv,noise_0pct\c6600_phi18.00_logk-2.300000.png,pressure,6600,18,0.0050118724,-2.29999999447783,0,9012026,860,0,0,generated
902,dabashenliu_run_902\particle_positions_150000.csv,noise_0pct\c6600_phi18.00_logk-2.077778.png,pressure,6600,18,0.0083603095,-2.07777764461193,0,9022026,860,0,0,generated
903,dabashenliu_run_903\particle_positions_150000.csv,noise_0pct\c6600_phi18.00_logk-1.855556.png,pressure,6600,18,0.013945831,-1.85555560201739,0,9032026,860,0,0,generated
904,dabashenliu_run_904\particle_positions_150000.csv,noise_0pct\c6600_phi18.00_logk-1.633333.png,pressure,6600,18,0.023263052,-1.63333330853244,0,9042026,860,0,0,generated
905,dabashenliu_run_905\particle_positions_150000.csv,noise_0pct\c6600_phi18.00_logk-1.411111.png,pressure,6600,18,0.038805105,-1.41111113709934,0,9052026,860,0,0,generated
906,dabashenliu_run_906\particle_positions_150000.csv,noise_0pct\c6600_phi18.00_logk-1.188889.png,pressure,6600,18,0.06473083,-1.18888882427963,0,9062026,860,0,2,generated
907,dabashenliu_run_907\particle_positions_150000.csv,noise_0pct\c6600_phi18.00_logk-0.966667.png,pressure,6600,18,0.10797753,-0.966666611293739,0,9072026,860,0,55,generated
908,dabashenliu_run_908\particle_positions_150000.csv,noise_0pct\c6600_phi18.00_logk-0.744444.png,pressure,6600,18,0.18011737,-0.744444403052799,0,9082026,860,0,0,generated
909,dabashenliu_run_909\particle_positions_150000.csv,noise_0pct\c6600_phi18.00_logk-0.522222.png,pressure,6600,18,0.30045387,-0.522222197678965,0,9092026,860,0,270,generated
910,dabashenliu_run_910\particle_positions_150000.csv,noise_0pct\c6600_phi18.00_logk-0.300000.png,pressure,6600,18,0.50118726,-0.299999977147204,0,9102026,860,0,169,generated
911,dabashenliu_run_911\particle_positions_150000.csv,noise_0pct\c6600_phi19.00_logk-2.300000.png,pressure,6600,19,0.0050118724,-2.29999999447783,0,9112026,860,0,0,generated
912,dabashenliu_run_912\particle_positions_150000.csv,noise_0pct\c6600_phi19.00_logk-2.077778.png,pressure,6600,19,0.0083603095,-2.07777764461193,0,9122026,860,0,0,generated
913,dabashenliu_run_913\particle_positions_150000.csv,noise_0pct\c6600_phi19.00_logk-1.855556.png,pressure,6600,19,0.013945831,-1.85555560201739,0,9132026,860,0,0,generated
914,dabashenliu_run_914\particle_positions_150000.csv,noise_0pct\c6600_phi19.00_logk-1.633333.png,pressure,6600,19,0.023263052,-1.63333330853244,0,9142026,860,0,0,generated
915,dabashenliu_run_915\particle_positions_150000.csv,noise_0pct\c6600_phi19.00_logk-1.411111.png,pressure,6600,19,0.038805105,-1.41111113709934,0,9152026,860,0,0,generated
916,dabashenliu_run_916\particle_positions_150000.csv,noise_0pct\c6600_phi19.00_logk-1.188889.png,pressure,6600,19,0.06473083,-1.18888882427963,0,9162026,860,0,0,generated
917,dabashenliu_run_917\particle_positions_150000.csv,noise_0pct\c6600_phi19.00_logk-0.966667.png,pressure,6600,19,0.10797753,-0.966666611293739,0,9172026,860,0,0,generated
918,dabashenliu_run_918\particle_positions_150000.csv,noise_0pct\c6600_phi19.00_logk-0.744444.png,pressure,6600,19,0.18011737,-0.744444403052799,0,9182026,860,0,202,generated
919,dabashenliu_run_919\particle_positions_150000.csv,noise_0pct\c6600_phi19.00_logk-0.522222.png,pressure,6600,19,0.30045387,-0.522222197678965,0,9192026,860,0,105,generated
920,dabashenliu_run_920\particle_positions_150000.csv,noise_0pct\c6600_phi19.00_logk-0.300000.png,pressure,6600,19,0.50118726,-0.299999977147204,0,9202026,860,0,251,generated
921,dabashenliu_run_921\particle_positions_150000.csv,noise_0pct\c6600_phi20.00_logk-2.300000.png,pressure,6600,20,0.0050118724,-2.29999999447783,0,9212026,860,0,0,generated
922,dabashenliu_run_922\particle_positions_150000.csv,noise_0pct\c6600_phi20.00_logk-2.077778.png,pressure,6600,20,0.0083603095,-2.07777764461193,0,9222026,860,0,0,generated
923,dabashenliu_run_923\particle_positions_150000.csv,noise_0pct\c6600_phi20.00_logk-1.855556.png,pressure,6600,20,0.013945831,-1.85555560201739,0,9232026,860,0,0,generated
924,dabashenliu_run_924\particle_positions_150000.csv,noise_0pct\c6600_phi20.00_logk-1.633333.png,pressure,6600,20,0.023263052,-1.63333330853244,0,9242026,860,0,0,generated
925,dabashenliu_run_925\particle_positions_150000.csv,noise_0pct\c6600_phi20.00_logk-1.411111.png,pressure,6600,20,0.038805105,-1.41111113709934,0,9252026,860,0,0,generated
926,dabashenliu_run_926\particle_positions_150000.csv,noise_0pct\c6600_phi20.00_logk-1.188889.png,pressure,6600,20,0.06473083,-1.18888882427963,0,9262026,860,0,0,generated
927,dabashenliu_run_927\particle_positions_150000.csv,noise_0pct\c6600_phi20.00_logk-0.966667.png,pressure,6600,20,0.10797753,-0.966666611293739,0,9272026,860,0,0,generated
928,dabashenliu_run_928\particle_positions_150000.csv,noise_0pct\c6600_phi20.00_logk-0.744444.png,pressure,6600,20,0.18011737,-0.744444403052799,0,9282026,860,0,0,generated
929,dabashenliu_run_929\particle_positions_150000.csv,noise_0pct\c6600_phi20.00_logk-0.522222.png,pressure,6600,20,0.30045387,-0.522222197678965,0,9292026,860,0,0,generated
930,dabashenliu_run_930\particle_positions_150000.csv,noise_0pct\c6600_phi20.00_logk-0.300000.png,pressure,6600,20,0.50118726,-0.299999977147204,0,9302026,860,0,449,generated
931,dabashenliu_run_931\particle_positions_150000.csv,noise_0pct\c6600_phi21.00_logk-2.300000.png,pressure,6600,21,0.0050118724,-2.29999999447783,0,9312026,860,0,0,generated
932,dabashenliu_run_932\particle_positions_150000.csv,noise_0pct\c6600_phi21.00_logk-2.077778.png,pressure,6600,21,0.0083603095,-2.07777764461193,0,9322026,860,0,0,generated
933,dabashenliu_run_933\particle_positions_150000.csv,noise_0pct\c6600_phi21.00_logk-1.855556.png,pressure,6600,21,0.013945831,-1.85555560201739,0,9332026,860,0,0,generated
934,dabashenliu_run_934\particle_positions_150000.csv,noise_0pct\c6600_phi21.00_logk-1.633333.png,pressure,6600,21,0.023263052,-1.63333330853244,0,9342026,860,0,0,generated
935,dabashenliu_run_935\particle_positions_150000.csv,noise_0pct\c6600_phi21.00_logk-1.411111.png,pressure,6600,21,0.038805105,-1.41111113709934,0,9352026,860,0,0,generated
936,dabashenliu_run_936\particle_positions_150000.csv,noise_0pct\c6600_phi21.00_logk-1.188889.png,pressure,6600,21,0.06473083,-1.18888882427963,0,9362026,860,0,0,generated
937,dabashenliu_run_937\particle_positions_150000.csv,noise_0pct\c6600_phi21.00_logk-0.966667.png,pressure,6600,21,0.10797753,-0.966666611293739,0,9372026,860,0,0,generated
938,dabashenliu_run_938\particle_positions_150000.csv,noise_0pct\c6600_phi21.00_logk-0.744444.png,pressure,6600,21,0.18011737,-0.744444403052799,0,9382026,860,0,0,generated
939,dabashenliu_run_939\particle_positions_150000.csv,noise_0pct\c6600_phi21.00_logk-0.522222.png,pressure,6600,21,0.30045387,-0.522222197678965,0,9392026,860,0,253,generated
940,dabashenliu_run_940\particle_positions_150000.csv,noise_0pct\c6600_phi21.00_logk-0.300000.png,pressure,6600,21,0.50118726,-0.299999977147204,0,9402026,860,0,934,generated
941,dabashenliu_run_941\particle_positions_150000.csv,noise_0pct\c6600_phi22.00_logk-2.300000.png,pressure,6600,22,0.0050118724,-2.29999999447783,0,9412026,860,0,0,generated
942,dabashenliu_run_942\particle_positions_150000.csv,noise_0pct\c6600_phi22.00_logk-2.077778.png,pressure,6600,22,0.0083603095,-2.07777764461193,0,9422026,860,0,0,generated
943,dabashenliu_run_943\particle_positions_150000.csv,noise_0pct\c6600_phi22.00_logk-1.855556.png,pressure,6600,22,0.013945831,-1.85555560201739,0,9432026,860,0,0,generated
944,dabashenliu_run_944\particle_positions_150000.csv,noise_0pct\c6600_phi22.00_logk-1.633333.png,pressure,6600,22,0.023263052,-1.63333330853244,0,9442026,860,0,0,generated
945,dabashenliu_run_945\particle_positions_150000.csv,noise_0pct\c6600_phi22.00_logk-1.411111.png,pressure,6600,22,0.038805105,-1.41111113709934,0,9452026,860,0,0,generated
946,dabashenliu_run_946\particle_positions_150000.csv,noise_0pct\c6600_phi22.00_logk-1.188889.png,pressure,6600,22,0.06473083,-1.18888882427963,0,9462026,860,0,0,generated
947,dabashenliu_run_947\particle_positions_150000.csv,noise_0pct\c6600_phi22.00_logk-0.966667.png,pressure,6600,22,0.10797753,-0.966666611293739,0,9472026,860,0,62,generated
948,dabashenliu_run_948\particle_positions_150000.csv,noise_0pct\c6600_phi22.00_logk-0.744444.png,pressure,6600,22,0.18011737,-0.744444403052799,0,9482026,860,0,13,generated
949,dabashenliu_run_949\particle_positions_150000.csv,noise_0pct\c6600_phi22.00_logk-0.522222.png,pressure,6600,22,0.30045387,-0.522222197678965,0,9492026,860,0,18,generated
950,dabashenliu_run_950\particle_positions_150000.csv,noise_0pct\c6600_phi22.00_logk-0.300000.png,pressure,6600,22,0.50118726,-0.299999977147204,0,9502026,860,0,36,generated
951,dabashenliu_run_951\particle_positions_150000.csv,noise_0pct\c6600_phi23.00_logk-2.300000.png,pressure,6600,23,0.0050118724,-2.29999999447783,0,9512026,860,0,0,generated
952,dabashenliu_run_952\particle_positions_150000.csv,noise_0pct\c6600_phi23.00_logk-2.077778.png,pressure,6600,23,0.0083603095,-2.07777764461193,0,9522026,860,0,0,generated
953,dabashenliu_run_953\particle_positions_150000.csv,noise_0pct\c6600_phi23.00_logk-1.855556.png,pressure,6600,23,0.013945831,-1.85555560201739,0,9532026,860,0,0,generated
954,dabashenliu_run_954\particle_positions_150000.csv,noise_0pct\c6600_phi23.00_logk-1.633333.png,pressure,6600,23,0.023263052,-1.63333330853244,0,9542026,860,0,0,generated
955,dabashenliu_run_955\particle_positions_150000.csv,noise_0pct\c6600_phi23.00_logk-1.411111.png,pressure,6600,23,0.038805105,-1.41111113709934,0,9552026,860,0,0,generated
956,dabashenliu_run_956\particle_positions_150000.csv,noise_0pct\c6600_phi23.00_logk-1.188889.png,pressure,6600,23,0.06473083,-1.18888882427963,0,9562026,860,0,0,generated
957,dabashenliu_run_957\particle_positions_150000.csv,noise_0pct\c6600_phi23.00_logk-0.966667.png,pressure,6600,23,0.10797753,-0.966666611293739,0,9572026,860,0,0,generated
958,dabashenliu_run_958\particle_positions_150000.csv,noise_0pct\c6600_phi23.00_logk-0.744444.png,pressure,6600,23,0.18011737,-0.744444403052799,0,9582026,860,0,27,generated
959,dabashenliu_run_959\particle_positions_150000.csv,noise_0pct\c6600_phi23.00_logk-0.522222.png,pressure,6600,23,0.30045387,-0.522222197678965,0,9592026,860,0,147,generated
960,dabashenliu_run_960\particle_positions_150000.csv,noise_0pct\c6600_phi23.00_logk-0.300000.png,pressure,6600,23,0.50118726,-0.299999977147204,0,9602026,860,0,148,generated
961,dabashenliu_run_961\particle_positions_150000.csv,noise_0pct\c6600_phi24.00_logk-2.300000.png,pressure,6600,24,0.0050118724,-2.29999999447783,0,9612026,860,0,0,generated
962,dabashenliu_run_962\particle_positions_150000.csv,noise_0pct\c6600_phi24.00_logk-2.077778.png,pressure,6600,24,0.0083603095,-2.07777764461193,0,9622026,860,0,0,generated
963,dabashenliu_run_963\particle_positions_150000.csv,noise_0pct\c6600_phi24.00_logk-1.855556.png,pressure,6600,24,0.013945831,-1.85555560201739,0,9632026,860,0,0,generated
964,dabashenliu_run_964\particle_positions_150000.csv,noise_0pct\c6600_phi24.00_logk-1.633333.png,pressure,6600,24,0.023263052,-1.63333330853244,0,9642026,860,0,0,generated
965,dabashenliu_run_965\particle_positions_150000.csv,noise_0pct\c6600_phi24.00_logk-1.411111.png,pressure,6600,24,0.038805105,-1.41111113709934,0,9652026,860,0,0,generated
966,dabashenliu_run_966\particle_positions_150000.csv,noise_0pct\c6600_phi24.00_logk-1.188889.png,pressure,6600,24,0.06473083,-1.18888882427963,0,9662026,860,0,0,generated
967,dabashenliu_run_967\particle_positions_150000.csv,noise_0pct\c6600_phi24.00_logk-0.966667.png,pressure,6600,24,0.10797753,-0.966666611293739,0,9672026,860,0,0,generated
968,dabashenliu_run_968\particle_positions_150000.csv,noise_0pct\c6600_phi24.00_logk-0.744444.png,pressure,6600,24,0.18011737,-0.744444403052799,0,9682026,860,0,50,generated
969,dabashenliu_run_969\particle_positions_150000.csv,noise_0pct\c6600_phi24.00_logk-0.522222.png,pressure,6600,24,0.30045387,-0.522222197678965,0,9692026,860,0,30,generated
970,dabashenliu_run_970\particle_positions_150000.csv,noise_0pct\c6600_phi24.00_logk-0.300000.png,pressure,6600,24,0.50118726,-0.299999977147204,0,9702026,860,0,397,generated
971,dabashenliu_run_971\particle_positions_150000.csv,noise_0pct\c6600_phi25.00_logk-2.300000.png,pressure,6600,25,0.0050118724,-2.29999999447783,0,9712026,860,0,0,generated
972,dabashenliu_run_972\particle_positions_150000.csv,noise_0pct\c6600_phi25.00_logk-2.077778.png,pressure,6600,25,0.0083603095,-2.07777764461193,0,9722026,860,0,0,generated
973,dabashenliu_run_973\particle_positions_150000.csv,noise_0pct\c6600_phi25.00_logk-1.855556.png,pressure,6600,25,0.013945831,-1.85555560201739,0,9732026,860,0,0,generated
974,dabashenliu_run_974\particle_positions_150000.csv,noise_0pct\c6600_phi25.00_logk-1.633333.png,pressure,6600,25,0.023263052,-1.63333330853244,0,9742026,860,0,0,generated
975,dabashenliu_run_975\particle_positions_150000.csv,noise_0pct\c6600_phi25.00_logk-1.411111.png,pressure,6600,25,0.038805105,-1.41111113709934,0,9752026,860,0,0,generated
976,dabashenliu_run_976\particle_positions_150000.csv,noise_0pct\c6600_phi25.00_logk-1.188889.png,pressure,6600,25,0.06473083,-1.18888882427963,0,9762026,860,0,1,generated
977,dabashenliu_run_977\particle_positions_150000.csv,noise_0pct\c6600_phi25.00_logk-0.966667.png,pressure,6600,25,0.10797753,-0.966666611293739,0,9772026,860,0,6,generated
978,dabashenliu_run_978\particle_positions_150000.csv,noise_0pct\c6600_phi25.00_logk-0.744444.png,pressure,6600,25,0.18011737,-0.744444403052799,0,9782026,860,0,1,generated
979,dabashenliu_run_979\particle_positions_150000.csv,noise_0pct\c6600_phi25.00_logk-0.522222.png,pressure,6600,25,0.30045387,-0.522222197678965,0,9792026,860,0,199,generated
980,dabashenliu_run_980\particle_positions_150000.csv,noise_0pct\c6600_phi25.00_logk-0.300000.png,pressure,6600,25,0.50118726,-0.299999977147204,0,9802026,860,0,471,generated
981,dabashenliu_run_981\particle_positions_150000.csv,noise_0pct\c6600_phi26.00_logk-2.300000.png,pressure,6600,26,0.0050118724,-2.29999999447783,0,9812026,860,0,0,generated
982,dabashenliu_run_982\particle_positions_150000.csv,noise_0pct\c6600_phi26.00_logk-2.077778.png,pressure,6600,26,0.0083603095,-2.07777764461193,0,9822026,860,0,0,generated
983,dabashenliu_run_983\particle_positions_150000.csv,noise_0pct\c6600_phi26.00_logk-1.855556.png,pressure,6600,26,0.013945831,-1.85555560201739,0,9832026,860,0,0,generated
984,dabashenliu_run_984\particle_positions_150000.csv,noise_0pct\c6600_phi26.00_logk-1.633333.png,pressure,6600,26,0.023263052,-1.63333330853244,0,9842026,860,0,0,generated
985,dabashenliu_run_985\particle_positions_150000.csv,noise_0pct\c6600_phi26.00_logk-1.411111.png,pressure,6600,26,0.038805105,-1.41111113709934,0,9852026,860,0,0,generated
986,dabashenliu_run_986\particle_positions_150000.csv,noise_0pct\c6600_phi26.00_logk-1.188889.png,pressure,6600,26,0.06473083,-1.18888882427963,0,9862026,860,0,0,generated
987,dabashenliu_run_987\particle_positions_150000.csv,noise_0pct\c6600_phi26.00_logk-0.966667.png,pressure,6600,26,0.10797753,-0.966666611293739,0,9872026,860,0,0,generated
988,dabashenliu_run_988\particle_positions_150000.csv,noise_0pct\c6600_phi26.00_logk-0.744444.png,pressure,6600,26,0.18011737,-0.744444403052799,0,9882026,860,0,64,generated
989,dabashenliu_run_989\particle_positions_150000.csv,noise_0pct\c6600_phi26.00_logk-0.522222.png,pressure,6600,26,0.30045387,-0.522222197678965,0,9892026,860,0,38,generated
990,dabashenliu_run_990\particle_positions_150000.csv,noise_0pct\c6600_phi26.00_logk-0.300000.png,pressure,6600,26,0.50118726,-0.299999977147204,0,9902026,860,0,949,generated
991,dabashenliu_run_991\particle_positions_150000.csv,noise_0pct\c6600_phi27.00_logk-2.300000.png,pressure,6600,27,0.0050118724,-2.29999999447783,0,9912026,860,0,0,generated
992,dabashenliu_run_992\particle_positions_150000.csv,noise_0pct\c6600_phi27.00_logk-2.077778.png,pressure,6600,27,0.0083603095,-2.07777764461193,0,9922026,860,0,0,generated
993,dabashenliu_run_993\particle_positions_150000.csv,noise_0pct\c6600_phi27.00_logk-1.855556.png,pressure,6600,27,0.013945831,-1.85555560201739,0,9932026,860,0,0,generated
994,dabashenliu_run_994\particle_positions_150000.csv,noise_0pct\c6600_phi27.00_logk-1.633333.png,pressure,6600,27,0.023263052,-1.63333330853244,0,9942026,860,0,0,generated
995,dabashenliu_run_995\particle_positions_150000.csv,noise_0pct\c6600_phi27.00_logk-1.411111.png,pressure,6600,27,0.038805105,-1.41111113709934,0,9952026,860,0,0,generated
996,dabashenliu_run_996\particle_positions_150000.csv,noise_0pct\c6600_phi27.00_logk-1.188889.png,pressure,6600,27,0.06473083,-1.18888882427963,0,9962026,860,0,0,generated
997,dabashenliu_run_997\particle_positions_150000.csv,noise_0pct\c6600_phi27.00_logk-0.966667.png,pressure,6600,27,0.10797753,-0.966666611293739,0,9972026,860,0,0,generated
998,dabashenliu_run_998\particle_positions_150000.csv,noise_0pct\c6600_phi27.00_logk-0.744444.png,pressure,6600,27,0.18011737,-0.744444403052799,0,9982026,860,0,15,generated
999,dabashenliu_run_999\particle_positions_150000.csv,noise_0pct\c6600_phi27.00_logk-0.522222.png,pressure,6600,27,0.30045387,-0.522222197678965,0,9992026,860,0,88,generated
1000,dabashenliu_run_1000\particle_positions_150000.csv,noise_0pct\c6600_phi27.00_logk-0.300000.png,pressure,6600,27,0.50118726,-0.299999977147204,0,10002026,860,0,243,generated
